istaigos_kodas;gydytojo_ID;laisvos_registracijos;iraso_sukurimo_data
124244754;10094817;2026-09-18 08:15;2026-09-11 03:00:48
124244754;10094817;2026-09-18 09:15;2026-09-11 03:00:48
124244754;10094817;2026-09-18 10:15;2026-09-11 03:00:48
124244754;10094817;2026-09-18 07:45;2026-09-11 03:00:48
124244754;10094817;2026-09-18 08:00;2026-09-11 03:00:48
124244754;10094817;2026-09-18 08:30;2026-09-11 03:00:48
124244754;10094817;2026-09-18 09:30;2026-09-11 03:00:48
124244754;10094817;2026-09-18 11:30;2026-09-11 03:00:48
124244754;10094817;2026-09-18 11:45;2026-09-11 03:00:48
124244754;10094817;2026-09-18 12:00;2026-09-11 03:00:48
124244754;10094817;2026-09-18 13:00;2026-09-11 03:00:48
124244754;10094817;2026-09-14 08:15;2026-09-11 03:00:48
124244754;10094817;2026-09-14 08:30;2026-09-11 03:00:48
124244754;10094817;2026-09-14 10:00;2026-09-11 03:00:48
124244754;10094817;2026-09-14 10:15;2026-09-11 03:00:48
124244754;10094817;2026-09-14 11:30;2026-09-11 03:00:48
124244754;10094817;2026-09-14 12:15;2026-09-11 03:00:48
124244754;10094817;2026-09-14 12:30;2026-09-11 03:00:48
124244754;10094817;2026-09-14 13:00;2026-09-11 03:00:48
124244754;10094817;2026-09-14 12:45;2026-09-11 03:00:48
124244754;10094817;2026-09-28 08:15;2026-09-11 03:00:48
124244754;10094817;2026-09-28 08:30;2026-09-11 03:00:48
124244754;10094817;2026-09-28 10:00;2026-09-11 03:00:48
124244754;10094817;2026-09-28 10:15;2026-09-11 03:00:48
124244754;10094817;2026-09-28 11:30;2026-09-11 03:00:48
124244754;10094817;2026-09-28 12:15;2026-09-11 03:00:48
124244754;10094817;2026-09-28 12:30;2026-09-11 03:00:48
124244754;10094817;2026-09-28 13:00;2026-09-11 03:00:48
124244754;10094817;2026-09-28 07:45;2026-09-11 03:00:48
124244754;10094817;2026-09-28 08:45;2026-09-11 03:00:48
124244754;10094817;2026-09-28 09:00;2026-09-11 03:00:48
124244754;10094817;2026-09-28 09:15;2026-09-11 03:00:48
124244754;10094817;2026-09-28 09:30;2026-09-11 03:00:48
124244754;10094817;2026-09-28 09:45;2026-09-11 03:00:48
124244754;10094817;2026-09-28 11:45;2026-09-11 03:00:48
124244754;10094817;2026-09-28 12:00;2026-09-11 03:00:48
124244754;10094817;2026-09-28 12:45;2026-09-11 03:00:48
124244754;10094817;2026-09-28 13:15;2026-09-11 03:00:48
124244754;10094817;2026-09-28 13:45;2026-09-11 03:00:48
124244754;10094817;2026-09-28 14:00;2026-09-11 03:00:48
124244754;10094817;2026-09-25 13:30;2026-09-11 03:00:48
124244754;10094817;2026-09-25 14:15;2026-09-11 03:00:48
124244754;10094817;2026-09-25 14:30;2026-09-11 03:00:48
124244754;10094817;2026-09-25 14:45;2026-09-11 03:00:48
124244754;10094817;2026-09-25 15:45;2026-09-11 03:00:48
124244754;10094817;2026-09-25 16:30;2026-09-11 03:00:48
124244754;10094817;2026-09-25 17:30;2026-09-11 03:00:48
124244754;10094817;2026-09-25 17:45;2026-09-11 03:00:48
124244754;10094817;2026-09-25 12:45;2026-09-11 03:00:48
124244754;10094817;2026-09-25 13:45;2026-09-11 03:00:48
124244754;10094817;2026-09-25 14:00;2026-09-11 03:00:48
124244754;10094817;2026-09-25 15:00;2026-09-11 03:00:48
124244754;10094817;2026-09-25 15:15;2026-09-11 03:00:48
124244754;10094817;2026-09-25 15:30;2026-09-11 03:00:48
124244754;10094817;2026-09-25 17:15;2026-09-11 03:00:48
124244754;10094817;2026-09-25 18:00;2026-09-11 03:00:48
124244754;10094817;2026-09-25 18:15;2026-09-11 03:00:48
124244754;10094817;2026-09-25 18:45;2026-09-11 03:00:48
124244754;10094817;2026-09-25 19:00;2026-09-11 03:00:48
124244754;10094817;2026-09-16 08:00;2026-09-11 03:00:48
124244754;10094817;2026-09-16 08:30;2026-09-11 03:00:48
124244754;10094817;2026-09-16 09:30;2026-09-11 03:00:48
124244754;10094817;2026-09-16 09:45;2026-09-11 03:00:48
124244754;10094817;2026-09-16 12:15;2026-09-11 03:00:48
124244754;10094817;2026-09-16 07:45;2026-09-11 03:00:48
124244754;10094817;2026-09-16 08:45;2026-09-11 03:00:48
124244754;10094817;2026-09-16 09:15;2026-09-11 03:00:48
124244754;10094817;2026-09-16 11:45;2026-09-11 03:00:48
124244754;10094817;2026-09-16 12:30;2026-09-11 03:00:48
124244754;10094817;2026-09-16 13:15;2026-09-11 03:00:48
124244754;10094817;2026-09-16 13:30;2026-09-11 03:00:48
124244754;10094817;2026-09-16 13:45;2026-09-11 03:00:48
124244754;10094817;2026-09-22 08:15;2026-09-11 03:00:48
124244754;10094817;2026-09-22 08:30;2026-09-11 03:00:48
124244754;10094817;2026-09-22 09:30;2026-09-11 03:00:48
124244754;10094817;2026-09-22 09:45;2026-09-11 03:00:48
124244754;10094817;2026-09-22 12:15;2026-09-11 03:00:48
124244754;10094817;2026-09-22 07:30;2026-09-11 03:00:48
124244754;10094817;2026-09-22 07:45;2026-09-11 03:00:48
124244754;10094817;2026-09-22 08:45;2026-09-11 03:00:48
124244754;10094817;2026-09-22 11:30;2026-09-11 03:00:48
124244754;10094817;2026-09-22 11:45;2026-09-11 03:00:48
124244754;10094817;2026-09-22 12:30;2026-09-11 03:00:48
124244754;10094817;2026-09-22 12:45;2026-09-11 03:00:48
124244754;10094817;2026-09-22 13:15;2026-09-11 03:00:48
124244754;10094817;2026-09-22 13:30;2026-09-11 03:00:48
124244754;10094817;2026-09-22 13:45;2026-09-11 03:00:48
124244754;10094817;2026-09-22 14:00;2026-09-11 03:00:48
124244754;10094817;2026-09-24 08:00;2026-09-11 03:00:48
124244754;10094817;2026-09-24 08:15;2026-09-11 03:00:48
124244754;10094817;2026-09-24 08:30;2026-09-11 03:00:48
124244754;10094817;2026-09-24 09:30;2026-09-11 03:00:48
124244754;10094817;2026-09-24 09:45;2026-09-11 03:00:48
124244754;10094817;2026-09-24 12:15;2026-09-11 03:00:48
124244754;10094817;2026-09-24 10:45;2026-09-11 03:00:48
124244754;10094817;2026-09-24 07:30;2026-09-11 03:00:48
124244754;10094817;2026-09-24 07:45;2026-09-11 03:00:48
124244754;10094817;2026-09-24 09:15;2026-09-11 03:00:48
124244754;10094817;2026-09-24 11:30;2026-09-11 03:00:48
124244754;10094817;2026-09-24 11:45;2026-09-11 03:00:48
124244754;10094817;2026-09-24 12:30;2026-09-11 03:00:48
124244754;10094817;2026-09-24 14:00;2026-09-11 03:00:48
124244754;10094817;2026-09-30 08:15;2026-09-11 03:00:48
124244754;10094817;2026-09-30 08:30;2026-09-11 03:00:48
124244754;10094817;2026-09-30 09:30;2026-09-11 03:00:48
124244754;10094817;2026-09-30 09:45;2026-09-11 03:00:48
124244754;10094817;2026-09-30 12:15;2026-09-11 03:00:48
124244754;10094817;2026-09-30 10:30;2026-09-11 03:00:48
124244754;10094817;2026-09-30 10:45;2026-09-11 03:00:48
124244754;10094817;2026-09-30 07:30;2026-09-11 03:00:48
124244754;10094817;2026-09-30 07:45;2026-09-11 03:00:48
124244754;10094817;2026-09-30 08:45;2026-09-11 03:00:48
124244754;10094817;2026-09-30 09:00;2026-09-11 03:00:48
124244754;10094817;2026-09-30 09:15;2026-09-11 03:00:48
124244754;10094817;2026-09-30 11:30;2026-09-11 03:00:48
124244754;10094817;2026-09-30 11:45;2026-09-11 03:00:48
124244754;10094817;2026-09-30 12:30;2026-09-11 03:00:48
124244754;10094817;2026-09-30 12:45;2026-09-11 03:00:48
124244754;10094817;2026-09-30 13:00;2026-09-11 03:00:48
124244754;10094817;2026-09-30 13:15;2026-09-11 03:00:48
124244754;10094817;2026-09-30 13:30;2026-09-11 03:00:48
124244754;10094817;2026-09-30 13:45;2026-09-11 03:00:48
124244754;10094817;2026-09-30 14:00;2026-09-11 03:00:48
124244754;10094817;2026-09-15 14:15;2026-09-11 03:00:48
124244754;10094817;2026-09-15 14:30;2026-09-11 03:00:48
124244754;10094817;2026-09-15 17:30;2026-09-11 03:00:48
124244754;10094817;2026-09-15 15:15;2026-09-11 03:00:48
124244754;10094817;2026-09-15 14:45;2026-09-11 03:00:48
124244754;10094817;2026-09-15 15:45;2026-09-11 03:00:48
124244754;10094817;2026-09-15 16:30;2026-09-11 03:00:48
124244754;10094817;2026-09-17 13:15;2026-09-11 03:00:48
124244754;10094817;2026-09-17 13:30;2026-09-11 03:00:48
124244754;10094817;2026-09-17 14:15;2026-09-11 03:00:48
124244754;10094817;2026-09-17 14:30;2026-09-11 03:00:48
124244754;10094817;2026-09-17 17:30;2026-09-11 03:00:48
124244754;10094817;2026-09-17 15:15;2026-09-11 03:00:48
124244754;10094817;2026-09-17 13:00;2026-09-11 03:00:48
124244754;10094817;2026-09-17 14:45;2026-09-11 03:00:48
124244754;10094817;2026-09-17 15:45;2026-09-11 03:00:48
124244754;10094817;2026-09-17 16:30;2026-09-11 03:00:48
124244754;10094817;2026-09-17 16:45;2026-09-11 03:00:48
124244754;10094817;2026-09-17 18:15;2026-09-11 03:00:48
124244754;10094817;2026-09-17 18:30;2026-09-11 03:00:48
124244754;10094817;2026-09-17 18:45;2026-09-11 03:00:48
124244754;10094817;2026-09-17 15:00;2026-09-11 03:00:48
124244754;10094817;2026-09-23 13:15;2026-09-11 03:00:48
124244754;10094817;2026-09-23 13:30;2026-09-11 03:00:48
124244754;10094817;2026-09-23 14:15;2026-09-11 03:00:48
124244754;10094817;2026-09-23 14:30;2026-09-11 03:00:48
124244754;10094817;2026-09-23 15:30;2026-09-11 03:00:48
124244754;10094817;2026-09-23 17:30;2026-09-11 03:00:48
124244754;10094817;2026-09-23 17:45;2026-09-11 03:00:48
124244754;10094817;2026-09-23 15:15;2026-09-11 03:00:48
124244754;10094817;2026-09-23 14:45;2026-09-11 03:00:48
124244754;10094817;2026-09-23 15:45;2026-09-11 03:00:48
124244754;10094817;2026-09-23 16:30;2026-09-11 03:00:48
124244754;10094817;2026-09-23 16:45;2026-09-11 03:00:48
124244754;10094817;2026-09-23 18:15;2026-09-11 03:00:48
124244754;10094817;2026-09-23 18:30;2026-09-11 03:00:48
124244754;10094817;2026-09-23 18:45;2026-09-11 03:00:48
124244754;10094817;2026-09-23 19:00;2026-09-11 03:00:48
124244754;10094817;2026-09-23 15:00;2026-09-11 03:00:48
124244754;10094817;2026-09-29 13:15;2026-09-11 03:00:48
124244754;10094817;2026-09-29 13:30;2026-09-11 03:00:48
124244754;10094817;2026-09-29 14:15;2026-09-11 03:00:48
124244754;10094817;2026-09-29 14:30;2026-09-11 03:00:48
124244754;10094817;2026-09-29 15:30;2026-09-11 03:00:48
124244754;10094817;2026-09-29 17:30;2026-09-11 03:00:48
124244754;10094817;2026-09-29 17:45;2026-09-11 03:00:48
124244754;10094817;2026-09-29 18:00;2026-09-11 03:00:48
124244754;10094817;2026-09-29 15:15;2026-09-11 03:00:48
124244754;10094817;2026-09-29 12:30;2026-09-11 03:00:48
124244754;10094817;2026-09-29 13:00;2026-09-11 03:00:48
124244754;10094817;2026-09-29 14:00;2026-09-11 03:00:48
124244754;10094817;2026-09-29 14:45;2026-09-11 03:00:48
124244754;10094817;2026-09-29 15:45;2026-09-11 03:00:48
124244754;10094817;2026-09-29 16:30;2026-09-11 03:00:48
124244754;10094817;2026-09-29 16:45;2026-09-11 03:00:48
124244754;10094817;2026-09-29 18:15;2026-09-11 03:00:48
124244754;10094817;2026-09-29 18:30;2026-09-11 03:00:48
124244754;10094817;2026-09-29 18:45;2026-09-11 03:00:48
124244754;10094817;2026-09-29 19:00;2026-09-11 03:00:48
124244754;10094817;2026-09-29 15:00;2026-09-11 03:00:48
124244754;10094817;2026-09-21 13:00;2026-09-11 03:00:48
124244754;10094817;2026-09-21 13:15;2026-09-11 03:00:48
124244754;10094817;2026-09-21 13:30;2026-09-11 03:00:48
124244754;10094817;2026-09-21 14:00;2026-09-11 03:00:48
124244754;10094817;2026-09-21 14:45;2026-09-11 03:00:48
124244754;10094817;2026-09-21 17:30;2026-09-11 03:00:48
124244754;10094817;2026-09-21 17:45;2026-09-11 03:00:48
124244754;10094817;2026-09-21 18:15;2026-09-11 03:00:48
124244754;10094817;2026-09-21 15:00;2026-09-11 03:00:48
124244754;10094817;2026-09-21 15:15;2026-09-11 03:00:48
124244754;10094817;2026-10-05 13:00;2026-09-11 03:00:48
124244754;10094817;2026-10-05 13:45;2026-09-11 03:00:48
124244754;10094817;2026-10-05 14:00;2026-09-11 03:00:48
124244754;10094817;2026-10-05 15:30;2026-09-11 03:00:48
124244754;10094817;2026-10-05 15:45;2026-09-11 03:00:48
124244754;10094817;2026-10-05 17:30;2026-09-11 03:00:48
124244754;10094817;2026-10-05 17:45;2026-09-11 03:00:48
124244754;10094817;2026-10-05 12:30;2026-09-11 03:00:48
124244754;10094817;2026-10-05 12:45;2026-09-11 03:00:48
124244754;10094817;2026-10-05 13:15;2026-09-11 03:00:48
124244754;10094817;2026-10-05 13:30;2026-09-11 03:00:48
124244754;10094817;2026-10-05 14:15;2026-09-11 03:00:48
124244754;10094817;2026-10-05 14:30;2026-09-11 03:00:48
124244754;10094817;2026-10-05 14:45;2026-09-11 03:00:48
124244754;10094817;2026-10-05 17:15;2026-09-11 03:00:48
124244754;10094817;2026-10-05 18:00;2026-09-11 03:00:48
124244754;10094817;2026-10-05 18:15;2026-09-11 03:00:48
124244754;10094817;2026-10-05 18:30;2026-09-11 03:00:48
124244754;10094817;2026-10-05 18:45;2026-09-11 03:00:48
124244754;10094817;2026-10-05 19:00;2026-09-11 03:00:48
124244754;10094817;2026-10-05 15:00;2026-09-11 03:00:48
124244754;10094817;2026-10-05 15:15;2026-09-11 03:00:48
124244754;10094817;2026-10-06 08:00;2026-09-11 03:00:48
124244754;10094817;2026-10-06 08:15;2026-09-11 03:00:48
124244754;10094817;2026-10-06 08:30;2026-09-11 03:00:48
124244754;10094817;2026-10-06 09:30;2026-09-11 03:00:48
124244754;10094817;2026-10-06 09:45;2026-09-11 03:00:48
124244754;10094817;2026-10-06 12:00;2026-09-11 03:00:48
124244754;10094817;2026-10-06 12:15;2026-09-11 03:00:48
124244754;10094817;2026-10-06 07:30;2026-09-11 03:00:48
124244754;10094817;2026-10-06 07:45;2026-09-11 03:00:48
124244754;10094817;2026-10-06 08:45;2026-09-11 03:00:48
124244754;10094817;2026-10-06 09:00;2026-09-11 03:00:48
124244754;10094817;2026-10-06 09:15;2026-09-11 03:00:48
124244754;10094817;2026-10-06 11:30;2026-09-11 03:00:48
124244754;10094817;2026-10-06 11:45;2026-09-11 03:00:48
124244754;10094817;2026-10-06 12:30;2026-09-11 03:00:48
124244754;10094817;2026-10-06 12:45;2026-09-11 03:00:48
124244754;10094817;2026-10-06 13:00;2026-09-11 03:00:48
124244754;10094817;2026-10-06 13:15;2026-09-11 03:00:48
124244754;10094817;2026-10-06 13:30;2026-09-11 03:00:48
124244754;10094817;2026-10-06 13:45;2026-09-11 03:00:48
124244754;10094817;2026-10-06 14:00;2026-09-11 03:00:48
124244754;10094817;2026-10-08 08:00;2026-09-11 03:00:48
124244754;10094817;2026-10-08 08:15;2026-09-11 03:00:48
124244754;10094817;2026-10-08 08:30;2026-09-11 03:00:48
124244754;10094817;2026-10-08 09:30;2026-09-11 03:00:48
124244754;10094817;2026-10-08 09:45;2026-09-11 03:00:48
124244754;10094817;2026-10-08 12:00;2026-09-11 03:00:48
124244754;10094817;2026-10-08 12:15;2026-09-11 03:00:48
124244754;10094817;2026-10-08 10:30;2026-09-11 03:00:48
124244754;10094817;2026-10-08 10:45;2026-09-11 03:00:48
124244754;10094817;2026-10-08 07:30;2026-09-11 03:00:48
124244754;10094817;2026-10-08 07:45;2026-09-11 03:00:48
124244754;10094817;2026-10-08 08:45;2026-09-11 03:00:48
124244754;10094817;2026-10-08 09:00;2026-09-11 03:00:48
124244754;10094817;2026-10-08 09:15;2026-09-11 03:00:48
124244754;10094817;2026-10-08 11:30;2026-09-11 03:00:48
124244754;10094817;2026-10-08 11:45;2026-09-11 03:00:48
124244754;10094817;2026-10-08 12:30;2026-09-11 03:00:48
124244754;10094817;2026-10-08 12:45;2026-09-11 03:00:48
124244754;10094817;2026-10-08 13:00;2026-09-11 03:00:48
124244754;10094817;2026-10-08 13:15;2026-09-11 03:00:48
124244754;10094817;2026-10-08 13:30;2026-09-11 03:00:48
124244754;10094817;2026-10-08 13:45;2026-09-11 03:00:48
124244754;10094817;2026-10-08 14:00;2026-09-11 03:00:48
124244754;10094817;2026-10-07 13:15;2026-09-11 03:00:48
124244754;10094817;2026-10-07 13:30;2026-09-11 03:00:48
124244754;10094817;2026-10-07 14:15;2026-09-11 03:00:48
124244754;10094817;2026-10-07 14:30;2026-09-11 03:00:48
124244754;10094817;2026-10-07 15:30;2026-09-11 03:00:48
124244754;10094817;2026-10-07 17:30;2026-09-11 03:00:48
124244754;10094817;2026-10-07 17:45;2026-09-11 03:00:48
124244754;10094817;2026-10-07 18:00;2026-09-11 03:00:48
124244754;10094817;2026-10-07 15:15;2026-09-11 03:00:48
124244754;10094817;2026-10-07 12:30;2026-09-11 03:00:48
124244754;10094817;2026-10-07 12:45;2026-09-11 03:00:48
124244754;10094817;2026-10-07 13:00;2026-09-11 03:00:48
124244754;10094817;2026-10-07 13:45;2026-09-11 03:00:48
124244754;10094817;2026-10-07 14:00;2026-09-11 03:00:48
124244754;10094817;2026-10-07 14:45;2026-09-11 03:00:48
124244754;10094817;2026-10-07 15:45;2026-09-11 03:00:48
124244754;10094817;2026-10-07 16:30;2026-09-11 03:00:48
124244754;10094817;2026-10-07 16:45;2026-09-11 03:00:48
124244754;10094817;2026-10-07 18:15;2026-09-11 03:00:48
124244754;10094817;2026-10-07 18:30;2026-09-11 03:00:48
124244754;10094817;2026-10-07 18:45;2026-09-11 03:00:48
124244754;10094817;2026-10-07 19:00;2026-09-11 03:00:48
124244754;10094817;2026-10-02 08:00;2026-09-11 03:00:48
124244754;10094817;2026-10-02 08:15;2026-09-11 03:00:48
124244754;10094817;2026-10-02 09:15;2026-09-11 03:00:48
124244754;10094817;2026-10-02 09:30;2026-09-11 03:00:48
124244754;10094817;2026-10-02 10:30;2026-09-11 03:00:48
124244754;10094817;2026-10-02 10:45;2026-09-11 03:00:48
124244754;10094817;2026-10-02 12:15;2026-09-11 03:00:48
124244754;10094817;2026-10-02 12:30;2026-09-11 03:00:48
124244754;10094817;2026-10-02 12:45;2026-09-11 03:00:48
124244754;10094817;2026-10-02 07:45;2026-09-11 03:00:48
124244754;10094817;2026-10-02 08:30;2026-09-11 03:00:48
124244754;10094817;2026-10-02 08:45;2026-09-11 03:00:48
124244754;10094817;2026-10-02 09:00;2026-09-11 03:00:48
124244754;10094817;2026-10-02 09:45;2026-09-11 03:00:48
124244754;10094817;2026-10-02 11:30;2026-09-11 03:00:48
124244754;10094817;2026-10-02 11:45;2026-09-11 03:00:48
124244754;10094817;2026-10-02 12:00;2026-09-11 03:00:48
124244754;10094817;2026-10-02 13:15;2026-09-11 03:00:48
124244754;10094817;2026-10-02 13:30;2026-09-11 03:00:48
124244754;10094817;2026-10-02 13:45;2026-09-11 03:00:48
124244754;10094817;2026-10-02 14:00;2026-09-11 03:00:48
124244754;10094817;2026-10-01 18:30;2026-09-11 03:00:48
124244754;10094817;2026-10-01 18:45;2026-09-11 03:00:48
124244754;10094817;2026-10-01 16:15;2026-09-11 03:00:48
124244754;10094817;2026-10-01 16:45;2026-09-11 03:00:48
124244754;10094817;2026-10-01 17:45;2026-09-11 03:00:48
124244754;10094817;2026-10-01 18:00;2026-09-11 03:00:48
124244754;10094817;2026-10-01 18:15;2026-09-11 03:00:48
124244754;10094817;2026-10-01 17:30;2026-09-11 03:00:48
124244754;10094817;2026-10-09 08:00;2026-09-11 03:00:48
124244754;10094817;2026-10-09 08:15;2026-09-11 03:00:48
124244754;10094817;2026-10-09 09:15;2026-09-11 03:00:48
124244754;10094817;2026-10-09 09:30;2026-09-11 03:00:48
124244754;10094817;2026-10-09 10:30;2026-09-11 03:00:48
124244754;10094817;2026-10-09 10:45;2026-09-11 03:00:48
124244754;10094817;2026-10-09 12:15;2026-09-11 03:00:48
124244754;10094817;2026-10-09 12:30;2026-09-11 03:00:48
124244754;10094817;2026-10-09 12:45;2026-09-11 03:00:48
124244754;10094817;2026-10-09 07:30;2026-09-11 03:00:48
124244754;10094817;2026-10-09 07:45;2026-09-11 03:00:48
124244754;10094817;2026-10-09 08:30;2026-09-11 03:00:48
124244754;10094817;2026-10-09 08:45;2026-09-11 03:00:48
124244754;10094817;2026-10-09 09:00;2026-09-11 03:00:48
124244754;10094817;2026-10-09 09:45;2026-09-11 03:00:48
124244754;10094817;2026-10-09 11:30;2026-09-11 03:00:48
124244754;10094817;2026-10-09 11:45;2026-09-11 03:00:48
124244754;10094817;2026-10-09 12:00;2026-09-11 03:00:48
124244754;10094817;2026-10-09 13:00;2026-09-11 03:00:48
124244754;10094817;2026-10-09 13:15;2026-09-11 03:00:48
124244754;10094817;2026-10-09 13:30;2026-09-11 03:00:48
124244754;10094817;2026-10-09 13:45;2026-09-11 03:00:48
124244754;10094817;2026-10-09 14:00;2026-09-11 03:00:48
124244754;10094817;2026-09-11 08:30;2026-09-11 03:00:48
124244754;10094817;2026-09-11 09:30;2026-09-11 03:00:48
124244754;10094817;2026-09-11 09:45;2026-09-11 03:00:48
124244754;10094817;2026-09-11 12:15;2026-09-11 03:00:48
124244754;10094817;2026-09-11 11:45;2026-09-11 03:00:48
124244754;10094817;2026-09-28 08:00;2026-09-11 03:00:48
124244754;10094817;2026-09-14 09:15;2026-09-11 03:00:48
124244754;10094817;2026-09-30 08:00;2026-09-11 03:00:48
124244754;10094817;2026-09-24 10:30;2026-09-11 03:00:48
124244754;10020607;2026-09-11 09:00;2026-09-11 03:00:48
124244754;10020607;2026-09-11 09:15;2026-09-11 03:00:48
124244754;10020607;2026-09-11 09:30;2026-09-11 03:00:48
124244754;10020607;2026-09-11 09:45;2026-09-11 03:00:48
124244754;10020607;2026-09-11 10:00;2026-09-11 03:00:48
124244754;10020607;2026-09-14 09:00;2026-09-11 03:00:48
124244754;10020607;2026-09-14 09:15;2026-09-11 03:00:48
124244754;10020607;2026-09-14 09:30;2026-09-11 03:00:48
124244754;10020607;2026-09-14 09:45;2026-09-11 03:00:48
124244754;10020607;2026-09-14 10:00;2026-09-11 03:00:48
124244754;10020607;2026-09-15 14:00;2026-09-11 03:00:48
124244754;10020607;2026-09-15 14:15;2026-09-11 03:00:48
124244754;10020607;2026-09-15 14:30;2026-09-11 03:00:48
124244754;10020607;2026-09-15 14:45;2026-09-11 03:00:48
124244754;10020607;2026-09-15 15:00;2026-09-11 03:00:48
124244754;10020607;2026-09-16 14:00;2026-09-11 03:00:48
124244754;10020607;2026-09-16 14:15;2026-09-11 03:00:48
124244754;10020607;2026-09-16 14:30;2026-09-11 03:00:48
124244754;10020607;2026-09-16 14:45;2026-09-11 03:00:48
124244754;10020607;2026-09-16 15:00;2026-09-11 03:00:48
124244754;10020607;2026-09-17 09:00;2026-09-11 03:00:48
124244754;10020607;2026-09-17 09:15;2026-09-11 03:00:48
124244754;10020607;2026-09-17 09:30;2026-09-11 03:00:48
124244754;10020607;2026-09-17 09:45;2026-09-11 03:00:48
124244754;10020607;2026-09-17 10:00;2026-09-11 03:00:48
124244754;10020607;2026-09-18 09:00;2026-09-11 03:00:48
124244754;10020607;2026-09-18 09:15;2026-09-11 03:00:48
124244754;10020607;2026-09-18 09:30;2026-09-11 03:00:48
124244754;10020607;2026-09-18 09:45;2026-09-11 03:00:48
124244754;10020607;2026-09-18 10:00;2026-09-11 03:00:48
124244754;10020607;2026-09-18 10:15;2026-09-11 03:00:48
124244754;10020607;2026-09-21 09:00;2026-09-11 03:00:48
124244754;10020607;2026-09-21 09:15;2026-09-11 03:00:48
124244754;10020607;2026-09-21 09:30;2026-09-11 03:00:48
124244754;10020607;2026-09-21 09:45;2026-09-11 03:00:48
124244754;10020607;2026-09-21 10:00;2026-09-11 03:00:48
124244754;10020607;2026-09-21 10:15;2026-09-11 03:00:48
124244754;10020607;2026-09-21 10:30;2026-09-11 03:00:48
124244754;10020607;2026-09-21 10:45;2026-09-11 03:00:48
124244754;10020607;2026-09-21 08:00;2026-09-11 03:00:48
124244754;10020607;2026-09-21 08:15;2026-09-11 03:00:48
124244754;10020607;2026-09-21 08:45;2026-09-11 03:00:48
124244754;10020607;2026-09-21 11:00;2026-09-11 03:00:48
124244754;10020607;2026-09-21 11:15;2026-09-11 03:00:48
124244754;10020607;2026-09-22 14:00;2026-09-11 03:00:48
124244754;10020607;2026-09-22 14:15;2026-09-11 03:00:48
124244754;10020607;2026-09-22 14:30;2026-09-11 03:00:48
124244754;10020607;2026-09-22 14:45;2026-09-11 03:00:48
124244754;10020607;2026-09-22 15:00;2026-09-11 03:00:48
124244754;10020607;2026-09-22 15:45;2026-09-11 03:00:48
124244754;10020607;2026-09-22 16:00;2026-09-11 03:00:48
124244754;10020607;2026-09-23 14:00;2026-09-11 03:00:48
124244754;10020607;2026-09-23 14:15;2026-09-11 03:00:48
124244754;10020607;2026-09-23 14:30;2026-09-11 03:00:48
124244754;10020607;2026-09-23 14:45;2026-09-11 03:00:48
124244754;10020607;2026-09-23 15:00;2026-09-11 03:00:48
124244754;10020607;2026-09-23 15:15;2026-09-11 03:00:48
124244754;10020607;2026-09-24 09:00;2026-09-11 03:00:48
124244754;10020607;2026-09-24 09:15;2026-09-11 03:00:48
124244754;10020607;2026-09-24 09:30;2026-09-11 03:00:48
124244754;10020607;2026-09-24 09:45;2026-09-11 03:00:48
124244754;10020607;2026-09-24 10:00;2026-09-11 03:00:48
124244754;10020607;2026-09-24 10:15;2026-09-11 03:00:48
124244754;10020607;2026-09-24 10:30;2026-09-11 03:00:48
124244754;10020607;2026-09-24 10:45;2026-09-11 03:00:48
124244754;10020607;2026-09-24 08:00;2026-09-11 03:00:48
124244754;10020607;2026-09-24 08:30;2026-09-11 03:00:48
124244754;10020607;2026-09-24 08:45;2026-09-11 03:00:48
124244754;10020607;2026-09-24 11:00;2026-09-11 03:00:48
124244754;10020607;2026-09-24 11:15;2026-09-11 03:00:48
124244754;10020607;2026-09-28 09:00;2026-09-11 03:00:48
124244754;10020607;2026-09-28 09:15;2026-09-11 03:00:48
124244754;10020607;2026-09-28 09:30;2026-09-11 03:00:48
124244754;10020607;2026-09-28 09:45;2026-09-11 03:00:48
124244754;10020607;2026-09-28 10:00;2026-09-11 03:00:48
124244754;10020607;2026-09-28 10:15;2026-09-11 03:00:48
124244754;10020607;2026-09-28 10:30;2026-09-11 03:00:48
124244754;10020607;2026-09-28 10:45;2026-09-11 03:00:48
124244754;10020607;2026-09-28 08:00;2026-09-11 03:00:48
124244754;10020607;2026-09-28 08:15;2026-09-11 03:00:48
124244754;10020607;2026-09-28 08:30;2026-09-11 03:00:48
124244754;10020607;2026-09-28 08:45;2026-09-11 03:00:48
124244754;10020607;2026-09-28 11:00;2026-09-11 03:00:48
124244754;10020607;2026-09-28 11:15;2026-09-11 03:00:48
124244754;10020607;2026-09-29 14:00;2026-09-11 03:00:48
124244754;10020607;2026-09-29 14:15;2026-09-11 03:00:48
124244754;10020607;2026-09-29 14:30;2026-09-11 03:00:48
124244754;10020607;2026-09-29 14:45;2026-09-11 03:00:48
124244754;10020607;2026-09-29 15:00;2026-09-11 03:00:48
124244754;10020607;2026-09-29 15:15;2026-09-11 03:00:48
124244754;10020607;2026-09-29 15:45;2026-09-11 03:00:48
124244754;10020607;2026-09-29 16:00;2026-09-11 03:00:48
124244754;10020607;2026-09-29 16:15;2026-09-11 03:00:48
124244754;10020607;2026-09-29 16:30;2026-09-11 03:00:48
124244754;10020607;2026-09-29 16:45;2026-09-11 03:00:48
124244754;10020607;2026-09-29 17:00;2026-09-11 03:00:48
124244754;10020607;2026-09-29 17:15;2026-09-11 03:00:48
124244754;10020607;2026-09-30 14:00;2026-09-11 03:00:48
124244754;10020607;2026-09-30 14:15;2026-09-11 03:00:48
124244754;10020607;2026-09-30 14:30;2026-09-11 03:00:48
124244754;10020607;2026-09-30 14:45;2026-09-11 03:00:48
124244754;10020607;2026-09-30 15:00;2026-09-11 03:00:48
124244754;10020607;2026-09-30 15:30;2026-09-11 03:00:48
124244754;10020607;2026-09-30 15:45;2026-09-11 03:00:48
124244754;10020607;2026-09-30 16:00;2026-09-11 03:00:48
124244754;10020607;2026-09-30 16:15;2026-09-11 03:00:48
124244754;10020607;2026-09-30 16:30;2026-09-11 03:00:48
124244754;10020607;2026-09-30 16:45;2026-09-11 03:00:48
124244754;10020607;2026-09-30 17:15;2026-09-11 03:00:48
124244754;10020607;2026-10-01 09:00;2026-09-11 03:00:48
124244754;10020607;2026-10-01 09:15;2026-09-11 03:00:48
124244754;10020607;2026-10-01 09:30;2026-09-11 03:00:48
124244754;10020607;2026-10-01 09:45;2026-09-11 03:00:48
124244754;10020607;2026-10-01 10:00;2026-09-11 03:00:48
124244754;10020607;2026-10-01 10:15;2026-09-11 03:00:48
124244754;10020607;2026-10-01 10:30;2026-09-11 03:00:48
124244754;10020607;2026-10-01 10:45;2026-09-11 03:00:48
124244754;10020607;2026-10-01 08:00;2026-09-11 03:00:48
124244754;10020607;2026-10-01 08:15;2026-09-11 03:00:48
124244754;10020607;2026-10-01 08:30;2026-09-11 03:00:48
124244754;10020607;2026-10-01 08:45;2026-09-11 03:00:48
124244754;10020607;2026-10-01 11:00;2026-09-11 03:00:48
124244754;10020607;2026-10-01 11:15;2026-09-11 03:00:48
124244754;10020607;2026-10-02 09:00;2026-09-11 03:00:48
124244754;10020607;2026-10-02 09:15;2026-09-11 03:00:48
124244754;10020607;2026-10-02 09:30;2026-09-11 03:00:48
124244754;10020607;2026-10-02 09:45;2026-09-11 03:00:48
124244754;10020607;2026-10-02 10:00;2026-09-11 03:00:48
124244754;10020607;2026-10-02 10:15;2026-09-11 03:00:48
124244754;10020607;2026-10-02 10:30;2026-09-11 03:00:48
124244754;10020607;2026-10-02 10:45;2026-09-11 03:00:48
124244754;10020607;2026-10-02 08:00;2026-09-11 03:00:48
124244754;10020607;2026-10-02 08:15;2026-09-11 03:00:48
124244754;10020607;2026-10-02 08:30;2026-09-11 03:00:48
124244754;10020607;2026-10-02 08:45;2026-09-11 03:00:48
124244754;10020607;2026-10-02 11:00;2026-09-11 03:00:48
124244754;10020607;2026-10-02 11:15;2026-09-11 03:00:48
124244754;10020607;2026-10-05 09:00;2026-09-11 03:00:48
124244754;10020607;2026-10-05 09:15;2026-09-11 03:00:48
124244754;10020607;2026-10-05 09:30;2026-09-11 03:00:48
124244754;10020607;2026-10-05 09:45;2026-09-11 03:00:48
124244754;10020607;2026-10-05 10:00;2026-09-11 03:00:48
124244754;10020607;2026-10-05 10:15;2026-09-11 03:00:48
124244754;10020607;2026-10-05 10:30;2026-09-11 03:00:48
124244754;10020607;2026-10-05 10:45;2026-09-11 03:00:48
124244754;10020607;2026-10-05 08:00;2026-09-11 03:00:48
124244754;10020607;2026-10-05 08:15;2026-09-11 03:00:48
124244754;10020607;2026-10-05 08:30;2026-09-11 03:00:48
124244754;10020607;2026-10-05 08:45;2026-09-11 03:00:48
124244754;10020607;2026-10-05 11:00;2026-09-11 03:00:48
124244754;10020607;2026-10-05 11:15;2026-09-11 03:00:48
124244754;10020607;2026-10-06 14:00;2026-09-11 03:00:48
124244754;10020607;2026-10-06 14:15;2026-09-11 03:00:48
124244754;10020607;2026-10-06 14:30;2026-09-11 03:00:48
124244754;10020607;2026-10-06 14:45;2026-09-11 03:00:48
124244754;10020607;2026-10-06 15:00;2026-09-11 03:00:48
124244754;10020607;2026-10-06 15:15;2026-09-11 03:00:48
124244754;10020607;2026-10-06 15:30;2026-09-11 03:00:48
124244754;10020607;2026-10-06 15:45;2026-09-11 03:00:48
124244754;10020607;2026-10-06 16:00;2026-09-11 03:00:48
124244754;10020607;2026-10-06 16:15;2026-09-11 03:00:48
124244754;10020607;2026-10-06 16:30;2026-09-11 03:00:48
124244754;10020607;2026-10-06 16:45;2026-09-11 03:00:48
124244754;10020607;2026-10-06 17:00;2026-09-11 03:00:48
124244754;10020607;2026-10-06 17:15;2026-09-11 03:00:48
124244754;10020607;2026-10-07 14:00;2026-09-11 03:00:48
124244754;10020607;2026-10-07 14:15;2026-09-11 03:00:48
124244754;10020607;2026-10-07 14:30;2026-09-11 03:00:48
124244754;10020607;2026-10-07 14:45;2026-09-11 03:00:48
124244754;10020607;2026-10-07 15:00;2026-09-11 03:00:48
124244754;10020607;2026-10-07 15:15;2026-09-11 03:00:48
124244754;10020607;2026-10-07 15:30;2026-09-11 03:00:48
124244754;10020607;2026-10-07 15:45;2026-09-11 03:00:48
124244754;10020607;2026-10-07 16:00;2026-09-11 03:00:48
124244754;10020607;2026-10-07 16:15;2026-09-11 03:00:48
124244754;10020607;2026-10-07 16:30;2026-09-11 03:00:48
124244754;10020607;2026-10-07 16:45;2026-09-11 03:00:48
124244754;10020607;2026-10-07 17:00;2026-09-11 03:00:48
124244754;10020607;2026-10-07 17:15;2026-09-11 03:00:48
124244754;10020607;2026-10-08 09:00;2026-09-11 03:00:48
124244754;10020607;2026-10-08 09:15;2026-09-11 03:00:48
124244754;10020607;2026-10-08 09:30;2026-09-11 03:00:48
124244754;10020607;2026-10-08 09:45;2026-09-11 03:00:48
124244754;10020607;2026-10-08 10:00;2026-09-11 03:00:48
124244754;10020607;2026-10-08 10:15;2026-09-11 03:00:48
124244754;10020607;2026-10-08 10:30;2026-09-11 03:00:48
124244754;10020607;2026-10-08 10:45;2026-09-11 03:00:48
124244754;10020607;2026-10-08 08:15;2026-09-11 03:00:48
124244754;10020607;2026-10-08 08:30;2026-09-11 03:00:48
124244754;10020607;2026-10-08 08:45;2026-09-11 03:00:48
124244754;10020607;2026-10-08 11:00;2026-09-11 03:00:48
124244754;10020607;2026-10-08 11:15;2026-09-11 03:00:48
124244754;10020607;2026-10-09 09:00;2026-09-11 03:00:48
124244754;10020607;2026-10-09 09:15;2026-09-11 03:00:48
124244754;10020607;2026-10-09 09:30;2026-09-11 03:00:48
124244754;10020607;2026-10-09 09:45;2026-09-11 03:00:48
124244754;10020607;2026-10-09 10:00;2026-09-11 03:00:48
124244754;10020607;2026-10-09 10:15;2026-09-11 03:00:48
124244754;10020607;2026-10-09 10:30;2026-09-11 03:00:48
124244754;10020607;2026-10-09 10:45;2026-09-11 03:00:48
124244754;10020607;2026-10-09 08:00;2026-09-11 03:00:48
124244754;10020607;2026-10-09 08:15;2026-09-11 03:00:48
124244754;10020607;2026-10-09 08:30;2026-09-11 03:00:48
124244754;10020607;2026-10-09 08:45;2026-09-11 03:00:48
124244754;10020607;2026-10-09 11:00;2026-09-11 03:00:48
124244754;10020607;2026-10-09 11:15;2026-09-11 03:00:48
124244754;10020607;2026-09-23 15:30;2026-09-11 03:00:48
124244754;10020607;2026-09-23 16:30;2026-09-11 03:00:48
124244754;10000611;2026-09-15 17:15;2026-09-11 03:00:48
124244754;10000611;2026-09-15 17:30;2026-09-11 03:00:48
124244754;10000611;2026-09-15 17:45;2026-09-11 03:00:48
124244754;10000611;2026-09-15 18:00;2026-09-11 03:00:48
124244754;10000611;2026-09-15 18:15;2026-09-11 03:00:48
124244754;10000611;2026-09-23 13:30;2026-09-11 03:00:48
124244754;10000611;2026-09-23 13:45;2026-09-11 03:00:48
124244754;10000611;2026-09-23 14:00;2026-09-11 03:00:48
124244754;10000611;2026-09-23 16:30;2026-09-11 03:00:48
124244754;10000611;2026-09-23 16:45;2026-09-11 03:00:48
124244754;10000611;2026-09-23 17:30;2026-09-11 03:00:48
124244754;10000611;2026-09-30 08:15;2026-09-11 03:00:48
124244754;10000611;2026-09-30 09:15;2026-09-11 03:00:48
124244754;10000611;2026-09-30 12:45;2026-09-11 03:00:48
124244754;10000611;2026-09-30 13:45;2026-09-11 03:00:48
124244754;10000611;2026-09-30 07:30;2026-09-11 03:00:48
124244754;10000611;2026-09-30 07:45;2026-09-11 03:00:48
124244754;10000611;2026-09-30 08:00;2026-09-11 03:00:48
124244754;10000611;2026-09-30 08:30;2026-09-11 03:00:48
124244754;10000611;2026-09-30 09:30;2026-09-11 03:00:48
124244754;10000611;2026-09-30 11:30;2026-09-11 03:00:48
124244754;10000611;2026-09-30 11:45;2026-09-11 03:00:48
124244754;10000611;2026-09-30 12:00;2026-09-11 03:00:48
124244754;10000611;2026-09-30 13:00;2026-09-11 03:00:48
124244754;10000611;2026-09-30 14:00;2026-09-11 03:00:48
124244754;10000611;2026-09-30 10:15;2026-09-11 03:00:48
124244754;10000611;2026-09-21 13:15;2026-09-11 03:00:48
124244754;10000611;2026-09-21 13:30;2026-09-11 03:00:48
124244754;10000611;2026-09-21 14:15;2026-09-11 03:00:48
124244754;10000611;2026-09-21 14:30;2026-09-11 03:00:48
124244754;10000611;2026-09-21 14:45;2026-09-11 03:00:48
124244754;10000611;2026-09-21 15:45;2026-09-11 03:00:48
124244754;10000611;2026-09-21 16:30;2026-09-11 03:00:48
124244754;10000611;2026-09-21 17:30;2026-09-11 03:00:48
124244754;10000611;2026-09-21 17:45;2026-09-11 03:00:48
124244754;10000611;2026-09-14 08:00;2026-09-11 03:00:48
124244754;10000611;2026-09-14 08:15;2026-09-11 03:00:48
124244754;10000611;2026-09-14 09:15;2026-09-11 03:00:48
124244754;10000611;2026-09-14 09:30;2026-09-11 03:00:48
124244754;10000611;2026-09-14 10:30;2026-09-11 03:00:48
124244754;10000611;2026-09-14 10:45;2026-09-11 03:00:48
124244754;10000611;2026-09-14 12:15;2026-09-11 03:00:48
124244754;10000611;2026-09-14 12:30;2026-09-11 03:00:48
124244754;10000611;2026-09-14 12:45;2026-09-11 03:00:48
124244754;10000611;2026-09-28 08:00;2026-09-11 03:00:48
124244754;10000611;2026-09-28 08:15;2026-09-11 03:00:48
124244754;10000611;2026-09-28 09:15;2026-09-11 03:00:48
124244754;10000611;2026-09-28 09:30;2026-09-11 03:00:48
124244754;10000611;2026-09-28 10:30;2026-09-11 03:00:48
124244754;10000611;2026-09-28 10:45;2026-09-11 03:00:48
124244754;10000611;2026-09-28 12:15;2026-09-11 03:00:48
124244754;10000611;2026-09-28 12:30;2026-09-11 03:00:48
124244754;10000611;2026-09-28 12:45;2026-09-11 03:00:48
124244754;10000611;2026-09-28 13:30;2026-09-11 03:00:48
124244754;10000611;2026-09-11 16:30;2026-09-11 03:00:48
124244754;10000611;2026-09-11 15:15;2026-09-11 03:00:48
124244754;10000611;2026-09-11 15:30;2026-09-11 03:00:48
124244754;10000611;2026-09-11 17:15;2026-09-11 03:00:48
124244754;10000611;2026-09-18 09:30;2026-09-11 03:00:48
124244754;10000611;2026-09-18 10:45;2026-09-11 03:00:48
124244754;10000611;2026-09-18 12:30;2026-09-11 03:00:48
124244754;10000611;2026-09-18 12:45;2026-09-11 03:00:48
124244754;10000611;2026-09-18 09:45;2026-09-11 03:00:48
124244754;10000611;2026-09-16 08:30;2026-09-11 03:00:48
124244754;10000611;2026-09-16 09:30;2026-09-11 03:00:48
124244754;10000611;2026-09-16 09:45;2026-09-11 03:00:48
124244754;10000611;2026-09-16 12:15;2026-09-11 03:00:48
124244754;10000611;2026-09-16 11:45;2026-09-11 03:00:48
124244754;10000611;2026-09-22 08:30;2026-09-11 03:00:48
124244754;10000611;2026-09-22 09:30;2026-09-11 03:00:48
124244754;10000611;2026-09-22 09:45;2026-09-11 03:00:48
124244754;10000611;2026-09-22 12:15;2026-09-11 03:00:48
124244754;10000611;2026-09-22 11:45;2026-09-11 03:00:48
124244754;10000611;2026-09-24 08:30;2026-09-11 03:00:48
124244754;10000611;2026-09-24 09:30;2026-09-11 03:00:48
124244754;10000611;2026-09-24 09:45;2026-09-11 03:00:48
124244754;10000611;2026-09-24 12:15;2026-09-11 03:00:48
124244754;10000611;2026-09-24 11:45;2026-09-11 03:00:48
124244754;10000611;2026-09-17 14:30;2026-09-11 03:00:48
124244754;10000611;2026-09-17 17:30;2026-09-11 03:00:48
124244754;10000611;2026-09-17 14:45;2026-09-11 03:00:48
124244754;10000611;2026-09-17 15:45;2026-09-11 03:00:48
124244754;10000611;2026-09-17 16:30;2026-09-11 03:00:48
124244754;10000611;2026-09-29 13:15;2026-09-11 03:00:48
124244754;10000611;2026-09-29 13:30;2026-09-11 03:00:48
124244754;10000611;2026-09-29 14:15;2026-09-11 03:00:48
124244754;10000611;2026-09-29 14:30;2026-09-11 03:00:48
124244754;10000611;2026-09-29 17:30;2026-09-11 03:00:48
124244754;10000611;2026-09-29 15:15;2026-09-11 03:00:48
124244754;10000611;2026-09-29 12:45;2026-09-11 03:00:48
124244754;10000611;2026-09-29 13:00;2026-09-11 03:00:48
124244754;10000611;2026-09-29 14:00;2026-09-11 03:00:48
124244754;10000611;2026-09-29 14:45;2026-09-11 03:00:48
124244754;10000611;2026-09-29 15:45;2026-09-11 03:00:48
124244754;10000611;2026-09-29 16:30;2026-09-11 03:00:48
124244754;10000611;2026-09-29 18:15;2026-09-11 03:00:48
124244754;10000611;2026-09-29 18:30;2026-09-11 03:00:48
124244754;10000611;2026-09-29 18:45;2026-09-11 03:00:48
124244754;10000611;2026-09-29 19:00;2026-09-11 03:00:48
124244754;10000611;2026-09-29 15:00;2026-09-11 03:00:48
124244754;10000611;2026-10-05 12:30;2026-09-11 03:00:48
124244754;10000611;2026-10-05 12:45;2026-09-11 03:00:48
124244754;10000611;2026-10-05 13:00;2026-09-11 03:00:48
124244754;10000611;2026-10-05 13:15;2026-09-11 03:00:48
124244754;10000611;2026-10-05 13:30;2026-09-11 03:00:48
124244754;10000611;2026-10-05 13:45;2026-09-11 03:00:48
124244754;10000611;2026-10-05 14:00;2026-09-11 03:00:48
124244754;10000611;2026-10-05 14:15;2026-09-11 03:00:48
124244754;10000611;2026-10-05 14:30;2026-09-11 03:00:48
124244754;10000611;2026-10-05 14:45;2026-09-11 03:00:48
124244754;10000611;2026-10-05 15:00;2026-09-11 03:00:48
124244754;10000611;2026-10-05 15:15;2026-09-11 03:00:48
124244754;10000611;2026-10-05 15:30;2026-09-11 03:00:48
124244754;10000611;2026-10-05 15:45;2026-09-11 03:00:48
124244754;10000611;2026-10-05 16:30;2026-09-11 03:00:48
124244754;10000611;2026-10-05 17:15;2026-09-11 03:00:48
124244754;10000611;2026-10-05 17:30;2026-09-11 03:00:48
124244754;10000611;2026-10-05 17:45;2026-09-11 03:00:48
124244754;10000611;2026-10-05 18:00;2026-09-11 03:00:48
124244754;10000611;2026-10-05 18:15;2026-09-11 03:00:48
124244754;10000611;2026-10-05 18:30;2026-09-11 03:00:48
124244754;10000611;2026-10-05 18:45;2026-09-11 03:00:48
124244754;10000611;2026-10-05 19:00;2026-09-11 03:00:48
124244754;10000611;2026-10-02 08:15;2026-09-11 03:00:48
124244754;10000611;2026-10-02 09:15;2026-09-11 03:00:48
124244754;10000611;2026-10-02 09:30;2026-09-11 03:00:48
124244754;10000611;2026-10-02 10:45;2026-09-11 03:00:48
124244754;10000611;2026-10-02 12:15;2026-09-11 03:00:48
124244754;10000611;2026-10-02 12:30;2026-09-11 03:00:48
124244754;10000611;2026-10-02 12:45;2026-09-11 03:00:48
124244754;10000611;2026-10-02 07:30;2026-09-11 03:00:48
124244754;10000611;2026-10-02 07:45;2026-09-11 03:00:48
124244754;10000611;2026-10-02 08:30;2026-09-11 03:00:48
124244754;10000611;2026-10-02 08:45;2026-09-11 03:00:48
124244754;10000611;2026-10-02 09:00;2026-09-11 03:00:48
124244754;10000611;2026-10-02 09:45;2026-09-11 03:00:48
124244754;10000611;2026-10-02 11:45;2026-09-11 03:00:48
124244754;10000611;2026-10-02 12:00;2026-09-11 03:00:48
124244754;10000611;2026-10-02 13:00;2026-09-11 03:00:48
124244754;10000611;2026-10-02 13:15;2026-09-11 03:00:48
124244754;10000611;2026-10-02 13:30;2026-09-11 03:00:48
124244754;10000611;2026-10-02 13:45;2026-09-11 03:00:48
124244754;10000611;2026-10-02 14:00;2026-09-11 03:00:48
124244754;10000611;2026-10-06 08:00;2026-09-11 03:00:48
124244754;10000611;2026-10-06 08:15;2026-09-11 03:00:48
124244754;10000611;2026-10-06 08:30;2026-09-11 03:00:48
124244754;10000611;2026-10-06 09:30;2026-09-11 03:00:48
124244754;10000611;2026-10-06 09:45;2026-09-11 03:00:48
124244754;10000611;2026-10-06 12:00;2026-09-11 03:00:48
124244754;10000611;2026-10-06 12:15;2026-09-11 03:00:48
124244754;10000611;2026-10-06 10:45;2026-09-11 03:00:48
124244754;10000611;2026-10-06 07:45;2026-09-11 03:00:48
124244754;10000611;2026-10-06 08:45;2026-09-11 03:00:48
124244754;10000611;2026-10-06 09:00;2026-09-11 03:00:48
124244754;10000611;2026-10-06 09:15;2026-09-11 03:00:48
124244754;10000611;2026-10-06 11:30;2026-09-11 03:00:48
124244754;10000611;2026-10-06 11:45;2026-09-11 03:00:48
124244754;10000611;2026-10-06 12:30;2026-09-11 03:00:48
124244754;10000611;2026-10-06 12:45;2026-09-11 03:00:48
124244754;10000611;2026-10-06 13:00;2026-09-11 03:00:48
124244754;10000611;2026-10-06 13:15;2026-09-11 03:00:48
124244754;10000611;2026-10-06 13:30;2026-09-11 03:00:48
124244754;10000611;2026-10-06 13:45;2026-09-11 03:00:48
124244754;10000611;2026-10-08 08:00;2026-09-11 03:00:48
124244754;10000611;2026-10-08 08:15;2026-09-11 03:00:48
124244754;10000611;2026-10-08 08:30;2026-09-11 03:00:48
124244754;10000611;2026-10-08 09:30;2026-09-11 03:00:48
124244754;10000611;2026-10-08 09:45;2026-09-11 03:00:48
124244754;10000611;2026-10-08 12:00;2026-09-11 03:00:48
124244754;10000611;2026-10-08 12:15;2026-09-11 03:00:48
124244754;10000611;2026-10-08 10:45;2026-09-11 03:00:48
124244754;10000611;2026-10-08 07:30;2026-09-11 03:00:48
124244754;10000611;2026-10-08 07:45;2026-09-11 03:00:48
124244754;10000611;2026-10-08 08:45;2026-09-11 03:00:48
124244754;10000611;2026-10-08 09:00;2026-09-11 03:00:48
124244754;10000611;2026-10-08 09:15;2026-09-11 03:00:48
124244754;10000611;2026-10-08 11:30;2026-09-11 03:00:48
124244754;10000611;2026-10-08 11:45;2026-09-11 03:00:48
124244754;10000611;2026-10-08 12:30;2026-09-11 03:00:48
124244754;10000611;2026-10-08 12:45;2026-09-11 03:00:48
124244754;10000611;2026-10-08 13:00;2026-09-11 03:00:48
124244754;10000611;2026-10-08 13:15;2026-09-11 03:00:48
124244754;10000611;2026-10-08 13:30;2026-09-11 03:00:48
124244754;10000611;2026-10-08 13:45;2026-09-11 03:00:48
124244754;10000611;2026-10-01 13:15;2026-09-11 03:00:48
124244754;10000611;2026-10-01 13:30;2026-09-11 03:00:48
124244754;10000611;2026-10-01 14:15;2026-09-11 03:00:48
124244754;10000611;2026-10-01 14:30;2026-09-11 03:00:48
124244754;10000611;2026-10-01 15:30;2026-09-11 03:00:48
124244754;10000611;2026-10-01 17:30;2026-09-11 03:00:48
124244754;10000611;2026-10-01 17:45;2026-09-11 03:00:48
124244754;10000611;2026-10-01 18:00;2026-09-11 03:00:48
124244754;10000611;2026-10-01 15:15;2026-09-11 03:00:48
124244754;10000611;2026-10-01 12:45;2026-09-11 03:00:48
124244754;10000611;2026-10-01 14:00;2026-09-11 03:00:48
124244754;10000611;2026-10-01 14:45;2026-09-11 03:00:48
124244754;10000611;2026-10-01 15:45;2026-09-11 03:00:48
124244754;10000611;2026-10-01 16:30;2026-09-11 03:00:48
124244754;10000611;2026-10-01 16:45;2026-09-11 03:00:48
124244754;10000611;2026-10-01 18:15;2026-09-11 03:00:48
124244754;10000611;2026-10-01 18:30;2026-09-11 03:00:48
124244754;10000611;2026-10-01 18:45;2026-09-11 03:00:48
124244754;10000611;2026-10-01 19:00;2026-09-11 03:00:48
124244754;10000611;2026-10-07 13:15;2026-09-11 03:00:48
124244754;10000611;2026-10-07 13:30;2026-09-11 03:00:48
124244754;10000611;2026-10-07 14:15;2026-09-11 03:00:48
124244754;10000611;2026-10-07 14:30;2026-09-11 03:00:48
124244754;10000611;2026-10-07 15:30;2026-09-11 03:00:48
124244754;10000611;2026-10-07 17:30;2026-09-11 03:00:48
124244754;10000611;2026-10-07 17:45;2026-09-11 03:00:48
124244754;10000611;2026-10-07 18:00;2026-09-11 03:00:48
124244754;10000611;2026-10-07 12:45;2026-09-11 03:00:48
124244754;10000611;2026-10-07 13:00;2026-09-11 03:00:48
124244754;10000611;2026-10-07 13:45;2026-09-11 03:00:48
124244754;10000611;2026-10-07 14:45;2026-09-11 03:00:48
124244754;10000611;2026-10-07 15:45;2026-09-11 03:00:48
124244754;10000611;2026-10-07 16:30;2026-09-11 03:00:48
124244754;10000611;2026-10-07 16:45;2026-09-11 03:00:48
124244754;10000611;2026-10-07 18:15;2026-09-11 03:00:48
124244754;10000611;2026-10-07 18:30;2026-09-11 03:00:48
124244754;10000611;2026-10-07 18:45;2026-09-11 03:00:48
124244754;10000611;2026-10-07 19:00;2026-09-11 03:00:48
124244754;10000611;2026-10-07 15:00;2026-09-11 03:00:48
124244754;10000611;2026-10-09 17:00;2026-09-11 03:00:48
124244754;10000611;2026-10-09 17:15;2026-09-11 03:00:48
124244754;10000611;2026-10-09 17:30;2026-09-11 03:00:48
124244754;10000611;2026-10-09 17:45;2026-09-11 03:00:48
124244754;10000611;2026-10-09 18:00;2026-09-11 03:00:48
124244754;10000611;2026-10-09 18:15;2026-09-11 03:00:48
124244754;10000611;2026-10-09 15:45;2026-09-11 03:00:48
124244754;10000611;2026-10-07 14:00;2026-09-11 03:00:48
124244754;10000611;2026-10-01 12:30;2026-09-11 03:00:48
124244754;10000611;2026-09-11 14:30;2026-09-11 03:00:48
124244754;10254140;2026-09-28 07:30;2026-09-11 03:00:48
124244754;10254140;2026-09-28 07:45;2026-09-11 03:00:48
124244754;10254140;2026-09-28 08:00;2026-09-11 03:00:48
124244754;10254140;2026-09-28 08:15;2026-09-11 03:00:48
124244754;10254140;2026-09-28 08:30;2026-09-11 03:00:48
124244754;10254140;2026-09-28 08:45;2026-09-11 03:00:48
124244754;10254140;2026-09-28 09:15;2026-09-11 03:00:48
124244754;10254140;2026-09-28 11:30;2026-09-11 03:00:48
124244754;10254140;2026-09-28 11:45;2026-09-11 03:00:48
124244754;10254140;2026-09-28 12:00;2026-09-11 03:00:48
124244754;10254140;2026-09-28 12:15;2026-09-11 03:00:48
124244754;10254140;2026-09-28 12:30;2026-09-11 03:00:48
124244754;10254140;2026-09-28 12:45;2026-09-11 03:00:48
124244754;10254140;2026-09-28 10:45;2026-09-11 03:00:48
124244754;10254140;2026-09-28 09:30;2026-09-11 03:00:48
124244754;10254140;2026-09-29 14:00;2026-09-11 03:00:48
124244754;10254140;2026-09-29 14:15;2026-09-11 03:00:48
124244754;10254140;2026-09-29 14:30;2026-09-11 03:00:48
124244754;10254140;2026-09-29 14:45;2026-09-11 03:00:48
124244754;10254140;2026-09-29 15:00;2026-09-11 03:00:48
124244754;10254140;2026-09-29 15:30;2026-09-11 03:00:48
124244754;10254140;2026-09-29 15:45;2026-09-11 03:00:48
124244754;10254140;2026-09-29 16:00;2026-09-11 03:00:48
124244754;10254140;2026-09-29 16:45;2026-09-11 03:00:48
124244754;10254140;2026-09-29 17:45;2026-09-11 03:00:48
124244754;10254140;2026-09-29 18:15;2026-09-11 03:00:48
124244754;10254140;2026-09-29 18:45;2026-09-11 03:00:48
124244754;10254140;2026-09-29 19:00;2026-09-11 03:00:48
124244754;10254140;2026-09-29 19:15;2026-09-11 03:00:48
124244754;10254140;2026-09-29 16:15;2026-09-11 03:00:48
124244754;10254140;2026-09-29 16:30;2026-09-11 03:00:48
124244754;10254140;2026-09-11 14:00;2026-09-11 03:00:48
124244754;10254140;2026-09-11 14:15;2026-09-11 03:00:48
124244754;10254140;2026-09-11 14:30;2026-09-11 03:00:48
124244754;10254140;2026-09-11 14:45;2026-09-11 03:00:48
124244754;10254140;2026-09-11 15:00;2026-09-11 03:00:48
124244754;10254140;2026-09-14 11:45;2026-09-11 03:00:48
124244754;10254140;2026-09-14 12:00;2026-09-11 03:00:48
124244754;10254140;2026-09-14 12:15;2026-09-11 03:00:48
124244754;10254140;2026-09-14 12:30;2026-09-11 03:00:48
124244754;10254140;2026-09-14 12:45;2026-09-11 03:00:48
124244754;10254140;2026-09-15 14:00;2026-09-11 03:00:48
124244754;10254140;2026-09-15 14:15;2026-09-11 03:00:48
124244754;10254140;2026-09-15 14:30;2026-09-11 03:00:48
124244754;10254140;2026-09-15 14:45;2026-09-11 03:00:48
124244754;10254140;2026-09-15 15:00;2026-09-11 03:00:48
124244754;10254140;2026-09-17 14:00;2026-09-11 03:00:48
124244754;10254140;2026-09-17 14:15;2026-09-11 03:00:48
124244754;10254140;2026-09-17 14:30;2026-09-11 03:00:48
124244754;10254140;2026-09-17 14:45;2026-09-11 03:00:48
124244754;10254140;2026-09-17 15:00;2026-09-11 03:00:48
124244754;10254140;2026-09-18 11:45;2026-09-11 03:00:48
124244754;10254140;2026-09-18 10:45;2026-09-11 03:00:48
124244754;10254140;2026-09-18 09:00;2026-09-11 03:00:48
124244754;10254140;2026-09-18 09:15;2026-09-11 03:00:48
124244754;10254140;2026-09-18 10:15;2026-09-11 03:00:48
124244754;10254140;2026-09-18 10:30;2026-09-11 03:00:48
124244754;10254140;2026-09-18 09:45;2026-09-11 03:00:48
124244754;10254140;2026-09-18 11:30;2026-09-11 03:00:48
124244754;10254140;2026-09-21 14:00;2026-09-11 03:00:48
124244754;10254140;2026-09-21 14:15;2026-09-11 03:00:48
124244754;10254140;2026-09-21 14:30;2026-09-11 03:00:48
124244754;10254140;2026-09-21 14:45;2026-09-11 03:00:48
124244754;10254140;2026-09-21 15:00;2026-09-11 03:00:48
124244754;10254140;2026-09-21 15:15;2026-09-11 03:00:48
124244754;10254140;2026-09-21 15:30;2026-09-11 03:00:48
124244754;10254140;2026-09-21 15:45;2026-09-11 03:00:48
124244754;10254140;2026-09-21 16:45;2026-09-11 03:00:48
124244754;10254140;2026-09-21 17:45;2026-09-11 03:00:48
124244754;10254140;2026-09-21 18:15;2026-09-11 03:00:48
124244754;10254140;2026-09-21 18:30;2026-09-11 03:00:48
124244754;10254140;2026-09-21 18:45;2026-09-11 03:00:48
124244754;10254140;2026-09-21 19:00;2026-09-11 03:00:48
124244754;10254140;2026-09-21 16:15;2026-09-11 03:00:48
124244754;10254140;2026-09-22 07:30;2026-09-11 03:00:48
124244754;10254140;2026-09-22 07:45;2026-09-11 03:00:48
124244754;10254140;2026-09-22 08:00;2026-09-11 03:00:48
124244754;10254140;2026-09-22 08:15;2026-09-11 03:00:48
124244754;10254140;2026-09-22 08:30;2026-09-11 03:00:48
124244754;10254140;2026-09-22 08:45;2026-09-11 03:00:48
124244754;10254140;2026-09-22 09:00;2026-09-11 03:00:48
124244754;10254140;2026-09-22 09:15;2026-09-11 03:00:48
124244754;10254140;2026-09-22 10:00;2026-09-11 03:00:48
124244754;10254140;2026-09-22 10:15;2026-09-11 03:00:48
124244754;10254140;2026-09-22 11:30;2026-09-11 03:00:48
124244754;10254140;2026-09-22 11:45;2026-09-11 03:00:48
124244754;10254140;2026-09-22 12:00;2026-09-11 03:00:48
124244754;10254140;2026-09-22 12:15;2026-09-11 03:00:48
124244754;10254140;2026-09-22 12:30;2026-09-11 03:00:48
124244754;10254140;2026-09-22 12:45;2026-09-11 03:00:48
124244754;10254140;2026-09-22 10:30;2026-09-11 03:00:48
124244754;10254140;2026-09-22 09:30;2026-09-11 03:00:48
124244754;10254140;2026-09-22 09:45;2026-09-11 03:00:48
124244754;10254140;2026-09-24 07:45;2026-09-11 03:00:48
124244754;10254140;2026-09-24 08:00;2026-09-11 03:00:48
124244754;10254140;2026-09-24 08:15;2026-09-11 03:00:48
124244754;10254140;2026-09-24 08:45;2026-09-11 03:00:48
124244754;10254140;2026-09-24 09:00;2026-09-11 03:00:48
124244754;10254140;2026-09-24 09:15;2026-09-11 03:00:48
124244754;10254140;2026-09-24 10:00;2026-09-11 03:00:48
124244754;10254140;2026-09-24 11:30;2026-09-11 03:00:48
124244754;10254140;2026-09-24 11:45;2026-09-11 03:00:48
124244754;10254140;2026-09-24 12:00;2026-09-11 03:00:48
124244754;10254140;2026-09-24 12:15;2026-09-11 03:00:48
124244754;10254140;2026-09-24 12:30;2026-09-11 03:00:48
124244754;10254140;2026-09-24 12:45;2026-09-11 03:00:48
124244754;10254140;2026-09-24 10:30;2026-09-11 03:00:48
124244754;10254140;2026-09-24 10:45;2026-09-11 03:00:48
124244754;10254140;2026-09-24 09:30;2026-09-11 03:00:48
124244754;10254140;2026-09-24 09:45;2026-09-11 03:00:48
124244754;10254140;2026-09-25 14:00;2026-09-11 03:00:48
124244754;10254140;2026-09-25 14:15;2026-09-11 03:00:48
124244754;10254140;2026-09-25 14:30;2026-09-11 03:00:48
124244754;10254140;2026-09-25 14:45;2026-09-11 03:00:48
124244754;10254140;2026-09-25 15:00;2026-09-11 03:00:48
124244754;10254140;2026-09-25 15:15;2026-09-11 03:00:48
124244754;10254140;2026-09-25 15:30;2026-09-11 03:00:48
124244754;10254140;2026-09-25 15:45;2026-09-11 03:00:48
124244754;10254140;2026-09-25 16:45;2026-09-11 03:00:48
124244754;10254140;2026-09-25 16:15;2026-09-11 03:00:48
124244754;10254140;2026-09-25 16:30;2026-09-11 03:00:48
124244754;10254140;2026-10-01 14:00;2026-09-11 03:00:48
124244754;10254140;2026-10-01 14:15;2026-09-11 03:00:48
124244754;10254140;2026-10-01 14:30;2026-09-11 03:00:48
124244754;10254140;2026-10-01 14:45;2026-09-11 03:00:48
124244754;10254140;2026-10-01 15:00;2026-09-11 03:00:48
124244754;10254140;2026-10-01 15:15;2026-09-11 03:00:48
124244754;10254140;2026-10-01 15:30;2026-09-11 03:00:48
124244754;10254140;2026-10-01 15:45;2026-09-11 03:00:48
124244754;10254140;2026-10-01 16:00;2026-09-11 03:00:48
124244754;10254140;2026-10-01 18:00;2026-09-11 03:00:48
124244754;10254140;2026-10-01 18:15;2026-09-11 03:00:48
124244754;10254140;2026-10-01 18:30;2026-09-11 03:00:48
124244754;10254140;2026-10-01 18:45;2026-09-11 03:00:48
124244754;10254140;2026-10-01 19:00;2026-09-11 03:00:48
124244754;10254140;2026-10-01 19:15;2026-09-11 03:00:48
124244754;10254140;2026-10-01 16:15;2026-09-11 03:00:48
124244754;10254140;2026-10-01 16:30;2026-09-11 03:00:48
124244754;10254140;2026-10-02 11:45;2026-09-11 03:00:48
124244754;10254140;2026-10-02 10:45;2026-09-11 03:00:48
124244754;10254140;2026-10-02 07:45;2026-09-11 03:00:48
124244754;10254140;2026-10-02 08:00;2026-09-11 03:00:48
124244754;10254140;2026-10-02 08:15;2026-09-11 03:00:48
124244754;10254140;2026-10-02 08:30;2026-09-11 03:00:48
124244754;10254140;2026-10-02 08:45;2026-09-11 03:00:48
124244754;10254140;2026-10-02 09:00;2026-09-11 03:00:48
124244754;10254140;2026-10-02 09:15;2026-09-11 03:00:48
124244754;10254140;2026-10-02 10:00;2026-09-11 03:00:48
124244754;10254140;2026-10-02 10:15;2026-09-11 03:00:48
124244754;10254140;2026-10-02 10:30;2026-09-11 03:00:48
124244754;10254140;2026-10-02 09:30;2026-09-11 03:00:48
124244754;10254140;2026-10-02 09:45;2026-09-11 03:00:48
124244754;10254140;2026-10-02 11:30;2026-09-11 03:00:48
124244754;10254140;2026-10-05 14:00;2026-09-11 03:00:48
124244754;10254140;2026-10-05 14:15;2026-09-11 03:00:48
124244754;10254140;2026-10-05 14:30;2026-09-11 03:00:48
124244754;10254140;2026-10-05 14:45;2026-09-11 03:00:48
124244754;10254140;2026-10-05 15:00;2026-09-11 03:00:48
124244754;10254140;2026-10-05 15:15;2026-09-11 03:00:48
124244754;10254140;2026-10-05 15:30;2026-09-11 03:00:48
124244754;10254140;2026-10-05 15:45;2026-09-11 03:00:48
124244754;10254140;2026-10-05 16:00;2026-09-11 03:00:48
124244754;10254140;2026-10-05 16:45;2026-09-11 03:00:48
124244754;10254140;2026-10-05 18:00;2026-09-11 03:00:48
124244754;10254140;2026-10-05 18:15;2026-09-11 03:00:48
124244754;10254140;2026-10-05 18:30;2026-09-11 03:00:48
124244754;10254140;2026-10-05 18:45;2026-09-11 03:00:48
124244754;10254140;2026-10-05 19:00;2026-09-11 03:00:48
124244754;10254140;2026-10-05 19:15;2026-09-11 03:00:48
124244754;10254140;2026-10-05 16:15;2026-09-11 03:00:48
124244754;10254140;2026-10-05 16:30;2026-09-11 03:00:48
124244754;10254140;2026-10-06 07:30;2026-09-11 03:00:48
124244754;10254140;2026-10-06 07:45;2026-09-11 03:00:48
124244754;10254140;2026-10-06 08:00;2026-09-11 03:00:48
124244754;10254140;2026-10-06 08:15;2026-09-11 03:00:48
124244754;10254140;2026-10-06 08:30;2026-09-11 03:00:48
124244754;10254140;2026-10-06 08:45;2026-09-11 03:00:48
124244754;10254140;2026-10-06 09:15;2026-09-11 03:00:48
124244754;10254140;2026-10-06 10:00;2026-09-11 03:00:48
124244754;10254140;2026-10-06 10:15;2026-09-11 03:00:48
124244754;10254140;2026-10-06 11:30;2026-09-11 03:00:48
124244754;10254140;2026-10-06 11:45;2026-09-11 03:00:48
124244754;10254140;2026-10-06 12:00;2026-09-11 03:00:48
124244754;10254140;2026-10-06 12:15;2026-09-11 03:00:48
124244754;10254140;2026-10-06 12:30;2026-09-11 03:00:48
124244754;10254140;2026-10-06 12:45;2026-09-11 03:00:48
124244754;10254140;2026-10-06 10:30;2026-09-11 03:00:48
124244754;10254140;2026-10-06 10:45;2026-09-11 03:00:48
124244754;10254140;2026-10-06 09:45;2026-09-11 03:00:48
124244754;10254140;2026-10-08 07:45;2026-09-11 03:00:48
124244754;10254140;2026-10-08 08:45;2026-09-11 03:00:48
124244754;10254140;2026-10-08 09:00;2026-09-11 03:00:48
124244754;10254140;2026-10-08 09:15;2026-09-11 03:00:48
124244754;10254140;2026-10-08 10:00;2026-09-11 03:00:48
124244754;10254140;2026-10-08 10:15;2026-09-11 03:00:48
124244754;10254140;2026-10-08 11:30;2026-09-11 03:00:48
124244754;10254140;2026-10-08 11:45;2026-09-11 03:00:48
124244754;10254140;2026-10-08 12:00;2026-09-11 03:00:48
124244754;10254140;2026-10-08 12:15;2026-09-11 03:00:48
124244754;10254140;2026-10-08 12:30;2026-09-11 03:00:48
124244754;10254140;2026-10-08 12:45;2026-09-11 03:00:48
124244754;10254140;2026-10-08 10:30;2026-09-11 03:00:48
124244754;10254140;2026-10-08 10:45;2026-09-11 03:00:48
124244754;10254140;2026-10-08 09:30;2026-09-11 03:00:48
124244754;10254140;2026-10-08 09:45;2026-09-11 03:00:48
124244754;10254140;2026-10-09 14:00;2026-09-11 03:00:48
124244754;10254140;2026-10-09 14:15;2026-09-11 03:00:48
124244754;10254140;2026-10-09 14:30;2026-09-11 03:00:48
124244754;10254140;2026-10-09 14:45;2026-09-11 03:00:48
124244754;10254140;2026-10-09 15:00;2026-09-11 03:00:48
124244754;10254140;2026-10-09 15:30;2026-09-11 03:00:48
124244754;10254140;2026-10-09 15:45;2026-09-11 03:00:48
124244754;10254140;2026-10-09 16:00;2026-09-11 03:00:48
124244754;10254140;2026-10-09 16:45;2026-09-11 03:00:48
124244754;10254140;2026-10-09 17:30;2026-09-11 03:00:48
124244754;10254140;2026-10-09 17:45;2026-09-11 03:00:48
124244754;10254140;2026-10-09 18:00;2026-09-11 03:00:48
124244754;10254140;2026-10-09 18:15;2026-09-11 03:00:48
124244754;10254140;2026-10-09 16:15;2026-09-11 03:00:48
124244754;10254140;2026-10-09 16:30;2026-09-11 03:00:48
124244754;10254140;2026-10-01 16:45;2026-09-11 03:00:48
124244754;10001137;2026-09-11 09:15;2026-09-11 03:00:48
124244754;10001137;2026-09-11 09:45;2026-09-11 03:00:48
124244754;10001137;2026-09-11 09:00;2026-09-11 03:00:48
124244754;10001137;2026-09-11 09:30;2026-09-11 03:00:48
124244754;10001137;2026-09-11 10:00;2026-09-11 03:00:48
124244754;10001137;2026-09-14 13:45;2026-09-11 03:00:48
124244754;10001137;2026-09-14 14:00;2026-09-11 03:00:48
124244754;10001137;2026-09-14 14:15;2026-09-11 03:00:48
124244754;10001137;2026-09-14 14:30;2026-09-11 03:00:48
124244754;10001137;2026-09-14 14:45;2026-09-11 03:00:48
124244754;10001137;2026-09-14 15:00;2026-09-11 03:00:48
124244754;10001137;2026-09-15 09:45;2026-09-11 03:00:48
124244754;10001137;2026-09-15 10:00;2026-09-11 03:00:48
124244754;10001137;2026-09-15 10:15;2026-09-11 03:00:48
124244754;10001137;2026-09-16 13:45;2026-09-11 03:00:48
124244754;10001137;2026-09-16 14:00;2026-09-11 03:00:48
124244754;10001137;2026-09-16 14:15;2026-09-11 03:00:48
124244754;10001137;2026-09-16 14:30;2026-09-11 03:00:48
124244754;10001137;2026-09-16 14:45;2026-09-11 03:00:48
124244754;10001137;2026-09-17 09:45;2026-09-11 03:00:48
124244754;10001137;2026-09-17 10:00;2026-09-11 03:00:48
124244754;10001137;2026-09-17 10:15;2026-09-11 03:00:48
124244754;10001137;2026-09-17 10:30;2026-09-11 03:00:48
124244754;10001137;2026-09-17 10:45;2026-09-11 03:00:48
124244754;10001137;2026-09-18 13:45;2026-09-11 03:00:48
124244754;10001137;2026-09-18 14:00;2026-09-11 03:00:48
124244754;10001137;2026-09-18 14:15;2026-09-11 03:00:48
124244754;10001137;2026-09-18 14:30;2026-09-11 03:00:48
124244754;10001137;2026-09-18 15:00;2026-09-11 03:00:48
124244754;10001137;2026-09-21 13:45;2026-09-11 03:00:48
124244754;10001137;2026-09-21 14:00;2026-09-11 03:00:48
124244754;10001137;2026-09-21 14:15;2026-09-11 03:00:48
124244754;10001137;2026-09-21 14:30;2026-09-11 03:00:48
124244754;10001137;2026-09-21 14:45;2026-09-11 03:00:48
124244754;10001137;2026-09-21 15:00;2026-09-11 03:00:48
124244754;10001137;2026-09-22 08:45;2026-09-11 03:00:48
124244754;10001137;2026-09-22 09:30;2026-09-11 03:00:48
124244754;10001137;2026-09-22 09:45;2026-09-11 03:00:48
124244754;10001137;2026-09-22 10:00;2026-09-11 03:00:48
124244754;10001137;2026-09-22 10:15;2026-09-11 03:00:48
124244754;10001137;2026-09-22 10:30;2026-09-11 03:00:48
124244754;10001137;2026-09-22 10:45;2026-09-11 03:00:48
124244754;10001137;2026-09-22 11:45;2026-09-11 03:00:48
124244754;10001137;2026-09-22 12:00;2026-09-11 03:00:48
124244754;10001137;2026-09-22 12:15;2026-09-11 03:00:48
124244754;10001137;2026-09-22 12:45;2026-09-11 03:00:48
124244754;10001137;2026-09-23 13:45;2026-09-11 03:00:48
124244754;10001137;2026-09-23 14:00;2026-09-11 03:00:48
124244754;10001137;2026-09-23 14:15;2026-09-11 03:00:48
124244754;10001137;2026-09-23 14:30;2026-09-11 03:00:48
124244754;10001137;2026-09-23 14:45;2026-09-11 03:00:48
124244754;10001137;2026-09-23 15:00;2026-09-11 03:00:48
124244754;10001137;2026-09-23 15:45;2026-09-11 03:00:48
124244754;10001137;2026-09-23 16:15;2026-09-11 03:00:48
124244754;10001137;2026-09-24 07:45;2026-09-11 03:00:48
124244754;10001137;2026-09-24 08:00;2026-09-11 03:00:48
124244754;10001137;2026-09-24 08:15;2026-09-11 03:00:48
124244754;10001137;2026-09-24 08:30;2026-09-11 03:00:48
124244754;10001137;2026-09-24 08:45;2026-09-11 03:00:48
124244754;10001137;2026-09-24 09:00;2026-09-11 03:00:48
124244754;10001137;2026-09-24 09:15;2026-09-11 03:00:48
124244754;10001137;2026-09-24 09:30;2026-09-11 03:00:48
124244754;10001137;2026-09-24 09:45;2026-09-11 03:00:48
124244754;10001137;2026-09-24 10:00;2026-09-11 03:00:48
124244754;10001137;2026-09-24 10:15;2026-09-11 03:00:48
124244754;10001137;2026-09-24 10:30;2026-09-11 03:00:48
124244754;10001137;2026-09-24 10:45;2026-09-11 03:00:48
124244754;10001137;2026-09-24 11:30;2026-09-11 03:00:48
124244754;10001137;2026-09-24 11:45;2026-09-11 03:00:48
124244754;10001137;2026-09-24 12:00;2026-09-11 03:00:48
124244754;10001137;2026-09-24 12:15;2026-09-11 03:00:48
124244754;10001137;2026-09-24 12:30;2026-09-11 03:00:48
124244754;10001137;2026-09-24 12:45;2026-09-11 03:00:48
124244754;10001137;2026-09-24 13:00;2026-09-11 03:00:48
124244754;10001137;2026-09-25 07:45;2026-09-11 03:00:48
124244754;10001137;2026-09-25 08:15;2026-09-11 03:00:48
124244754;10001137;2026-09-25 08:45;2026-09-11 03:00:48
124244754;10001137;2026-09-25 09:15;2026-09-11 03:00:48
124244754;10001137;2026-09-25 09:45;2026-09-11 03:00:48
124244754;10001137;2026-09-25 10:15;2026-09-11 03:00:48
124244754;10001137;2026-09-25 10:45;2026-09-11 03:00:48
124244754;10001137;2026-09-25 08:00;2026-09-11 03:00:48
124244754;10001137;2026-09-25 08:30;2026-09-11 03:00:48
124244754;10001137;2026-09-25 09:00;2026-09-11 03:00:48
124244754;10001137;2026-09-25 09:30;2026-09-11 03:00:48
124244754;10001137;2026-09-25 10:00;2026-09-11 03:00:48
124244754;10001137;2026-09-25 10:30;2026-09-11 03:00:48
124244754;10001137;2026-09-25 11:30;2026-09-11 03:00:48
124244754;10001137;2026-09-25 11:45;2026-09-11 03:00:48
124244754;10001137;2026-09-25 12:00;2026-09-11 03:00:48
124244754;10001137;2026-09-25 12:15;2026-09-11 03:00:48
124244754;10001137;2026-09-25 12:30;2026-09-11 03:00:48
124244754;10001137;2026-09-25 12:45;2026-09-11 03:00:48
124244754;10001137;2026-09-25 13:00;2026-09-11 03:00:48
124244754;10001137;2026-09-28 13:45;2026-09-11 03:00:48
124244754;10001137;2026-09-28 14:00;2026-09-11 03:00:48
124244754;10001137;2026-09-28 14:15;2026-09-11 03:00:48
124244754;10001137;2026-09-28 14:30;2026-09-11 03:00:48
124244754;10001137;2026-09-28 14:45;2026-09-11 03:00:48
124244754;10001137;2026-09-28 15:00;2026-09-11 03:00:48
124244754;10001137;2026-09-28 15:15;2026-09-11 03:00:48
124244754;10001137;2026-09-28 15:30;2026-09-11 03:00:48
124244754;10001137;2026-09-28 15:45;2026-09-11 03:00:48
124244754;10001137;2026-09-28 16:00;2026-09-11 03:00:48
124244754;10001137;2026-09-28 16:15;2026-09-11 03:00:48
124244754;10001137;2026-09-28 17:00;2026-09-11 03:00:48
124244754;10001137;2026-09-28 17:15;2026-09-11 03:00:48
124244754;10001137;2026-09-28 18:00;2026-09-11 03:00:48
124244754;10001137;2026-09-28 18:15;2026-09-11 03:00:48
124244754;10001137;2026-09-28 18:30;2026-09-11 03:00:48
124244754;10001137;2026-09-28 18:45;2026-09-11 03:00:48
124244754;10001137;2026-09-28 19:00;2026-09-11 03:00:48
124244754;10001137;2026-09-29 07:45;2026-09-11 03:00:48
124244754;10001137;2026-09-29 08:00;2026-09-11 03:00:48
124244754;10001137;2026-09-29 08:15;2026-09-11 03:00:48
124244754;10001137;2026-09-29 08:30;2026-09-11 03:00:48
124244754;10001137;2026-09-29 08:45;2026-09-11 03:00:48
124244754;10001137;2026-09-29 09:45;2026-09-11 03:00:48
124244754;10001137;2026-09-29 10:00;2026-09-11 03:00:48
124244754;10001137;2026-09-29 10:15;2026-09-11 03:00:48
124244754;10001137;2026-09-29 10:30;2026-09-11 03:00:48
124244754;10001137;2026-09-29 10:45;2026-09-11 03:00:48
124244754;10001137;2026-09-29 11:45;2026-09-11 03:00:48
124244754;10001137;2026-09-29 12:00;2026-09-11 03:00:48
124244754;10001137;2026-09-29 12:15;2026-09-11 03:00:48
124244754;10001137;2026-09-29 12:30;2026-09-11 03:00:48
124244754;10001137;2026-09-29 12:45;2026-09-11 03:00:48
124244754;10001137;2026-09-29 13:00;2026-09-11 03:00:48
124244754;10001137;2026-09-30 13:45;2026-09-11 03:00:48
124244754;10001137;2026-09-30 14:00;2026-09-11 03:00:48
124244754;10001137;2026-09-30 14:15;2026-09-11 03:00:48
124244754;10001137;2026-09-30 14:30;2026-09-11 03:00:48
124244754;10001137;2026-09-30 14:45;2026-09-11 03:00:48
124244754;10001137;2026-09-30 15:00;2026-09-11 03:00:48
124244754;10001137;2026-09-30 15:15;2026-09-11 03:00:48
124244754;10001137;2026-09-30 15:30;2026-09-11 03:00:48
124244754;10001137;2026-09-30 15:45;2026-09-11 03:00:48
124244754;10001137;2026-09-30 16:00;2026-09-11 03:00:48
124244754;10001137;2026-09-30 16:15;2026-09-11 03:00:48
124244754;10001137;2026-09-30 17:30;2026-09-11 03:00:48
124244754;10001137;2026-09-30 17:45;2026-09-11 03:00:48
124244754;10001137;2026-09-30 18:15;2026-09-11 03:00:48
124244754;10001137;2026-09-30 18:45;2026-09-11 03:00:48
124244754;10001137;2026-09-30 19:00;2026-09-11 03:00:48
124244754;10001137;2026-10-01 07:45;2026-09-11 03:00:48
124244754;10001137;2026-10-01 08:00;2026-09-11 03:00:48
124244754;10001137;2026-10-01 08:15;2026-09-11 03:00:48
124244754;10001137;2026-10-01 08:30;2026-09-11 03:00:48
124244754;10001137;2026-10-01 08:45;2026-09-11 03:00:48
124244754;10001137;2026-10-01 09:30;2026-09-11 03:00:48
124244754;10001137;2026-10-01 09:45;2026-09-11 03:00:48
124244754;10001137;2026-10-01 10:00;2026-09-11 03:00:48
124244754;10001137;2026-10-01 10:15;2026-09-11 03:00:48
124244754;10001137;2026-10-01 10:30;2026-09-11 03:00:48
124244754;10001137;2026-10-01 10:45;2026-09-11 03:00:48
124244754;10001137;2026-10-01 11:30;2026-09-11 03:00:48
124244754;10001137;2026-10-01 11:45;2026-09-11 03:00:48
124244754;10001137;2026-10-01 12:00;2026-09-11 03:00:48
124244754;10001137;2026-10-01 12:15;2026-09-11 03:00:48
124244754;10001137;2026-10-01 12:30;2026-09-11 03:00:48
124244754;10001137;2026-10-01 12:45;2026-09-11 03:00:48
124244754;10001137;2026-10-01 13:00;2026-09-11 03:00:48
124244754;10001137;2026-10-02 13:45;2026-09-11 03:00:48
124244754;10001137;2026-10-02 14:00;2026-09-11 03:00:48
124244754;10001137;2026-10-02 14:15;2026-09-11 03:00:48
124244754;10001137;2026-10-02 14:30;2026-09-11 03:00:48
124244754;10001137;2026-10-02 14:45;2026-09-11 03:00:48
124244754;10001137;2026-10-02 15:00;2026-09-11 03:00:48
124244754;10001137;2026-10-02 15:15;2026-09-11 03:00:48
124244754;10001137;2026-10-02 15:30;2026-09-11 03:00:48
124244754;10001137;2026-10-02 15:45;2026-09-11 03:00:48
124244754;10001137;2026-10-02 16:00;2026-09-11 03:00:48
124244754;10001137;2026-10-02 17:15;2026-09-11 03:00:48
124244754;10001137;2026-10-02 17:30;2026-09-11 03:00:48
124244754;10001137;2026-10-02 17:45;2026-09-11 03:00:48
124244754;10001137;2026-10-02 18:00;2026-09-11 03:00:48
124244754;10001137;2026-10-02 18:15;2026-09-11 03:00:48
124244754;10001137;2026-10-02 18:30;2026-09-11 03:00:48
124244754;10001137;2026-10-02 18:45;2026-09-11 03:00:48
124244754;10001137;2026-10-02 19:00;2026-09-11 03:00:48
124244754;10001137;2026-10-02 16:15;2026-09-11 03:00:48
124244754;10001137;2026-10-02 17:00;2026-09-11 03:00:48
124244754;10001137;2026-10-05 13:45;2026-09-11 03:00:48
124244754;10001137;2026-10-05 14:00;2026-09-11 03:00:48
124244754;10001137;2026-10-05 14:15;2026-09-11 03:00:48
124244754;10001137;2026-10-05 14:30;2026-09-11 03:00:48
124244754;10001137;2026-10-05 14:45;2026-09-11 03:00:48
124244754;10001137;2026-10-05 15:00;2026-09-11 03:00:48
124244754;10001137;2026-10-05 15:15;2026-09-11 03:00:48
124244754;10001137;2026-10-05 15:30;2026-09-11 03:00:48
124244754;10001137;2026-10-05 15:45;2026-09-11 03:00:48
124244754;10001137;2026-10-05 16:00;2026-09-11 03:00:48
124244754;10001137;2026-10-05 16:15;2026-09-11 03:00:48
124244754;10001137;2026-10-05 17:15;2026-09-11 03:00:48
124244754;10001137;2026-10-05 17:30;2026-09-11 03:00:48
124244754;10001137;2026-10-05 17:45;2026-09-11 03:00:48
124244754;10001137;2026-10-05 18:00;2026-09-11 03:00:48
124244754;10001137;2026-10-05 18:15;2026-09-11 03:00:48
124244754;10001137;2026-10-05 18:30;2026-09-11 03:00:48
124244754;10001137;2026-10-05 18:45;2026-09-11 03:00:48
124244754;10001137;2026-10-05 19:00;2026-09-11 03:00:48
124244754;10001137;2026-10-06 08:00;2026-09-11 03:00:48
124244754;10001137;2026-10-06 08:15;2026-09-11 03:00:48
124244754;10001137;2026-10-06 08:30;2026-09-11 03:00:48
124244754;10001137;2026-10-06 08:45;2026-09-11 03:00:48
124244754;10001137;2026-10-06 09:00;2026-09-11 03:00:48
124244754;10001137;2026-10-06 09:15;2026-09-11 03:00:48
124244754;10001137;2026-10-06 09:30;2026-09-11 03:00:48
124244754;10001137;2026-10-06 09:45;2026-09-11 03:00:48
124244754;10001137;2026-10-06 10:00;2026-09-11 03:00:48
124244754;10001137;2026-10-06 10:15;2026-09-11 03:00:48
124244754;10001137;2026-10-06 10:30;2026-09-11 03:00:48
124244754;10001137;2026-10-06 10:45;2026-09-11 03:00:48
124244754;10001137;2026-10-06 12:00;2026-09-11 03:00:48
124244754;10001137;2026-10-06 12:15;2026-09-11 03:00:48
124244754;10001137;2026-10-06 12:45;2026-09-11 03:00:48
124244754;10001137;2026-10-06 13:00;2026-09-11 03:00:48
124244754;10001137;2026-10-07 13:45;2026-09-11 03:00:48
124244754;10001137;2026-10-07 14:00;2026-09-11 03:00:48
124244754;10001137;2026-10-07 14:15;2026-09-11 03:00:48
124244754;10001137;2026-10-07 14:30;2026-09-11 03:00:48
124244754;10001137;2026-10-07 14:45;2026-09-11 03:00:48
124244754;10001137;2026-10-07 15:00;2026-09-11 03:00:48
124244754;10001137;2026-10-07 15:15;2026-09-11 03:00:48
124244754;10001137;2026-10-07 15:30;2026-09-11 03:00:48
124244754;10001137;2026-10-07 15:45;2026-09-11 03:00:48
124244754;10001137;2026-10-07 16:00;2026-09-11 03:00:48
124244754;10001137;2026-10-07 16:15;2026-09-11 03:00:48
124244754;10001137;2026-10-07 17:00;2026-09-11 03:00:48
124244754;10001137;2026-10-07 17:15;2026-09-11 03:00:48
124244754;10001137;2026-10-07 17:30;2026-09-11 03:00:48
124244754;10001137;2026-10-07 17:45;2026-09-11 03:00:48
124244754;10001137;2026-10-07 18:00;2026-09-11 03:00:48
124244754;10001137;2026-10-07 18:15;2026-09-11 03:00:48
124244754;10001137;2026-10-07 18:30;2026-09-11 03:00:48
124244754;10001137;2026-10-07 18:45;2026-09-11 03:00:48
124244754;10001137;2026-10-07 19:00;2026-09-11 03:00:48
124244754;10001137;2026-10-08 07:45;2026-09-11 03:00:48
124244754;10001137;2026-10-08 08:00;2026-09-11 03:00:48
124244754;10001137;2026-10-08 08:15;2026-09-11 03:00:48
124244754;10001137;2026-10-08 08:30;2026-09-11 03:00:48
124244754;10001137;2026-10-08 08:45;2026-09-11 03:00:48
124244754;10001137;2026-10-08 09:15;2026-09-11 03:00:48
124244754;10001137;2026-10-08 09:30;2026-09-11 03:00:48
124244754;10001137;2026-10-08 09:45;2026-09-11 03:00:48
124244754;10001137;2026-10-08 10:00;2026-09-11 03:00:48
124244754;10001137;2026-10-08 10:15;2026-09-11 03:00:48
124244754;10001137;2026-10-08 10:30;2026-09-11 03:00:48
124244754;10001137;2026-10-08 10:45;2026-09-11 03:00:48
124244754;10001137;2026-10-08 11:45;2026-09-11 03:00:48
124244754;10001137;2026-10-08 12:00;2026-09-11 03:00:48
124244754;10001137;2026-10-08 12:15;2026-09-11 03:00:48
124244754;10001137;2026-10-08 12:30;2026-09-11 03:00:48
124244754;10001137;2026-10-08 12:45;2026-09-11 03:00:48
124244754;10001137;2026-10-08 13:00;2026-09-11 03:00:48
124244754;10001137;2026-10-09 07:45;2026-09-11 03:00:48
124244754;10001137;2026-10-09 08:15;2026-09-11 03:00:48
124244754;10001137;2026-10-09 08:45;2026-09-11 03:00:48
124244754;10001137;2026-10-09 09:15;2026-09-11 03:00:48
124244754;10001137;2026-10-09 09:45;2026-09-11 03:00:48
124244754;10001137;2026-10-09 10:15;2026-09-11 03:00:48
124244754;10001137;2026-10-09 10:45;2026-09-11 03:00:48
124244754;10001137;2026-10-09 08:00;2026-09-11 03:00:48
124244754;10001137;2026-10-09 08:30;2026-09-11 03:00:48
124244754;10001137;2026-10-09 09:00;2026-09-11 03:00:48
124244754;10001137;2026-10-09 09:30;2026-09-11 03:00:48
124244754;10001137;2026-10-09 10:00;2026-09-11 03:00:48
124244754;10001137;2026-10-09 10:30;2026-09-11 03:00:48
124244754;10001137;2026-10-09 11:30;2026-09-11 03:00:48
124244754;10001137;2026-10-09 11:45;2026-09-11 03:00:48
124244754;10001137;2026-10-09 12:00;2026-09-11 03:00:48
124244754;10001137;2026-10-09 12:15;2026-09-11 03:00:48
124244754;10001137;2026-10-09 12:30;2026-09-11 03:00:48
124244754;10001137;2026-10-09 12:45;2026-09-11 03:00:48
124244754;10001137;2026-10-09 13:00;2026-09-11 03:00:48
124244754;10001137;2026-09-30 18:00;2026-09-11 03:00:48
124244754;10002261;2026-09-11 08:30;2026-09-11 03:00:48
124244754;10002261;2026-09-11 09:30;2026-09-11 03:00:48
124244754;10002261;2026-09-11 11:15;2026-09-11 03:00:48
124244754;10002261;2026-09-14 08:00;2026-09-11 03:00:48
124244754;10002261;2026-09-14 08:30;2026-09-11 03:00:48
124244754;10002261;2026-09-14 09:15;2026-09-11 03:00:48
124244754;10002261;2026-09-14 10:30;2026-09-11 03:00:48
124244754;10002261;2026-09-14 11:15;2026-09-11 03:00:48
124244754;10002261;2026-09-14 11:45;2026-09-11 03:00:48
124244754;10002261;2026-09-15 14:30;2026-09-11 03:00:48
124244754;10002261;2026-09-15 16:00;2026-09-11 03:00:48
124244754;10002261;2026-09-15 17:00;2026-09-11 03:00:48
124244754;10002261;2026-09-15 17:30;2026-09-11 03:00:48
124244754;10002261;2026-09-15 17:45;2026-09-11 03:00:48
124244754;10002261;2026-09-15 18:00;2026-09-11 03:00:48
124244754;10002261;2026-09-15 18:30;2026-09-11 03:00:48
124244754;10002261;2026-09-16 07:45;2026-09-11 03:00:48
124244754;10002261;2026-09-16 08:15;2026-09-11 03:00:48
124244754;10002261;2026-09-16 08:30;2026-09-11 03:00:48
124244754;10002261;2026-09-16 08:45;2026-09-11 03:00:48
124244754;10002261;2026-09-16 09:00;2026-09-11 03:00:48
124244754;10002261;2026-09-16 09:15;2026-09-11 03:00:48
124244754;10002261;2026-09-16 09:30;2026-09-11 03:00:48
124244754;10002261;2026-09-16 10:30;2026-09-11 03:00:48
124244754;10002261;2026-09-16 10:45;2026-09-11 03:00:48
124244754;10002261;2026-09-16 11:00;2026-09-11 03:00:48
124244754;10002261;2026-09-16 11:15;2026-09-11 03:00:48
124244754;10002261;2026-09-16 11:30;2026-09-11 03:00:48
124244754;10002261;2026-09-16 12:00;2026-09-11 03:00:48
124244754;10002261;2026-09-16 12:15;2026-09-11 03:00:48
124244754;10002261;2026-09-17 07:00;2026-09-11 03:00:48
124244754;10002261;2026-09-17 07:30;2026-09-11 03:00:48
124244754;10002261;2026-09-17 07:45;2026-09-11 03:00:48
124244754;10002261;2026-09-17 08:00;2026-09-11 03:00:48
124244754;10002261;2026-09-17 08:15;2026-09-11 03:00:48
124244754;10002261;2026-09-17 08:30;2026-09-11 03:00:48
124244754;10002261;2026-09-17 08:45;2026-09-11 03:00:48
124244754;10002261;2026-09-17 09:00;2026-09-11 03:00:48
124244754;10002261;2026-09-17 09:15;2026-09-11 03:00:48
124244754;10002261;2026-09-17 09:30;2026-09-11 03:00:48
124244754;10002261;2026-09-17 09:45;2026-09-11 03:00:48
124244754;10002261;2026-09-17 10:45;2026-09-11 03:00:48
124244754;10002261;2026-09-17 11:15;2026-09-11 03:00:48
124244754;10002261;2026-09-21 07:00;2026-09-11 03:00:48
124244754;10002261;2026-09-21 07:15;2026-09-11 03:00:48
124244754;10002261;2026-09-21 07:45;2026-09-11 03:00:48
124244754;10002261;2026-09-21 08:00;2026-09-11 03:00:48
124244754;10002261;2026-09-21 08:30;2026-09-11 03:00:48
124244754;10002261;2026-09-21 09:15;2026-09-11 03:00:48
124244754;10002261;2026-09-21 10:30;2026-09-11 03:00:48
124244754;10002261;2026-09-21 10:45;2026-09-11 03:00:48
124244754;10002261;2026-09-21 11:15;2026-09-11 03:00:48
124244754;10002261;2026-09-21 11:45;2026-09-11 03:00:48
124244754;10002261;2026-09-22 14:30;2026-09-11 03:00:48
124244754;10002261;2026-09-22 15:30;2026-09-11 03:00:48
124244754;10002261;2026-09-22 15:45;2026-09-11 03:00:48
124244754;10002261;2026-09-22 16:00;2026-09-11 03:00:48
124244754;10002261;2026-09-22 16:15;2026-09-11 03:00:48
124244754;10002261;2026-09-22 17:00;2026-09-11 03:00:48
124244754;10002261;2026-09-22 17:15;2026-09-11 03:00:48
124244754;10002261;2026-09-22 17:30;2026-09-11 03:00:48
124244754;10002261;2026-09-22 17:45;2026-09-11 03:00:48
124244754;10002261;2026-09-22 18:00;2026-09-11 03:00:48
124244754;10002261;2026-09-22 18:30;2026-09-11 03:00:48
124244754;10002261;2026-09-22 18:45;2026-09-11 03:00:48
124244754;10002261;2026-09-23 07:30;2026-09-11 03:00:48
124244754;10002261;2026-09-23 07:45;2026-09-11 03:00:48
124244754;10002261;2026-09-23 08:00;2026-09-11 03:00:48
124244754;10002261;2026-09-23 08:15;2026-09-11 03:00:48
124244754;10002261;2026-09-23 08:30;2026-09-11 03:00:48
124244754;10002261;2026-09-23 09:00;2026-09-11 03:00:48
124244754;10002261;2026-09-23 09:15;2026-09-11 03:00:48
124244754;10002261;2026-09-23 09:30;2026-09-11 03:00:48
124244754;10002261;2026-09-23 09:45;2026-09-11 03:00:48
124244754;10002261;2026-09-23 10:45;2026-09-11 03:00:48
124244754;10002261;2026-09-23 11:00;2026-09-11 03:00:48
124244754;10002261;2026-09-23 11:15;2026-09-11 03:00:48
124244754;10002261;2026-09-23 11:30;2026-09-11 03:00:48
124244754;10002261;2026-09-23 11:45;2026-09-11 03:00:48
124244754;10002261;2026-09-23 12:00;2026-09-11 03:00:48
124244754;10002261;2026-09-23 12:15;2026-09-11 03:00:48
124244754;10002261;2026-09-24 07:00;2026-09-11 03:00:48
124244754;10002261;2026-09-24 07:15;2026-09-11 03:00:48
124244754;10002261;2026-09-24 07:30;2026-09-11 03:00:48
124244754;10002261;2026-09-24 07:45;2026-09-11 03:00:48
124244754;10002261;2026-09-24 08:00;2026-09-11 03:00:48
124244754;10002261;2026-09-24 08:45;2026-09-11 03:00:48
124244754;10002261;2026-09-24 09:00;2026-09-11 03:00:48
124244754;10002261;2026-09-24 09:15;2026-09-11 03:00:48
124244754;10002261;2026-09-24 09:45;2026-09-11 03:00:48
124244754;10002261;2026-09-24 10:45;2026-09-11 03:00:48
124244754;10002261;2026-09-24 11:00;2026-09-11 03:00:48
124244754;10002261;2026-09-24 11:15;2026-09-11 03:00:48
124244754;10002261;2026-09-24 11:30;2026-09-11 03:00:48
124244754;10002261;2026-09-24 11:45;2026-09-11 03:00:48
124244754;10002261;2026-09-25 07:45;2026-09-11 03:00:48
124244754;10002261;2026-09-25 08:00;2026-09-11 03:00:48
124244754;10002261;2026-09-25 08:15;2026-09-11 03:00:48
124244754;10002261;2026-09-25 08:30;2026-09-11 03:00:48
124244754;10002261;2026-09-25 08:45;2026-09-11 03:00:48
124244754;10002261;2026-09-25 09:15;2026-09-11 03:00:48
124244754;10002261;2026-09-25 09:30;2026-09-11 03:00:48
124244754;10002261;2026-09-25 10:30;2026-09-11 03:00:48
124244754;10002261;2026-09-25 10:45;2026-09-11 03:00:48
124244754;10002261;2026-09-25 11:00;2026-09-11 03:00:48
124244754;10002261;2026-09-25 11:15;2026-09-11 03:00:48
124244754;10002261;2026-09-25 11:30;2026-09-11 03:00:48
124244754;10002261;2026-09-25 11:45;2026-09-11 03:00:48
124244754;10002261;2026-09-25 12:15;2026-09-11 03:00:48
124244754;10002261;2026-09-28 07:00;2026-09-11 03:00:48
124244754;10002261;2026-09-28 07:15;2026-09-11 03:00:48
124244754;10002261;2026-09-28 07:30;2026-09-11 03:00:48
124244754;10002261;2026-09-28 07:45;2026-09-11 03:00:48
124244754;10002261;2026-09-28 08:00;2026-09-11 03:00:48
124244754;10002261;2026-09-28 08:15;2026-09-11 03:00:48
124244754;10002261;2026-09-28 08:30;2026-09-11 03:00:48
124244754;10002261;2026-09-28 09:00;2026-09-11 03:00:48
124244754;10002261;2026-09-28 09:15;2026-09-11 03:00:48
124244754;10002261;2026-09-28 09:30;2026-09-11 03:00:48
124244754;10002261;2026-09-28 09:45;2026-09-11 03:00:48
124244754;10002261;2026-09-28 10:30;2026-09-11 03:00:48
124244754;10002261;2026-09-28 10:45;2026-09-11 03:00:48
124244754;10002261;2026-09-28 11:15;2026-09-11 03:00:48
124244754;10002261;2026-09-28 11:45;2026-09-11 03:00:48
124244754;10002261;2026-09-29 14:30;2026-09-11 03:00:48
124244754;10002261;2026-09-29 14:45;2026-09-11 03:00:48
124244754;10002261;2026-09-29 15:00;2026-09-11 03:00:48
124244754;10002261;2026-09-29 15:15;2026-09-11 03:00:48
124244754;10002261;2026-09-29 15:30;2026-09-11 03:00:48
124244754;10002261;2026-09-29 15:45;2026-09-11 03:00:48
124244754;10002261;2026-09-29 16:00;2026-09-11 03:00:48
124244754;10002261;2026-09-29 16:15;2026-09-11 03:00:48
124244754;10002261;2026-09-29 17:15;2026-09-11 03:00:48
124244754;10002261;2026-09-29 17:30;2026-09-11 03:00:48
124244754;10002261;2026-09-29 17:45;2026-09-11 03:00:48
124244754;10002261;2026-09-29 18:00;2026-09-11 03:00:48
124244754;10002261;2026-09-29 18:15;2026-09-11 03:00:48
124244754;10002261;2026-09-29 18:30;2026-09-11 03:00:48
124244754;10002261;2026-09-29 18:45;2026-09-11 03:00:48
124244754;10002261;2026-09-30 07:30;2026-09-11 03:00:48
124244754;10002261;2026-09-30 07:45;2026-09-11 03:00:48
124244754;10002261;2026-09-30 08:00;2026-09-11 03:00:48
124244754;10002261;2026-09-30 08:15;2026-09-11 03:00:48
124244754;10002261;2026-09-30 08:30;2026-09-11 03:00:48
124244754;10002261;2026-09-30 08:45;2026-09-11 03:00:48
124244754;10002261;2026-09-30 09:00;2026-09-11 03:00:48
124244754;10002261;2026-09-30 09:30;2026-09-11 03:00:48
124244754;10002261;2026-09-30 09:45;2026-09-11 03:00:48
124244754;10002261;2026-09-30 10:30;2026-09-11 03:00:48
124244754;10002261;2026-09-30 10:45;2026-09-11 03:00:48
124244754;10002261;2026-09-30 11:00;2026-09-11 03:00:48
124244754;10002261;2026-09-30 11:15;2026-09-11 03:00:48
124244754;10002261;2026-09-30 11:30;2026-09-11 03:00:48
124244754;10002261;2026-09-30 11:45;2026-09-11 03:00:48
124244754;10002261;2026-09-30 12:15;2026-09-11 03:00:48
124244754;10002261;2026-10-01 07:00;2026-09-11 03:00:48
124244754;10002261;2026-10-01 07:15;2026-09-11 03:00:48
124244754;10002261;2026-10-01 07:30;2026-09-11 03:00:48
124244754;10002261;2026-10-01 07:45;2026-09-11 03:00:48
124244754;10002261;2026-10-01 08:00;2026-09-11 03:00:48
124244754;10002261;2026-10-01 08:15;2026-09-11 03:00:48
124244754;10002261;2026-10-01 08:30;2026-09-11 03:00:48
124244754;10002261;2026-10-01 09:00;2026-09-11 03:00:48
124244754;10002261;2026-10-01 09:15;2026-09-11 03:00:48
124244754;10002261;2026-10-01 09:30;2026-09-11 03:00:48
124244754;10002261;2026-10-01 09:45;2026-09-11 03:00:48
124244754;10002261;2026-10-01 10:30;2026-09-11 03:00:48
124244754;10002261;2026-10-01 10:45;2026-09-11 03:00:48
124244754;10002261;2026-10-01 11:00;2026-09-11 03:00:48
124244754;10002261;2026-10-01 11:15;2026-09-11 03:00:48
124244754;10002261;2026-10-01 11:30;2026-09-11 03:00:48
124244754;10002261;2026-10-02 07:30;2026-09-11 03:00:48
124244754;10002261;2026-10-02 07:45;2026-09-11 03:00:48
124244754;10002261;2026-10-02 08:00;2026-09-11 03:00:48
124244754;10002261;2026-10-02 08:30;2026-09-11 03:00:48
124244754;10002261;2026-10-02 08:45;2026-09-11 03:00:48
124244754;10002261;2026-10-02 09:00;2026-09-11 03:00:48
124244754;10002261;2026-10-02 09:15;2026-09-11 03:00:48
124244754;10002261;2026-10-02 09:30;2026-09-11 03:00:48
124244754;10002261;2026-10-02 09:45;2026-09-11 03:00:48
124244754;10002261;2026-10-02 10:30;2026-09-11 03:00:48
124244754;10002261;2026-10-02 10:45;2026-09-11 03:00:48
124244754;10002261;2026-10-02 11:15;2026-09-11 03:00:48
124244754;10002261;2026-10-02 11:30;2026-09-11 03:00:48
124244754;10002261;2026-10-02 11:45;2026-09-11 03:00:48
124244754;10002261;2026-10-05 07:00;2026-09-11 03:00:48
124244754;10002261;2026-10-05 07:15;2026-09-11 03:00:48
124244754;10002261;2026-10-05 07:30;2026-09-11 03:00:48
124244754;10002261;2026-10-05 07:45;2026-09-11 03:00:48
124244754;10002261;2026-10-05 08:00;2026-09-11 03:00:48
124244754;10002261;2026-10-05 08:30;2026-09-11 03:00:48
124244754;10002261;2026-10-05 08:45;2026-09-11 03:00:48
124244754;10002261;2026-10-05 09:00;2026-09-11 03:00:48
124244754;10002261;2026-10-05 09:15;2026-09-11 03:00:48
124244754;10002261;2026-10-05 09:30;2026-09-11 03:00:48
124244754;10002261;2026-10-05 09:45;2026-09-11 03:00:48
124244754;10002261;2026-10-05 10:30;2026-09-11 03:00:48
124244754;10002261;2026-10-05 11:00;2026-09-11 03:00:48
124244754;10002261;2026-10-05 11:15;2026-09-11 03:00:48
124244754;10002261;2026-10-05 11:45;2026-09-11 03:00:48
124244754;10002261;2026-10-06 14:00;2026-09-11 03:00:48
124244754;10002261;2026-10-06 14:15;2026-09-11 03:00:48
124244754;10002261;2026-10-06 14:30;2026-09-11 03:00:48
124244754;10002261;2026-10-06 15:00;2026-09-11 03:00:48
124244754;10002261;2026-10-06 15:15;2026-09-11 03:00:48
124244754;10002261;2026-10-06 15:30;2026-09-11 03:00:48
124244754;10002261;2026-10-06 15:45;2026-09-11 03:00:48
124244754;10002261;2026-10-06 16:00;2026-09-11 03:00:48
124244754;10002261;2026-10-06 16:15;2026-09-11 03:00:48
124244754;10002261;2026-10-06 17:00;2026-09-11 03:00:48
124244754;10002261;2026-10-06 17:15;2026-09-11 03:00:48
124244754;10002261;2026-10-06 17:30;2026-09-11 03:00:48
124244754;10002261;2026-10-06 17:45;2026-09-11 03:00:48
124244754;10002261;2026-10-06 18:00;2026-09-11 03:00:48
124244754;10002261;2026-10-06 18:30;2026-09-11 03:00:48
124244754;10002261;2026-10-06 18:45;2026-09-11 03:00:48
124244754;10002261;2026-10-07 07:30;2026-09-11 03:00:48
124244754;10002261;2026-10-07 07:45;2026-09-11 03:00:48
124244754;10002261;2026-10-07 08:00;2026-09-11 03:00:48
124244754;10002261;2026-10-07 08:15;2026-09-11 03:00:48
124244754;10002261;2026-10-07 08:30;2026-09-11 03:00:48
124244754;10002261;2026-10-07 08:45;2026-09-11 03:00:48
124244754;10002261;2026-10-07 09:00;2026-09-11 03:00:48
124244754;10002261;2026-10-07 09:15;2026-09-11 03:00:48
124244754;10002261;2026-10-07 09:30;2026-09-11 03:00:48
124244754;10002261;2026-10-07 09:45;2026-09-11 03:00:48
124244754;10002261;2026-10-07 10:30;2026-09-11 03:00:48
124244754;10002261;2026-10-07 10:45;2026-09-11 03:00:48
124244754;10002261;2026-10-07 11:15;2026-09-11 03:00:48
124244754;10002261;2026-10-07 11:30;2026-09-11 03:00:48
124244754;10002261;2026-10-07 11:45;2026-09-11 03:00:48
124244754;10002261;2026-10-07 12:00;2026-09-11 03:00:48
124244754;10002261;2026-10-07 12:15;2026-09-11 03:00:48
124244754;10002261;2026-10-08 07:00;2026-09-11 03:00:48
124244754;10002261;2026-10-08 07:15;2026-09-11 03:00:48
124244754;10002261;2026-10-08 07:30;2026-09-11 03:00:48
124244754;10002261;2026-10-08 07:45;2026-09-11 03:00:48
124244754;10002261;2026-10-08 08:00;2026-09-11 03:00:48
124244754;10002261;2026-10-08 08:15;2026-09-11 03:00:48
124244754;10002261;2026-10-08 08:30;2026-09-11 03:00:48
124244754;10002261;2026-10-08 08:45;2026-09-11 03:00:48
124244754;10002261;2026-10-08 09:00;2026-09-11 03:00:48
124244754;10002261;2026-10-08 09:15;2026-09-11 03:00:48
124244754;10002261;2026-10-08 09:30;2026-09-11 03:00:48
124244754;10002261;2026-10-08 09:45;2026-09-11 03:00:48
124244754;10002261;2026-10-08 10:30;2026-09-11 03:00:48
124244754;10002261;2026-10-08 10:45;2026-09-11 03:00:48
124244754;10002261;2026-10-08 11:00;2026-09-11 03:00:48
124244754;10002261;2026-10-08 11:15;2026-09-11 03:00:48
124244754;10002261;2026-10-08 11:30;2026-09-11 03:00:48
124244754;10002261;2026-10-08 11:45;2026-09-11 03:00:48
124244754;10002261;2026-10-09 07:30;2026-09-11 03:00:48
124244754;10002261;2026-10-09 07:45;2026-09-11 03:00:48
124244754;10002261;2026-10-09 08:15;2026-09-11 03:00:48
124244754;10002261;2026-10-09 08:30;2026-09-11 03:00:48
124244754;10002261;2026-10-09 08:45;2026-09-11 03:00:48
124244754;10002261;2026-10-09 09:00;2026-09-11 03:00:48
124244754;10002261;2026-10-09 09:15;2026-09-11 03:00:48
124244754;10002261;2026-10-09 09:30;2026-09-11 03:00:48
124244754;10002261;2026-10-09 09:45;2026-09-11 03:00:48
124244754;10002261;2026-10-09 10:30;2026-09-11 03:00:48
124244754;10002261;2026-10-09 10:45;2026-09-11 03:00:48
124244754;10002261;2026-10-09 11:00;2026-09-11 03:00:48
124244754;10002261;2026-10-09 11:15;2026-09-11 03:00:48
124244754;10002261;2026-10-09 11:30;2026-09-11 03:00:48
124244754;10002261;2026-10-09 12:00;2026-09-11 03:00:48
124244754;10002261;2026-10-09 12:15;2026-09-11 03:00:48
124244754;10002261;2026-10-01 08:45;2026-09-11 03:00:48
124244754;10002261;2026-10-06 14:45;2026-09-11 03:00:48
124244754;10002261;2026-10-05 08:15;2026-09-11 03:00:48
124244754;10002261;2026-10-02 08:15;2026-09-11 03:00:48
124244754;10002261;2026-09-24 08:30;2026-09-11 03:00:48
124244754;10002261;2026-09-15 18:45;2026-09-11 03:00:48
124244754;10002261;2026-09-25 07:30;2026-09-11 03:00:48
124244754;10002261;2026-09-15 18:15;2026-09-11 03:00:48
124244754;10001797;2026-09-11 15:30;2026-09-11 03:00:48
124244754;10001797;2026-09-11 17:30;2026-09-11 03:00:48
124244754;10001797;2026-09-14 09:00;2026-09-11 03:00:48
124244754;10001797;2026-09-14 09:30;2026-09-11 03:00:48
124244754;10001797;2026-09-14 10:45;2026-09-11 03:00:48
124244754;10001797;2026-09-14 11:15;2026-09-11 03:00:48
124244754;10001797;2026-09-14 11:30;2026-09-11 03:00:48
124244754;10001797;2026-09-15 15:00;2026-09-11 03:00:48
124244754;10001797;2026-09-15 17:00;2026-09-11 03:00:48
124244754;10001797;2026-09-16 09:45;2026-09-11 03:00:48
124244754;10001797;2026-09-16 11:45;2026-09-11 03:00:48
124244754;10001797;2026-09-17 15:00;2026-09-11 03:00:48
124244754;10001797;2026-09-17 17:00;2026-09-11 03:00:48
124244754;10001797;2026-09-18 09:45;2026-09-11 03:00:48
124244754;10001797;2026-09-18 11:45;2026-09-11 03:00:48
124244754;10001797;2026-09-21 09:00;2026-09-11 03:00:48
124244754;10001797;2026-09-21 09:30;2026-09-11 03:00:48
124244754;10001797;2026-09-21 10:45;2026-09-11 03:00:48
124244754;10001797;2026-09-21 11:15;2026-09-11 03:00:48
124244754;10001797;2026-09-21 11:30;2026-09-11 03:00:48
124244754;10001797;2026-09-22 14:30;2026-09-11 03:00:48
124244754;10001797;2026-09-22 14:45;2026-09-11 03:00:48
124244754;10001797;2026-09-22 15:00;2026-09-11 03:00:48
124244754;10001797;2026-09-22 15:15;2026-09-11 03:00:48
124244754;10001797;2026-09-22 15:30;2026-09-11 03:00:48
124244754;10001797;2026-09-22 15:45;2026-09-11 03:00:48
124244754;10001797;2026-09-22 16:00;2026-09-11 03:00:48
124244754;10001797;2026-09-22 16:15;2026-09-11 03:00:48
124244754;10001797;2026-09-22 17:00;2026-09-11 03:00:48
124244754;10001797;2026-09-23 07:00;2026-09-11 03:00:48
124244754;10001797;2026-09-23 07:15;2026-09-11 03:00:48
124244754;10001797;2026-09-23 07:30;2026-09-11 03:00:48
124244754;10001797;2026-09-23 07:45;2026-09-11 03:00:48
124244754;10001797;2026-09-23 08:00;2026-09-11 03:00:48
124244754;10001797;2026-09-23 08:15;2026-09-11 03:00:48
124244754;10001797;2026-09-23 08:30;2026-09-11 03:00:48
124244754;10001797;2026-09-23 08:45;2026-09-11 03:00:48
124244754;10001797;2026-09-23 09:00;2026-09-11 03:00:48
124244754;10001797;2026-09-23 09:15;2026-09-11 03:00:48
124244754;10001797;2026-09-23 09:30;2026-09-11 03:00:48
124244754;10001797;2026-09-23 09:45;2026-09-11 03:00:48
124244754;10001797;2026-09-23 10:45;2026-09-11 03:00:48
124244754;10001797;2026-09-23 11:45;2026-09-11 03:00:48
124244754;10001797;2026-09-24 13:45;2026-09-11 03:00:48
124244754;10001797;2026-09-24 14:00;2026-09-11 03:00:48
124244754;10001797;2026-09-24 14:15;2026-09-11 03:00:48
124244754;10001797;2026-09-24 14:30;2026-09-11 03:00:48
124244754;10001797;2026-09-24 14:45;2026-09-11 03:00:48
124244754;10001797;2026-09-24 15:00;2026-09-11 03:00:48
124244754;10001797;2026-09-24 15:15;2026-09-11 03:00:48
124244754;10001797;2026-09-24 15:30;2026-09-11 03:00:48
124244754;10001797;2026-09-24 15:45;2026-09-11 03:00:48
124244754;10001797;2026-09-24 16:00;2026-09-11 03:00:48
124244754;10001797;2026-09-24 16:15;2026-09-11 03:00:48
124244754;10001797;2026-09-24 17:00;2026-09-11 03:00:48
124244754;10001797;2026-09-24 17:15;2026-09-11 03:00:48
124244754;10001797;2026-09-24 18:00;2026-09-11 03:00:48
124244754;10001797;2026-09-24 18:15;2026-09-11 03:00:48
124244754;10001797;2026-09-24 18:30;2026-09-11 03:00:48
124244754;10001797;2026-09-24 18:45;2026-09-11 03:00:48
124244754;10001797;2026-09-25 14:15;2026-09-11 03:00:48
124244754;10001797;2026-09-25 14:30;2026-09-11 03:00:48
124244754;10001797;2026-09-25 14:45;2026-09-11 03:00:48
124244754;10001797;2026-09-25 15:15;2026-09-11 03:00:48
124244754;10001797;2026-09-25 15:30;2026-09-11 03:00:48
124244754;10001797;2026-09-25 15:45;2026-09-11 03:00:48
124244754;10001797;2026-09-25 16:00;2026-09-11 03:00:48
124244754;10001797;2026-09-25 16:15;2026-09-11 03:00:48
124244754;10001797;2026-09-25 17:00;2026-09-11 03:00:48
124244754;10001797;2026-09-25 17:15;2026-09-11 03:00:48
124244754;10001797;2026-09-25 17:30;2026-09-11 03:00:48
124244754;10001797;2026-09-25 18:00;2026-09-11 03:00:48
124244754;10001797;2026-09-25 18:15;2026-09-11 03:00:48
124244754;10001797;2026-09-25 18:30;2026-09-11 03:00:48
124244754;10001797;2026-09-25 18:45;2026-09-11 03:00:48
124244754;10001797;2026-09-28 07:00;2026-09-11 03:00:48
124244754;10001797;2026-09-28 07:15;2026-09-11 03:00:48
124244754;10001797;2026-09-28 07:30;2026-09-11 03:00:48
124244754;10001797;2026-09-28 07:45;2026-09-11 03:00:48
124244754;10001797;2026-09-28 08:15;2026-09-11 03:00:48
124244754;10001797;2026-09-28 08:30;2026-09-11 03:00:48
124244754;10001797;2026-09-28 08:45;2026-09-11 03:00:48
124244754;10001797;2026-09-28 09:00;2026-09-11 03:00:48
124244754;10001797;2026-09-28 09:15;2026-09-11 03:00:48
124244754;10001797;2026-09-28 09:30;2026-09-11 03:00:48
124244754;10001797;2026-09-28 09:45;2026-09-11 03:00:48
124244754;10001797;2026-09-28 10:30;2026-09-11 03:00:48
124244754;10001797;2026-09-28 10:45;2026-09-11 03:00:48
124244754;10001797;2026-09-28 11:00;2026-09-11 03:00:48
124244754;10001797;2026-09-28 11:15;2026-09-11 03:00:48
124244754;10001797;2026-09-28 11:30;2026-09-11 03:00:48
124244754;10001797;2026-09-29 13:30;2026-09-11 03:00:48
124244754;10001797;2026-09-29 13:45;2026-09-11 03:00:48
124244754;10001797;2026-09-29 14:00;2026-09-11 03:00:48
124244754;10001797;2026-09-29 14:15;2026-09-11 03:00:48
124244754;10001797;2026-09-29 14:30;2026-09-11 03:00:48
124244754;10001797;2026-09-29 14:45;2026-09-11 03:00:48
124244754;10001797;2026-09-29 15:00;2026-09-11 03:00:48
124244754;10001797;2026-09-29 15:15;2026-09-11 03:00:48
124244754;10001797;2026-09-29 15:30;2026-09-11 03:00:48
124244754;10001797;2026-09-29 15:45;2026-09-11 03:00:48
124244754;10001797;2026-09-29 16:00;2026-09-11 03:00:48
124244754;10001797;2026-09-29 16:15;2026-09-11 03:00:48
124244754;10001797;2026-09-29 17:00;2026-09-11 03:00:48
124244754;10001797;2026-09-29 17:15;2026-09-11 03:00:48
124244754;10001797;2026-09-29 18:00;2026-09-11 03:00:48
124244754;10001797;2026-09-29 18:15;2026-09-11 03:00:48
124244754;10001797;2026-09-29 18:30;2026-09-11 03:00:48
124244754;10001797;2026-09-29 18:45;2026-09-11 03:00:48
124244754;10001797;2026-09-30 07:00;2026-09-11 03:00:48
124244754;10001797;2026-09-30 07:15;2026-09-11 03:00:48
124244754;10001797;2026-09-30 07:30;2026-09-11 03:00:48
124244754;10001797;2026-09-30 07:45;2026-09-11 03:00:48
124244754;10001797;2026-09-30 08:00;2026-09-11 03:00:48
124244754;10001797;2026-09-30 08:15;2026-09-11 03:00:48
124244754;10001797;2026-09-30 08:30;2026-09-11 03:00:48
124244754;10001797;2026-09-30 08:45;2026-09-11 03:00:48
124244754;10001797;2026-09-30 09:00;2026-09-11 03:00:48
124244754;10001797;2026-09-30 09:15;2026-09-11 03:00:48
124244754;10001797;2026-09-30 09:30;2026-09-11 03:00:48
124244754;10001797;2026-09-30 09:45;2026-09-11 03:00:48
124244754;10001797;2026-09-30 10:30;2026-09-11 03:00:48
124244754;10001797;2026-09-30 10:45;2026-09-11 03:00:48
124244754;10001797;2026-09-30 11:00;2026-09-11 03:00:48
124244754;10001797;2026-09-30 11:15;2026-09-11 03:00:48
124244754;10001797;2026-09-30 11:30;2026-09-11 03:00:48
124244754;10001797;2026-09-30 11:45;2026-09-11 03:00:48
124244754;10001797;2026-10-01 13:45;2026-09-11 03:00:48
124244754;10001797;2026-10-01 14:00;2026-09-11 03:00:48
124244754;10001797;2026-10-01 14:15;2026-09-11 03:00:48
124244754;10001797;2026-10-01 14:30;2026-09-11 03:00:48
124244754;10001797;2026-10-01 14:45;2026-09-11 03:00:48
124244754;10001797;2026-10-01 15:00;2026-09-11 03:00:48
124244754;10001797;2026-10-01 15:15;2026-09-11 03:00:48
124244754;10001797;2026-10-01 15:30;2026-09-11 03:00:48
124244754;10001797;2026-10-01 15:45;2026-09-11 03:00:48
124244754;10001797;2026-10-01 16:00;2026-09-11 03:00:48
124244754;10001797;2026-10-01 16:15;2026-09-11 03:00:48
124244754;10001797;2026-10-01 17:00;2026-09-11 03:00:48
124244754;10001797;2026-10-01 17:15;2026-09-11 03:00:48
124244754;10001797;2026-10-01 18:00;2026-09-11 03:00:48
124244754;10001797;2026-10-01 18:15;2026-09-11 03:00:48
124244754;10001797;2026-10-01 18:30;2026-09-11 03:00:48
124244754;10001797;2026-10-01 18:45;2026-09-11 03:00:48
124244754;10001797;2026-10-02 07:00;2026-09-11 03:00:48
124244754;10001797;2026-10-02 07:15;2026-09-11 03:00:48
124244754;10001797;2026-10-02 07:30;2026-09-11 03:00:48
124244754;10001797;2026-10-02 07:45;2026-09-11 03:00:48
124244754;10001797;2026-10-02 08:00;2026-09-11 03:00:48
124244754;10001797;2026-10-02 08:15;2026-09-11 03:00:48
124244754;10001797;2026-10-02 08:30;2026-09-11 03:00:48
124244754;10001797;2026-10-02 08:45;2026-09-11 03:00:48
124244754;10001797;2026-10-02 09:00;2026-09-11 03:00:48
124244754;10001797;2026-10-02 09:15;2026-09-11 03:00:48
124244754;10001797;2026-10-02 09:30;2026-09-11 03:00:48
124244754;10001797;2026-10-02 09:45;2026-09-11 03:00:48
124244754;10001797;2026-10-02 10:30;2026-09-11 03:00:48
124244754;10001797;2026-10-02 10:45;2026-09-11 03:00:48
124244754;10001797;2026-10-02 11:00;2026-09-11 03:00:48
124244754;10001797;2026-10-02 11:15;2026-09-11 03:00:48
124244754;10001797;2026-10-02 11:30;2026-09-11 03:00:48
124244754;10001797;2026-10-02 11:45;2026-09-11 03:00:48
124244754;10001797;2026-10-05 07:00;2026-09-11 03:00:48
124244754;10001797;2026-10-05 07:15;2026-09-11 03:00:48
124244754;10001797;2026-10-05 07:30;2026-09-11 03:00:48
124244754;10001797;2026-10-05 07:45;2026-09-11 03:00:48
124244754;10001797;2026-10-05 08:00;2026-09-11 03:00:48
124244754;10001797;2026-10-05 08:30;2026-09-11 03:00:48
124244754;10001797;2026-10-05 08:45;2026-09-11 03:00:48
124244754;10001797;2026-10-05 09:00;2026-09-11 03:00:48
124244754;10001797;2026-10-05 09:30;2026-09-11 03:00:48
124244754;10001797;2026-10-05 10:30;2026-09-11 03:00:48
124244754;10001797;2026-10-05 10:45;2026-09-11 03:00:48
124244754;10001797;2026-10-05 11:00;2026-09-11 03:00:48
124244754;10001797;2026-10-05 11:15;2026-09-11 03:00:48
124244754;10001797;2026-10-05 11:30;2026-09-11 03:00:48
124244754;10001797;2026-10-05 11:45;2026-09-11 03:00:48
124244754;10001797;2026-10-06 13:30;2026-09-11 03:00:48
124244754;10001797;2026-10-06 13:45;2026-09-11 03:00:48
124244754;10001797;2026-10-06 14:00;2026-09-11 03:00:48
124244754;10001797;2026-10-06 14:15;2026-09-11 03:00:48
124244754;10001797;2026-10-06 14:30;2026-09-11 03:00:48
124244754;10001797;2026-10-06 14:45;2026-09-11 03:00:48
124244754;10001797;2026-10-06 15:00;2026-09-11 03:00:48
124244754;10001797;2026-10-06 15:15;2026-09-11 03:00:48
124244754;10001797;2026-10-06 15:30;2026-09-11 03:00:48
124244754;10001797;2026-10-06 16:00;2026-09-11 03:00:48
124244754;10001797;2026-10-06 16:15;2026-09-11 03:00:48
124244754;10001797;2026-10-06 17:00;2026-09-11 03:00:48
124244754;10001797;2026-10-06 18:15;2026-09-11 03:00:48
124244754;10001797;2026-10-06 18:30;2026-09-11 03:00:48
124244754;10001797;2026-10-06 18:45;2026-09-11 03:00:48
124244754;10001797;2026-10-07 07:00;2026-09-11 03:00:48
124244754;10001797;2026-10-07 07:15;2026-09-11 03:00:48
124244754;10001797;2026-10-07 07:30;2026-09-11 03:00:48
124244754;10001797;2026-10-07 07:45;2026-09-11 03:00:48
124244754;10001797;2026-10-07 08:00;2026-09-11 03:00:48
124244754;10001797;2026-10-07 08:15;2026-09-11 03:00:48
124244754;10001797;2026-10-07 08:30;2026-09-11 03:00:48
124244754;10001797;2026-10-07 08:45;2026-09-11 03:00:48
124244754;10001797;2026-10-07 09:00;2026-09-11 03:00:48
124244754;10001797;2026-10-07 09:15;2026-09-11 03:00:48
124244754;10001797;2026-10-07 09:30;2026-09-11 03:00:48
124244754;10001797;2026-10-07 09:45;2026-09-11 03:00:48
124244754;10001797;2026-10-07 10:30;2026-09-11 03:00:48
124244754;10001797;2026-10-07 10:45;2026-09-11 03:00:48
124244754;10001797;2026-10-07 11:00;2026-09-11 03:00:48
124244754;10001797;2026-10-07 11:15;2026-09-11 03:00:48
124244754;10001797;2026-10-07 11:30;2026-09-11 03:00:48
124244754;10001797;2026-10-07 11:45;2026-09-11 03:00:48
124244754;10001797;2026-10-08 13:45;2026-09-11 03:00:48
124244754;10001797;2026-10-08 14:00;2026-09-11 03:00:48
124244754;10001797;2026-10-08 14:15;2026-09-11 03:00:48
124244754;10001797;2026-10-08 14:30;2026-09-11 03:00:48
124244754;10001797;2026-10-08 14:45;2026-09-11 03:00:48
124244754;10001797;2026-10-08 15:00;2026-09-11 03:00:48
124244754;10001797;2026-10-08 15:15;2026-09-11 03:00:48
124244754;10001797;2026-10-08 15:30;2026-09-11 03:00:48
124244754;10001797;2026-10-08 15:45;2026-09-11 03:00:48
124244754;10001797;2026-10-08 16:00;2026-09-11 03:00:48
124244754;10001797;2026-10-08 16:15;2026-09-11 03:00:48
124244754;10001797;2026-10-08 17:00;2026-09-11 03:00:48
124244754;10001797;2026-10-08 17:15;2026-09-11 03:00:48
124244754;10001797;2026-10-08 18:00;2026-09-11 03:00:48
124244754;10001797;2026-10-08 18:15;2026-09-11 03:00:48
124244754;10001797;2026-10-08 18:30;2026-09-11 03:00:48
124244754;10001797;2026-10-08 18:45;2026-09-11 03:00:48
124244754;10001797;2026-10-09 14:30;2026-09-11 03:00:48
124244754;10001797;2026-10-09 14:45;2026-09-11 03:00:48
124244754;10001797;2026-10-09 15:00;2026-09-11 03:00:48
124244754;10001797;2026-10-09 15:15;2026-09-11 03:00:48
124244754;10001797;2026-10-09 15:30;2026-09-11 03:00:48
124244754;10001797;2026-10-09 15:45;2026-09-11 03:00:48
124244754;10001797;2026-10-09 16:00;2026-09-11 03:00:48
124244754;10001797;2026-10-09 16:15;2026-09-11 03:00:48
124244754;10001797;2026-10-09 17:00;2026-09-11 03:00:48
124244754;10001797;2026-10-09 17:15;2026-09-11 03:00:48
124244754;10001797;2026-10-09 17:30;2026-09-11 03:00:48
124244754;10001797;2026-10-09 17:45;2026-09-11 03:00:48
124244754;10001797;2026-10-09 18:00;2026-09-11 03:00:48
124244754;10001797;2026-10-09 18:15;2026-09-11 03:00:48
124244754;10001797;2026-10-09 18:30;2026-09-11 03:00:48
124244754;10001797;2026-10-09 18:45;2026-09-11 03:00:48
124244754;10003343;2026-09-11 09:00;2026-09-11 03:00:48
124244754;10003343;2026-09-11 11:30;2026-09-11 03:00:48
124244754;10003343;2026-09-21 14:15;2026-09-11 03:00:48
124244754;10003343;2026-09-21 14:45;2026-09-11 03:00:48
124244754;10003343;2026-09-21 15:15;2026-09-11 03:00:48
124244754;10003343;2026-09-21 16:00;2026-09-11 03:00:48
124244754;10003343;2026-09-21 17:30;2026-09-11 03:00:48
124244754;10003343;2026-09-22 09:15;2026-09-11 03:00:48
124244754;10003343;2026-09-22 12:15;2026-09-11 03:00:48
124244754;10003343;2026-09-23 15:15;2026-09-11 03:00:48
124244754;10003343;2026-09-23 16:00;2026-09-11 03:00:48
124244754;10003343;2026-09-24 09:15;2026-09-11 03:00:48
124244754;10003343;2026-09-24 12:15;2026-09-11 03:00:48
124244754;10003343;2026-09-25 09:00;2026-09-11 03:00:48
124244754;10003343;2026-09-25 11:30;2026-09-11 03:00:48
124244754;10003343;2026-09-28 14:15;2026-09-11 03:00:48
124244754;10003343;2026-09-28 14:45;2026-09-11 03:00:48
124244754;10003343;2026-09-28 15:15;2026-09-11 03:00:48
124244754;10003343;2026-09-28 16:00;2026-09-11 03:00:48
124244754;10003343;2026-09-28 17:30;2026-09-11 03:00:48
124244754;10003343;2026-09-29 09:15;2026-09-11 03:00:48
124244754;10003343;2026-09-29 12:15;2026-09-11 03:00:48
124244754;10003343;2026-09-30 15:15;2026-09-11 03:00:48
124244754;10003343;2026-09-30 15:45;2026-09-11 03:00:48
124244754;10003343;2026-09-30 16:00;2026-09-11 03:00:48
124244754;10003343;2026-09-30 16:15;2026-09-11 03:00:48
124244754;10003343;2026-09-30 17:30;2026-09-11 03:00:48
124244754;10003343;2026-10-05 14:15;2026-09-11 03:00:48
124244754;10003343;2026-10-05 14:45;2026-09-11 03:00:48
124244754;10003343;2026-10-05 15:15;2026-09-11 03:00:48
124244754;10003343;2026-10-05 16:00;2026-09-11 03:00:48
124244754;10003343;2026-10-05 17:30;2026-09-11 03:00:48
124244754;10003343;2026-10-05 18:30;2026-09-11 03:00:48
124244754;10003343;2026-10-05 19:00;2026-09-11 03:00:48
124244754;10003343;2026-10-06 07:45;2026-09-11 03:00:48
124244754;10003343;2026-10-06 08:30;2026-09-11 03:00:48
124244754;10003343;2026-10-06 08:45;2026-09-11 03:00:48
124244754;10003343;2026-10-06 09:00;2026-09-11 03:00:48
124244754;10003343;2026-10-06 09:15;2026-09-11 03:00:48
124244754;10003343;2026-10-06 09:30;2026-09-11 03:00:48
124244754;10003343;2026-10-06 09:45;2026-09-11 03:00:48
124244754;10003343;2026-10-06 11:00;2026-09-11 03:00:48
124244754;10003343;2026-10-06 11:15;2026-09-11 03:00:48
124244754;10003343;2026-10-06 11:30;2026-09-11 03:00:48
124244754;10003343;2026-10-06 11:45;2026-09-11 03:00:48
124244754;10003343;2026-10-06 12:00;2026-09-11 03:00:48
124244754;10003343;2026-10-06 12:15;2026-09-11 03:00:48
124244754;10003343;2026-10-06 12:30;2026-09-11 03:00:48
124244754;10003343;2026-10-07 15:15;2026-09-11 03:00:48
124244754;10003343;2026-10-07 16:00;2026-09-11 03:00:48
124244754;10003343;2026-10-07 16:15;2026-09-11 03:00:48
124244754;10003343;2026-10-07 17:45;2026-09-11 03:00:48
124244754;10003343;2026-10-07 18:15;2026-09-11 03:00:48
124244754;10003343;2026-10-07 18:30;2026-09-11 03:00:48
124244754;10003343;2026-10-07 19:00;2026-09-11 03:00:48
124244754;10003343;2026-10-07 19:15;2026-09-11 03:00:48
124244754;10003343;2026-10-07 18:45;2026-09-11 03:00:48
124244754;10003343;2026-10-08 08:00;2026-09-11 03:00:48
124244754;10003343;2026-10-08 08:15;2026-09-11 03:00:48
124244754;10003343;2026-10-08 08:30;2026-09-11 03:00:48
124244754;10003343;2026-10-08 08:45;2026-09-11 03:00:48
124244754;10003343;2026-10-08 09:00;2026-09-11 03:00:48
124244754;10003343;2026-10-08 09:15;2026-09-11 03:00:48
124244754;10003343;2026-10-08 09:30;2026-09-11 03:00:48
124244754;10003343;2026-10-08 09:45;2026-09-11 03:00:48
124244754;10003343;2026-10-08 11:15;2026-09-11 03:00:48
124244754;10003343;2026-10-08 11:30;2026-09-11 03:00:48
124244754;10003343;2026-10-08 11:45;2026-09-11 03:00:48
124244754;10003343;2026-10-08 12:00;2026-09-11 03:00:48
124244754;10003343;2026-10-08 12:15;2026-09-11 03:00:48
124244754;10003343;2026-10-08 12:30;2026-09-11 03:00:48
124244754;10003343;2026-10-08 12:45;2026-09-11 03:00:48
124244754;10003343;2026-10-09 07:30;2026-09-11 03:00:48
124244754;10003343;2026-10-09 08:15;2026-09-11 03:00:48
124244754;10003343;2026-10-09 08:30;2026-09-11 03:00:48
124244754;10003343;2026-10-09 08:45;2026-09-11 03:00:48
124244754;10003343;2026-10-09 09:00;2026-09-11 03:00:48
124244754;10003343;2026-10-09 09:15;2026-09-11 03:00:48
124244754;10003343;2026-10-09 10:45;2026-09-11 03:00:48
124244754;10003343;2026-10-09 11:30;2026-09-11 03:00:48
124244754;10003343;2026-10-09 12:00;2026-09-11 03:00:48
124244754;10003343;2026-10-09 12:15;2026-09-11 03:00:48
124244754;10003343;2026-10-09 12:30;2026-09-11 03:00:48
124244754;10003343;2026-10-09 12:45;2026-09-11 03:00:48
124244754;10003343;2026-10-09 07:45;2026-09-11 03:00:48
124244754;10003343;2026-10-06 12:45;2026-09-11 03:00:48
124244754;10003343;2026-09-30 18:30;2026-09-11 03:00:48
124244754;10003343;2026-09-30 15:30;2026-09-11 03:00:48
124244754;10000679;2026-09-11 09:15;2026-09-11 03:00:48
124244754;10000679;2026-09-11 09:30;2026-09-11 03:00:48
124244754;10000679;2026-09-11 09:45;2026-09-11 03:00:48
124244754;10000679;2026-09-11 09:00;2026-09-11 03:00:48
124244754;10000679;2026-09-11 11:15;2026-09-11 03:00:48
124244754;10000679;2026-09-11 11:30;2026-09-11 03:00:48
124244754;10000679;2026-09-14 14:00;2026-09-11 03:00:48
124244754;10000679;2026-09-14 14:15;2026-09-11 03:00:48
124244754;10000679;2026-09-14 14:30;2026-09-11 03:00:48
124244754;10000679;2026-09-14 14:45;2026-09-11 03:00:48
124244754;10000679;2026-09-14 15:00;2026-09-11 03:00:48
124244754;10000679;2026-09-15 09:15;2026-09-11 03:00:48
124244754;10000679;2026-09-15 09:30;2026-09-11 03:00:48
124244754;10000679;2026-09-15 09:45;2026-09-11 03:00:48
124244754;10000679;2026-09-16 14:00;2026-09-11 03:00:48
124244754;10000679;2026-09-16 14:15;2026-09-11 03:00:48
124244754;10000679;2026-09-16 14:30;2026-09-11 03:00:48
124244754;10000679;2026-09-16 14:45;2026-09-11 03:00:48
124244754;10000679;2026-09-16 15:00;2026-09-11 03:00:48
124244754;10000679;2026-09-17 09:15;2026-09-11 03:00:48
124244754;10000679;2026-09-17 09:30;2026-09-11 03:00:48
124244754;10000679;2026-09-17 09:45;2026-09-11 03:00:48
124244754;10000679;2026-09-18 14:15;2026-09-11 03:00:48
124244754;10000679;2026-09-18 14:30;2026-09-11 03:00:48
124244754;10000679;2026-09-18 14:45;2026-09-11 03:00:48
124244754;10000679;2026-09-18 15:00;2026-09-11 03:00:48
124244754;10000679;2026-09-15 11:15;2026-09-11 03:00:48
124244754;10000679;2026-09-15 11:30;2026-09-11 03:00:48
124244754;10000679;2026-09-17 09:00;2026-09-11 03:00:48
124244754;10000679;2026-09-17 11:15;2026-09-11 03:00:48
124244754;10000679;2026-09-17 11:30;2026-09-11 03:00:48
124244754;10000679;2026-09-21 09:15;2026-09-11 03:00:48
124244754;10000679;2026-09-21 09:30;2026-09-11 03:00:48
124244754;10000679;2026-09-21 09:45;2026-09-11 03:00:48
124244754;10000679;2026-09-22 14:00;2026-09-11 03:00:48
124244754;10000679;2026-09-22 14:15;2026-09-11 03:00:48
124244754;10000679;2026-09-22 14:30;2026-09-11 03:00:48
124244754;10000679;2026-09-22 14:45;2026-09-11 03:00:48
124244754;10000679;2026-09-22 15:00;2026-09-11 03:00:48
124244754;10000679;2026-09-23 09:15;2026-09-11 03:00:48
124244754;10000679;2026-09-23 09:30;2026-09-11 03:00:48
124244754;10000679;2026-09-23 09:45;2026-09-11 03:00:48
124244754;10000679;2026-09-23 12:45;2026-09-11 03:00:48
124244754;10000679;2026-09-24 14:00;2026-09-11 03:00:48
124244754;10000679;2026-09-24 14:15;2026-09-11 03:00:48
124244754;10000679;2026-09-24 14:30;2026-09-11 03:00:48
124244754;10000679;2026-09-24 14:45;2026-09-11 03:00:48
124244754;10000679;2026-09-24 15:00;2026-09-11 03:00:48
124244754;10000679;2026-09-24 13:30;2026-09-11 03:00:48
124244754;10000679;2026-09-25 07:30;2026-09-11 03:00:48
124244754;10000679;2026-09-25 08:15;2026-09-11 03:00:48
124244754;10000679;2026-09-25 08:45;2026-09-11 03:00:48
124244754;10000679;2026-09-25 09:15;2026-09-11 03:00:48
124244754;10000679;2026-09-25 09:30;2026-09-11 03:00:48
124244754;10000679;2026-09-25 09:45;2026-09-11 03:00:48
124244754;10000679;2026-09-25 10:00;2026-09-11 03:00:48
124244754;10000679;2026-09-25 10:15;2026-09-11 03:00:48
124244754;10000679;2026-09-25 11:45;2026-09-11 03:00:48
124244754;10000679;2026-09-25 12:00;2026-09-11 03:00:48
124244754;10000679;2026-09-25 12:30;2026-09-11 03:00:48
124244754;10000679;2026-09-21 09:00;2026-09-11 03:00:48
124244754;10000679;2026-09-21 11:15;2026-09-11 03:00:48
124244754;10000679;2026-09-21 11:30;2026-09-11 03:00:48
124244754;10000679;2026-09-23 09:00;2026-09-11 03:00:48
124244754;10000679;2026-09-23 11:15;2026-09-11 03:00:48
124244754;10000679;2026-09-23 11:30;2026-09-11 03:00:48
124244754;10000679;2026-09-25 09:00;2026-09-11 03:00:48
124244754;10000679;2026-09-25 11:15;2026-09-11 03:00:48
124244754;10000679;2026-09-25 11:30;2026-09-11 03:00:48
124244754;10000679;2026-09-29 07:45;2026-09-11 03:00:48
124244754;10000679;2026-09-29 08:00;2026-09-11 03:00:48
124244754;10000679;2026-09-29 08:15;2026-09-11 03:00:48
124244754;10000679;2026-09-29 08:30;2026-09-11 03:00:48
124244754;10000679;2026-09-29 08:45;2026-09-11 03:00:48
124244754;10000679;2026-09-29 09:15;2026-09-11 03:00:48
124244754;10000679;2026-09-29 09:30;2026-09-11 03:00:48
124244754;10000679;2026-09-29 09:45;2026-09-11 03:00:48
124244754;10000679;2026-09-29 10:15;2026-09-11 03:00:48
124244754;10000679;2026-09-29 11:00;2026-09-11 03:00:48
124244754;10000679;2026-09-29 11:45;2026-09-11 03:00:48
124244754;10000679;2026-09-29 12:00;2026-09-11 03:00:48
124244754;10000679;2026-09-29 12:15;2026-09-11 03:00:48
124244754;10000679;2026-09-29 12:30;2026-09-11 03:00:48
124244754;10000679;2026-09-29 12:45;2026-09-11 03:00:48
124244754;10000679;2026-10-01 07:30;2026-09-11 03:00:48
124244754;10000679;2026-10-01 07:45;2026-09-11 03:00:48
124244754;10000679;2026-10-01 08:00;2026-09-11 03:00:48
124244754;10000679;2026-10-01 08:15;2026-09-11 03:00:48
124244754;10000679;2026-10-01 08:30;2026-09-11 03:00:48
124244754;10000679;2026-10-01 08:45;2026-09-11 03:00:48
124244754;10000679;2026-10-01 09:15;2026-09-11 03:00:48
124244754;10000679;2026-10-01 09:30;2026-09-11 03:00:48
124244754;10000679;2026-10-01 09:45;2026-09-11 03:00:48
124244754;10000679;2026-10-01 10:00;2026-09-11 03:00:48
124244754;10000679;2026-10-01 10:15;2026-09-11 03:00:48
124244754;10000679;2026-10-01 11:00;2026-09-11 03:00:48
124244754;10000679;2026-10-01 11:45;2026-09-11 03:00:48
124244754;10000679;2026-10-01 12:00;2026-09-11 03:00:48
124244754;10000679;2026-10-01 12:15;2026-09-11 03:00:48
124244754;10000679;2026-10-01 12:30;2026-09-11 03:00:48
124244754;10000679;2026-10-01 12:45;2026-09-11 03:00:48
124244754;10000679;2026-09-29 09:00;2026-09-11 03:00:48
124244754;10000679;2026-09-29 11:15;2026-09-11 03:00:48
124244754;10000679;2026-09-29 11:30;2026-09-11 03:00:48
124244754;10000679;2026-10-01 09:00;2026-09-11 03:00:48
124244754;10000679;2026-10-01 11:15;2026-09-11 03:00:48
124244754;10000679;2026-10-01 11:30;2026-09-11 03:00:48
124244754;10000679;2026-10-05 07:30;2026-09-11 03:00:48
124244754;10000679;2026-10-05 07:45;2026-09-11 03:00:48
124244754;10000679;2026-10-05 08:15;2026-09-11 03:00:48
124244754;10000679;2026-10-05 08:45;2026-09-11 03:00:48
124244754;10000679;2026-10-05 09:15;2026-09-11 03:00:48
124244754;10000679;2026-10-05 09:30;2026-09-11 03:00:48
124244754;10000679;2026-10-05 09:45;2026-09-11 03:00:48
124244754;10000679;2026-10-05 10:00;2026-09-11 03:00:48
124244754;10000679;2026-10-05 10:15;2026-09-11 03:00:48
124244754;10000679;2026-10-05 11:00;2026-09-11 03:00:48
124244754;10000679;2026-10-05 11:45;2026-09-11 03:00:48
124244754;10000679;2026-10-05 12:00;2026-09-11 03:00:48
124244754;10000679;2026-10-05 12:15;2026-09-11 03:00:48
124244754;10000679;2026-10-05 12:30;2026-09-11 03:00:48
124244754;10000679;2026-10-05 12:45;2026-09-11 03:00:48
124244754;10000679;2026-10-06 14:00;2026-09-11 03:00:48
124244754;10000679;2026-10-06 14:15;2026-09-11 03:00:48
124244754;10000679;2026-10-06 14:30;2026-09-11 03:00:48
124244754;10000679;2026-10-06 14:45;2026-09-11 03:00:48
124244754;10000679;2026-10-06 15:00;2026-09-11 03:00:48
124244754;10000679;2026-10-06 15:30;2026-09-11 03:00:48
124244754;10000679;2026-10-06 15:45;2026-09-11 03:00:48
124244754;10000679;2026-10-06 16:30;2026-09-11 03:00:48
124244754;10000679;2026-10-06 17:00;2026-09-11 03:00:48
124244754;10000679;2026-10-06 17:15;2026-09-11 03:00:48
124244754;10000679;2026-10-06 17:30;2026-09-11 03:00:48
124244754;10000679;2026-10-06 17:45;2026-09-11 03:00:48
124244754;10000679;2026-10-06 18:30;2026-09-11 03:00:48
124244754;10000679;2026-10-06 18:45;2026-09-11 03:00:48
124244754;10000679;2026-10-06 13:30;2026-09-11 03:00:48
124244754;10000679;2026-10-06 13:45;2026-09-11 03:00:48
124244754;10000679;2026-10-07 07:30;2026-09-11 03:00:48
124244754;10000679;2026-10-07 07:45;2026-09-11 03:00:48
124244754;10000679;2026-10-07 08:00;2026-09-11 03:00:48
124244754;10000679;2026-10-07 08:15;2026-09-11 03:00:48
124244754;10000679;2026-10-07 08:30;2026-09-11 03:00:48
124244754;10000679;2026-10-07 08:45;2026-09-11 03:00:48
124244754;10000679;2026-10-07 09:15;2026-09-11 03:00:48
124244754;10000679;2026-10-07 09:30;2026-09-11 03:00:48
124244754;10000679;2026-10-07 09:45;2026-09-11 03:00:48
124244754;10000679;2026-10-07 10:15;2026-09-11 03:00:48
124244754;10000679;2026-10-07 12:00;2026-09-11 03:00:48
124244754;10000679;2026-10-07 12:15;2026-09-11 03:00:48
124244754;10000679;2026-10-07 12:30;2026-09-11 03:00:48
124244754;10000679;2026-10-07 12:45;2026-09-11 03:00:48
124244754;10000679;2026-10-09 08:00;2026-09-11 03:00:48
124244754;10000679;2026-10-09 08:15;2026-09-11 03:00:48
124244754;10000679;2026-10-09 08:30;2026-09-11 03:00:48
124244754;10000679;2026-10-09 09:15;2026-09-11 03:00:48
124244754;10000679;2026-10-09 09:30;2026-09-11 03:00:48
124244754;10000679;2026-10-09 09:45;2026-09-11 03:00:48
124244754;10000679;2026-10-09 10:00;2026-09-11 03:00:48
124244754;10000679;2026-10-09 10:15;2026-09-11 03:00:48
124244754;10000679;2026-10-09 11:45;2026-09-11 03:00:48
124244754;10000679;2026-10-09 12:00;2026-09-11 03:00:48
124244754;10000679;2026-10-09 12:30;2026-09-11 03:00:48
124244754;10000679;2026-10-09 12:45;2026-09-11 03:00:48
124244754;10000679;2026-10-05 09:00;2026-09-11 03:00:48
124244754;10000679;2026-10-05 11:15;2026-09-11 03:00:48
124244754;10000679;2026-10-05 11:30;2026-09-11 03:00:48
124244754;10000679;2026-10-07 09:00;2026-09-11 03:00:48
124244754;10000679;2026-10-07 11:15;2026-09-11 03:00:48
124244754;10000679;2026-10-07 11:30;2026-09-11 03:00:48
124244754;10000679;2026-10-09 09:00;2026-09-11 03:00:48
124244754;10000679;2026-10-09 11:15;2026-09-11 03:00:48
124244754;10000679;2026-10-09 11:30;2026-09-11 03:00:48
124244754;10000679;2026-10-06 18:15;2026-09-11 03:00:48
124244754;10000679;2026-09-28 14:00;2026-09-11 03:00:48
124244754;10000679;2026-09-28 14:15;2026-09-11 03:00:48
124244754;10000679;2026-09-28 14:30;2026-09-11 03:00:48
124244754;10000679;2026-09-28 14:45;2026-09-11 03:00:48
124244754;10000679;2026-09-28 15:00;2026-09-11 03:00:48
124244754;10000679;2026-09-28 15:45;2026-09-11 03:00:48
124244754;10000679;2026-09-30 14:00;2026-09-11 03:00:48
124244754;10000679;2026-09-30 14:15;2026-09-11 03:00:48
124244754;10000679;2026-09-30 14:30;2026-09-11 03:00:48
124244754;10000679;2026-09-30 14:45;2026-09-11 03:00:48
124244754;10000679;2026-09-30 15:00;2026-09-11 03:00:48
124244754;10000679;2026-09-30 15:30;2026-09-11 03:00:48
124244754;10000679;2026-09-30 15:45;2026-09-11 03:00:48
124244754;10000679;2026-09-30 16:30;2026-09-11 03:00:48
124244754;10000679;2026-09-30 17:30;2026-09-11 03:00:48
124244754;10000679;2026-09-30 13:30;2026-09-11 03:00:48
124244754;10000679;2026-09-30 13:45;2026-09-11 03:00:48
124244754;10000679;2026-09-30 15:15;2026-09-11 03:00:48
124244754;10000679;2026-10-02 14:00;2026-09-11 03:00:48
124244754;10000679;2026-10-02 14:15;2026-09-11 03:00:48
124244754;10000679;2026-10-02 14:30;2026-09-11 03:00:48
124244754;10000679;2026-10-02 14:45;2026-09-11 03:00:48
124244754;10000679;2026-10-02 15:00;2026-09-11 03:00:48
124244754;10000679;2026-10-02 15:30;2026-09-11 03:00:48
124244754;10000679;2026-10-02 15:45;2026-09-11 03:00:48
124244754;10000679;2026-10-02 16:30;2026-09-11 03:00:48
124244754;10000679;2026-10-02 16:45;2026-09-11 03:00:48
124244754;10000679;2026-10-02 17:00;2026-09-11 03:00:48
124244754;10000679;2026-10-02 17:15;2026-09-11 03:00:48
124244754;10000679;2026-10-02 17:30;2026-09-11 03:00:48
124244754;10000679;2026-10-02 17:45;2026-09-11 03:00:48
124244754;10000679;2026-10-02 18:00;2026-09-11 03:00:48
124244754;10000679;2026-10-02 18:15;2026-09-11 03:00:48
124244754;10000679;2026-10-02 18:30;2026-09-11 03:00:48
124244754;10000679;2026-10-02 18:45;2026-09-11 03:00:48
124244754;10000679;2026-10-02 13:30;2026-09-11 03:00:48
124244754;10000679;2026-10-02 13:45;2026-09-11 03:00:48
124244754;10000679;2026-10-02 15:15;2026-09-11 03:00:48
124244754;10000679;2026-10-06 15:15;2026-09-11 03:00:48
124244754;10000679;2026-10-08 14:00;2026-09-11 03:00:48
124244754;10000679;2026-10-08 14:15;2026-09-11 03:00:48
124244754;10000679;2026-10-08 14:30;2026-09-11 03:00:48
124244754;10000679;2026-10-08 14:45;2026-09-11 03:00:48
124244754;10000679;2026-10-08 15:00;2026-09-11 03:00:48
124244754;10000679;2026-10-08 15:30;2026-09-11 03:00:48
124244754;10000679;2026-10-08 15:45;2026-09-11 03:00:48
124244754;10000679;2026-10-08 16:30;2026-09-11 03:00:48
124244754;10000679;2026-10-08 16:45;2026-09-11 03:00:48
124244754;10000679;2026-10-08 17:00;2026-09-11 03:00:48
124244754;10000679;2026-10-08 17:15;2026-09-11 03:00:48
124244754;10000679;2026-10-08 17:30;2026-09-11 03:00:48
124244754;10000679;2026-10-08 17:45;2026-09-11 03:00:48
124244754;10000679;2026-10-08 18:00;2026-09-11 03:00:48
124244754;10000679;2026-10-08 18:15;2026-09-11 03:00:48
124244754;10000679;2026-10-08 18:30;2026-09-11 03:00:48
124244754;10000679;2026-10-08 18:45;2026-09-11 03:00:48
124244754;10000679;2026-10-08 13:45;2026-09-11 03:00:48
124244754;10000679;2026-10-08 15:15;2026-09-11 03:00:48
124244754;10000679;2026-09-30 16:45;2026-09-11 03:00:48
124244754;10000679;2026-09-24 13:45;2026-09-11 03:00:48
124244754;10000679;2026-09-28 15:15;2026-09-11 03:00:48
124244754;10000679;2026-09-30 17:45;2026-09-11 03:00:48
124244754;10000679;2026-09-21 07:30;2026-09-11 03:00:48
124244754;10000679;2026-09-21 10:15;2026-09-11 03:00:48
124244754;10000679;2026-10-08 13:30;2026-09-11 03:00:48
124244754;10002687;2026-09-14 08:15;2026-09-11 03:00:48
124244754;10002687;2026-09-14 08:30;2026-09-11 03:00:48
124244754;10002687;2026-09-14 10:00;2026-09-11 03:00:48
124244754;10002687;2026-09-14 10:15;2026-09-11 03:00:48
124244754;10002687;2026-09-14 11:30;2026-09-11 03:00:48
124244754;10002687;2026-09-14 12:15;2026-09-11 03:00:48
124244754;10002687;2026-09-14 12:30;2026-09-11 03:00:48
124244754;10002687;2026-09-14 13:00;2026-09-11 03:00:48
124244754;10002687;2026-09-14 12:45;2026-09-11 03:00:48
124244754;10002687;2026-09-16 08:30;2026-09-11 03:00:48
124244754;10002687;2026-09-16 09:30;2026-09-11 03:00:48
124244754;10002687;2026-09-16 09:45;2026-09-11 03:00:48
124244754;10002687;2026-09-16 12:15;2026-09-11 03:00:48
124244754;10002687;2026-09-16 11:45;2026-09-11 03:00:48
124244754;10002687;2026-09-15 14:30;2026-09-11 03:00:48
124244754;10002687;2026-09-15 17:30;2026-09-11 03:00:48
124244754;10002687;2026-09-15 14:45;2026-09-11 03:00:48
124244754;10002687;2026-09-15 15:45;2026-09-11 03:00:48
124244754;10002687;2026-09-15 16:30;2026-09-11 03:00:48
124244754;10002687;2026-09-11 16:30;2026-09-11 03:00:48
124244754;10002687;2026-09-11 15:15;2026-09-11 03:00:48
124244754;10002687;2026-09-11 15:30;2026-09-11 03:00:48
124244754;10002687;2026-09-17 17:15;2026-09-11 03:00:48
124244754;10002687;2026-09-17 17:30;2026-09-11 03:00:48
124244754;10002687;2026-09-17 17:45;2026-09-11 03:00:48
124244754;10002687;2026-09-17 18:00;2026-09-11 03:00:48
124244754;10002687;2026-09-17 18:15;2026-09-11 03:00:48
124244754;10002687;2026-09-18 08:15;2026-09-11 03:00:48
124244754;10002687;2026-09-18 10:15;2026-09-11 03:00:48
124244754;10002687;2026-09-18 08:00;2026-09-11 03:00:48
124244754;10002687;2026-09-18 09:30;2026-09-11 03:00:48
124244754;10002687;2026-09-18 11:30;2026-09-11 03:00:48
124244754;10002687;2026-10-05 13:00;2026-09-11 03:00:48
124244754;10002687;2026-10-05 13:45;2026-09-11 03:00:48
124244754;10002687;2026-10-05 14:00;2026-09-11 03:00:48
124244754;10002687;2026-10-05 15:30;2026-09-11 03:00:48
124244754;10002687;2026-10-05 15:45;2026-09-11 03:00:48
124244754;10002687;2026-10-05 17:30;2026-09-11 03:00:48
124244754;10002687;2026-10-05 17:45;2026-09-11 03:00:48
124244754;10002687;2026-10-05 14:15;2026-09-11 03:00:48
124244754;10002687;2026-10-05 17:15;2026-09-11 03:00:48
124244754;10002687;2026-10-09 16:30;2026-09-11 03:00:48
124244754;10002687;2026-10-09 17:30;2026-09-11 03:00:48
124244754;10002687;2026-10-09 15:15;2026-09-11 03:00:48
124244754;10002687;2026-10-09 15:30;2026-09-11 03:00:48
124244754;10002687;2026-10-09 17:15;2026-09-11 03:00:48
124244754;10002687;2026-10-08 08:30;2026-09-11 03:00:48
124244754;10002687;2026-10-08 09:30;2026-09-11 03:00:48
124244754;10002687;2026-10-08 09:45;2026-09-11 03:00:48
124244754;10002687;2026-10-08 12:15;2026-09-11 03:00:48
124244754;10002687;2026-10-08 11:45;2026-09-11 03:00:48
124244754;10002687;2026-10-07 14:30;2026-09-11 03:00:48
124244754;10002687;2026-10-07 17:30;2026-09-11 03:00:48
124244754;10002687;2026-10-07 14:45;2026-09-11 03:00:48
124244754;10002687;2026-10-07 15:45;2026-09-11 03:00:48
124244754;10002687;2026-10-07 16:30;2026-09-11 03:00:48
124244754;10002687;2026-10-06 08:15;2026-09-11 03:00:48
124244754;10002687;2026-10-06 10:15;2026-09-11 03:00:48
124244754;10002687;2026-10-06 08:00;2026-09-11 03:00:48
124244754;10002687;2026-10-06 09:30;2026-09-11 03:00:48
124244754;10002687;2026-10-06 11:30;2026-09-11 03:00:48
124244754;10000724;2026-09-11 12:00;2026-09-11 03:00:48
124244754;10000724;2026-09-11 12:30;2026-09-11 03:00:48
124244754;10000724;2026-09-11 12:45;2026-09-11 03:00:48
124244754;10000724;2026-09-11 12:15;2026-09-11 03:00:48
124244754;10000724;2026-09-11 11:45;2026-09-11 03:00:48
124244754;10000724;2026-09-14 14:00;2026-09-11 03:00:48
124244754;10000724;2026-09-14 14:15;2026-09-11 03:00:48
124244754;10000724;2026-09-14 14:30;2026-09-11 03:00:48
124244754;10000724;2026-09-14 14:45;2026-09-11 03:00:48
124244754;10000724;2026-09-14 15:00;2026-09-11 03:00:48
124244754;10000724;2026-09-15 09:30;2026-09-11 03:00:48
124244754;10000724;2026-09-15 12:00;2026-09-11 03:00:48
124244754;10000724;2026-09-15 12:30;2026-09-11 03:00:48
124244754;10000724;2026-09-15 09:15;2026-09-11 03:00:48
124244754;10000724;2026-09-15 12:45;2026-09-11 03:00:48
124244754;10000724;2026-09-15 12:15;2026-09-11 03:00:48
124244754;10000724;2026-09-15 11:45;2026-09-11 03:00:48
124244754;10000724;2026-09-15 10:15;2026-09-11 03:00:48
124244754;10000724;2026-09-15 09:45;2026-09-11 03:00:48
124244754;10000724;2026-09-15 10:00;2026-09-11 03:00:48
124244754;10000724;2026-09-16 14:00;2026-09-11 03:00:48
124244754;10000724;2026-09-16 14:15;2026-09-11 03:00:48
124244754;10000724;2026-09-16 14:30;2026-09-11 03:00:48
124244754;10000724;2026-09-16 14:45;2026-09-11 03:00:48
124244754;10000724;2026-09-16 15:00;2026-09-11 03:00:48
124244754;10000724;2026-09-16 16:00;2026-09-11 03:00:48
124244754;10000724;2026-09-18 14:00;2026-09-11 03:00:48
124244754;10000724;2026-09-18 14:15;2026-09-11 03:00:48
124244754;10000724;2026-09-18 14:30;2026-09-11 03:00:48
124244754;10000724;2026-09-18 14:45;2026-09-11 03:00:48
124244754;10000724;2026-09-18 15:00;2026-09-11 03:00:48
124244754;10000724;2026-09-18 15:45;2026-09-11 03:00:48
124244754;10000724;2026-09-18 15:30;2026-09-11 03:00:48
124244754;10000724;2026-09-18 16:45;2026-09-11 03:00:48
124244754;10000724;2026-09-18 17:30;2026-09-11 03:00:48
124244754;10000724;2026-09-18 16:00;2026-09-11 03:00:48
124244754;10000724;2026-09-21 08:30;2026-09-11 03:00:48
124244754;10000724;2026-09-21 09:30;2026-09-11 03:00:48
124244754;10000724;2026-09-21 12:00;2026-09-11 03:00:48
124244754;10000724;2026-09-21 12:30;2026-09-11 03:00:48
124244754;10000724;2026-09-21 08:15;2026-09-11 03:00:48
124244754;10000724;2026-09-21 08:45;2026-09-11 03:00:48
124244754;10000724;2026-09-21 09:15;2026-09-11 03:00:48
124244754;10000724;2026-09-21 12:45;2026-09-11 03:00:48
124244754;10000724;2026-09-21 12:15;2026-09-11 03:00:48
124244754;10000724;2026-09-21 11:45;2026-09-11 03:00:48
124244754;10000724;2026-09-21 11:30;2026-09-11 03:00:48
124244754;10000724;2026-09-21 09:45;2026-09-11 03:00:48
124244754;10000724;2026-09-21 11:00;2026-09-11 03:00:48
124244754;10000724;2026-09-21 11:15;2026-09-11 03:00:48
124244754;10000724;2026-09-21 10:00;2026-09-11 03:00:48
124244754;10000724;2026-09-22 14:00;2026-09-11 03:00:48
124244754;10000724;2026-09-22 14:15;2026-09-11 03:00:48
124244754;10000724;2026-09-22 14:30;2026-09-11 03:00:48
124244754;10000724;2026-09-22 14:45;2026-09-11 03:00:48
124244754;10000724;2026-09-22 15:00;2026-09-11 03:00:48
124244754;10000724;2026-09-22 15:45;2026-09-11 03:00:48
124244754;10000724;2026-09-22 15:15;2026-09-11 03:00:48
124244754;10000724;2026-09-22 15:30;2026-09-11 03:00:48
124244754;10000724;2026-09-22 16:45;2026-09-11 03:00:48
124244754;10000724;2026-09-22 17:00;2026-09-11 03:00:48
124244754;10000724;2026-09-22 17:15;2026-09-11 03:00:48
124244754;10000724;2026-09-22 17:30;2026-09-11 03:00:48
124244754;10000724;2026-09-22 18:00;2026-09-11 03:00:48
124244754;10000724;2026-09-22 18:15;2026-09-11 03:00:48
124244754;10000724;2026-09-22 18:30;2026-09-11 03:00:48
124244754;10000724;2026-09-22 18:45;2026-09-11 03:00:48
124244754;10000724;2026-09-22 16:00;2026-09-11 03:00:48
124244754;10000724;2026-09-22 19:00;2026-09-11 03:00:48
124244754;10000724;2026-09-23 08:00;2026-09-11 03:00:48
124244754;10000724;2026-09-23 08:30;2026-09-11 03:00:48
124244754;10000724;2026-09-23 09:00;2026-09-11 03:00:48
124244754;10000724;2026-09-23 09:30;2026-09-11 03:00:48
124244754;10000724;2026-09-23 12:00;2026-09-11 03:00:48
124244754;10000724;2026-09-23 12:30;2026-09-11 03:00:48
124244754;10000724;2026-09-23 08:15;2026-09-11 03:00:48
124244754;10000724;2026-09-23 08:45;2026-09-11 03:00:48
124244754;10000724;2026-09-23 09:15;2026-09-11 03:00:48
124244754;10000724;2026-09-23 12:45;2026-09-11 03:00:48
124244754;10000724;2026-09-23 12:15;2026-09-11 03:00:48
124244754;10000724;2026-09-23 11:45;2026-09-11 03:00:48
124244754;10000724;2026-09-23 10:15;2026-09-11 03:00:48
124244754;10000724;2026-09-23 11:30;2026-09-11 03:00:48
124244754;10000724;2026-09-23 09:45;2026-09-11 03:00:48
124244754;10000724;2026-09-23 11:00;2026-09-11 03:00:48
124244754;10000724;2026-09-23 11:15;2026-09-11 03:00:48
124244754;10000724;2026-09-23 10:00;2026-09-11 03:00:48
124244754;10000724;2026-09-25 08:30;2026-09-11 03:00:48
124244754;10000724;2026-09-25 09:00;2026-09-11 03:00:48
124244754;10000724;2026-09-25 09:30;2026-09-11 03:00:48
124244754;10000724;2026-09-25 12:00;2026-09-11 03:00:48
124244754;10000724;2026-09-25 12:30;2026-09-11 03:00:48
124244754;10000724;2026-09-25 08:15;2026-09-11 03:00:48
124244754;10000724;2026-09-25 08:45;2026-09-11 03:00:48
124244754;10000724;2026-09-25 09:15;2026-09-11 03:00:48
124244754;10000724;2026-09-25 12:45;2026-09-11 03:00:48
124244754;10000724;2026-09-25 12:15;2026-09-11 03:00:48
124244754;10000724;2026-09-25 11:45;2026-09-11 03:00:48
124244754;10000724;2026-09-25 10:15;2026-09-11 03:00:48
124244754;10000724;2026-09-25 11:30;2026-09-11 03:00:48
124244754;10000724;2026-09-25 09:45;2026-09-11 03:00:48
124244754;10000724;2026-09-25 11:00;2026-09-11 03:00:48
124244754;10000724;2026-09-25 11:15;2026-09-11 03:00:48
124244754;10000724;2026-09-25 10:00;2026-09-11 03:00:48
124244754;10000724;2026-09-28 14:00;2026-09-11 03:00:48
124244754;10000724;2026-09-28 14:15;2026-09-11 03:00:48
124244754;10000724;2026-09-28 14:30;2026-09-11 03:00:48
124244754;10000724;2026-09-28 14:45;2026-09-11 03:00:48
124244754;10000724;2026-09-28 15:00;2026-09-11 03:00:48
124244754;10000724;2026-09-28 16:45;2026-09-11 03:00:48
124244754;10000724;2026-09-28 17:00;2026-09-11 03:00:48
124244754;10000724;2026-09-28 17:15;2026-09-11 03:00:48
124244754;10000724;2026-09-28 17:30;2026-09-11 03:00:48
124244754;10000724;2026-09-28 17:45;2026-09-11 03:00:48
124244754;10000724;2026-09-28 18:00;2026-09-11 03:00:48
124244754;10000724;2026-09-28 18:15;2026-09-11 03:00:48
124244754;10000724;2026-09-28 18:30;2026-09-11 03:00:48
124244754;10000724;2026-09-28 18:45;2026-09-11 03:00:48
124244754;10000724;2026-09-29 08:00;2026-09-11 03:00:48
124244754;10000724;2026-09-29 08:30;2026-09-11 03:00:48
124244754;10000724;2026-09-29 12:00;2026-09-11 03:00:48
124244754;10000724;2026-09-29 12:30;2026-09-11 03:00:48
124244754;10000724;2026-09-29 08:15;2026-09-11 03:00:48
124244754;10000724;2026-09-29 09:15;2026-09-11 03:00:48
124244754;10000724;2026-09-29 12:45;2026-09-11 03:00:48
124244754;10000724;2026-09-29 12:15;2026-09-11 03:00:48
124244754;10000724;2026-09-29 11:45;2026-09-11 03:00:48
124244754;10000724;2026-09-29 10:15;2026-09-11 03:00:48
124244754;10000724;2026-09-29 11:00;2026-09-11 03:00:48
124244754;10000724;2026-09-29 11:15;2026-09-11 03:00:48
124244754;10000724;2026-09-29 07:45;2026-09-11 03:00:48
124244754;10000724;2026-09-29 10:00;2026-09-11 03:00:48
124244754;10000724;2026-09-30 14:00;2026-09-11 03:00:48
124244754;10000724;2026-09-30 14:15;2026-09-11 03:00:48
124244754;10000724;2026-09-30 14:30;2026-09-11 03:00:48
124244754;10000724;2026-09-30 14:45;2026-09-11 03:00:48
124244754;10000724;2026-09-30 15:00;2026-09-11 03:00:48
124244754;10000724;2026-09-30 15:45;2026-09-11 03:00:48
124244754;10000724;2026-09-30 15:15;2026-09-11 03:00:48
124244754;10000724;2026-09-30 15:30;2026-09-11 03:00:48
124244754;10000724;2026-09-30 16:45;2026-09-11 03:00:48
124244754;10000724;2026-09-30 17:00;2026-09-11 03:00:48
124244754;10000724;2026-09-30 17:15;2026-09-11 03:00:48
124244754;10000724;2026-09-30 17:30;2026-09-11 03:00:48
124244754;10000724;2026-09-30 17:45;2026-09-11 03:00:48
124244754;10000724;2026-09-30 18:00;2026-09-11 03:00:48
124244754;10000724;2026-09-30 18:15;2026-09-11 03:00:48
124244754;10000724;2026-09-30 18:30;2026-09-11 03:00:48
124244754;10000724;2026-09-30 18:45;2026-09-11 03:00:48
124244754;10000724;2026-09-30 16:00;2026-09-11 03:00:48
124244754;10000724;2026-09-30 19:00;2026-09-11 03:00:48
124244754;10000724;2026-10-02 14:00;2026-09-11 03:00:48
124244754;10000724;2026-10-02 14:15;2026-09-11 03:00:48
124244754;10000724;2026-10-02 14:30;2026-09-11 03:00:48
124244754;10000724;2026-10-02 14:45;2026-09-11 03:00:48
124244754;10000724;2026-10-02 15:00;2026-09-11 03:00:48
124244754;10000724;2026-10-02 15:45;2026-09-11 03:00:48
124244754;10000724;2026-10-02 16:45;2026-09-11 03:00:48
124244754;10000724;2026-10-02 17:00;2026-09-11 03:00:48
124244754;10000724;2026-10-02 17:15;2026-09-11 03:00:48
124244754;10000724;2026-10-02 17:30;2026-09-11 03:00:48
124244754;10000724;2026-10-02 17:45;2026-09-11 03:00:48
124244754;10000724;2026-10-02 18:00;2026-09-11 03:00:48
124244754;10000724;2026-10-02 18:15;2026-09-11 03:00:48
124244754;10000724;2026-10-02 18:30;2026-09-11 03:00:48
124244754;10000724;2026-10-02 18:45;2026-09-11 03:00:48
124244754;10000724;2026-10-02 16:00;2026-09-11 03:00:48
124244754;10000724;2026-10-02 19:00;2026-09-11 03:00:48
124244754;10000724;2026-10-02 19:15;2026-09-11 03:00:48
124244754;10000724;2026-10-02 19:30;2026-09-11 03:00:48
124244754;10000724;2026-10-05 08:00;2026-09-11 03:00:48
124244754;10000724;2026-10-05 08:30;2026-09-11 03:00:48
124244754;10000724;2026-10-05 09:00;2026-09-11 03:00:48
124244754;10000724;2026-10-05 12:00;2026-09-11 03:00:48
124244754;10000724;2026-10-05 12:30;2026-09-11 03:00:48
124244754;10000724;2026-10-05 08:15;2026-09-11 03:00:48
124244754;10000724;2026-10-05 08:45;2026-09-11 03:00:48
124244754;10000724;2026-10-05 09:15;2026-09-11 03:00:48
124244754;10000724;2026-10-05 12:45;2026-09-11 03:00:48
124244754;10000724;2026-10-05 12:15;2026-09-11 03:00:48
124244754;10000724;2026-10-05 11:45;2026-09-11 03:00:48
124244754;10000724;2026-10-05 10:15;2026-09-11 03:00:48
124244754;10000724;2026-10-05 11:30;2026-09-11 03:00:48
124244754;10000724;2026-10-05 09:45;2026-09-11 03:00:48
124244754;10000724;2026-10-05 11:00;2026-09-11 03:00:48
124244754;10000724;2026-10-05 11:15;2026-09-11 03:00:48
124244754;10000724;2026-10-05 07:45;2026-09-11 03:00:48
124244754;10000724;2026-10-05 10:00;2026-09-11 03:00:48
124244754;10000724;2026-10-06 14:00;2026-09-11 03:00:48
124244754;10000724;2026-10-06 14:15;2026-09-11 03:00:48
124244754;10000724;2026-10-06 14:30;2026-09-11 03:00:48
124244754;10000724;2026-10-06 14:45;2026-09-11 03:00:48
124244754;10000724;2026-10-06 15:00;2026-09-11 03:00:48
124244754;10000724;2026-10-06 15:45;2026-09-11 03:00:48
124244754;10000724;2026-10-06 15:15;2026-09-11 03:00:48
124244754;10000724;2026-10-06 15:30;2026-09-11 03:00:48
124244754;10000724;2026-10-06 16:45;2026-09-11 03:00:48
124244754;10000724;2026-10-06 17:00;2026-09-11 03:00:48
124244754;10000724;2026-10-06 17:15;2026-09-11 03:00:48
124244754;10000724;2026-10-06 17:30;2026-09-11 03:00:48
124244754;10000724;2026-10-06 17:45;2026-09-11 03:00:48
124244754;10000724;2026-10-06 18:00;2026-09-11 03:00:48
124244754;10000724;2026-10-06 18:15;2026-09-11 03:00:48
124244754;10000724;2026-10-06 18:30;2026-09-11 03:00:48
124244754;10000724;2026-10-06 18:45;2026-09-11 03:00:48
124244754;10000724;2026-10-06 19:00;2026-09-11 03:00:48
124244754;10000724;2026-10-06 19:15;2026-09-11 03:00:48
124244754;10000724;2026-10-06 19:30;2026-09-11 03:00:48
124244754;10000724;2026-10-07 08:00;2026-09-11 03:00:48
124244754;10000724;2026-10-07 08:30;2026-09-11 03:00:48
124244754;10000724;2026-10-07 09:00;2026-09-11 03:00:48
124244754;10000724;2026-10-07 09:30;2026-09-11 03:00:48
124244754;10000724;2026-10-07 12:00;2026-09-11 03:00:48
124244754;10000724;2026-10-07 12:30;2026-09-11 03:00:48
124244754;10000724;2026-10-07 08:15;2026-09-11 03:00:48
124244754;10000724;2026-10-07 08:45;2026-09-11 03:00:48
124244754;10000724;2026-10-07 09:15;2026-09-11 03:00:48
124244754;10000724;2026-10-07 12:45;2026-09-11 03:00:48
124244754;10000724;2026-10-07 12:15;2026-09-11 03:00:48
124244754;10000724;2026-10-07 11:45;2026-09-11 03:00:48
124244754;10000724;2026-10-07 10:15;2026-09-11 03:00:48
124244754;10000724;2026-10-07 11:30;2026-09-11 03:00:48
124244754;10000724;2026-10-07 09:45;2026-09-11 03:00:48
124244754;10000724;2026-10-07 11:00;2026-09-11 03:00:48
124244754;10000724;2026-10-07 11:15;2026-09-11 03:00:48
124244754;10000724;2026-10-07 07:45;2026-09-11 03:00:48
124244754;10000724;2026-10-09 08:00;2026-09-11 03:00:48
124244754;10000724;2026-10-09 08:30;2026-09-11 03:00:48
124244754;10000724;2026-10-09 09:00;2026-09-11 03:00:48
124244754;10000724;2026-10-09 09:30;2026-09-11 03:00:48
124244754;10000724;2026-10-09 12:00;2026-09-11 03:00:48
124244754;10000724;2026-10-09 12:30;2026-09-11 03:00:48
124244754;10000724;2026-10-09 08:15;2026-09-11 03:00:48
124244754;10000724;2026-10-09 08:45;2026-09-11 03:00:48
124244754;10000724;2026-10-09 09:15;2026-09-11 03:00:48
124244754;10000724;2026-10-09 12:45;2026-09-11 03:00:48
124244754;10000724;2026-10-09 12:15;2026-09-11 03:00:48
124244754;10000724;2026-10-09 11:45;2026-09-11 03:00:48
124244754;10000724;2026-10-09 10:15;2026-09-11 03:00:48
124244754;10000724;2026-10-09 11:30;2026-09-11 03:00:48
124244754;10000724;2026-10-09 09:45;2026-09-11 03:00:48
124244754;10000724;2026-10-09 11:00;2026-09-11 03:00:48
124244754;10000724;2026-10-09 11:15;2026-09-11 03:00:48
124244754;10000724;2026-10-09 10:00;2026-09-11 03:00:48
124244754;10000724;2026-10-07 10:00;2026-09-11 03:00:48
124244754;10000724;2026-09-29 09:45;2026-09-11 03:00:48
124244754;10000724;2026-09-29 09:30;2026-09-11 03:00:48
124244754;10000724;2026-09-29 11:30;2026-09-11 03:00:48
124244754;10000724;2026-09-18 17:00;2026-09-11 03:00:48
124244754;10000724;2026-09-18 17:15;2026-09-11 03:00:48
124244754;10000827;2026-09-11 14:00;2026-09-11 03:00:48
124244754;10000827;2026-09-11 14:15;2026-09-11 03:00:48
124244754;10000827;2026-09-11 14:30;2026-09-11 03:00:48
124244754;10000827;2026-09-11 14:45;2026-09-11 03:00:48
124244754;10000827;2026-09-21 14:00;2026-09-11 03:00:48
124244754;10000827;2026-09-21 14:15;2026-09-11 03:00:48
124244754;10000827;2026-09-21 14:30;2026-09-11 03:00:48
124244754;10000827;2026-09-21 14:45;2026-09-11 03:00:48
124244754;10000827;2026-09-21 15:00;2026-09-11 03:00:48
124244754;10000827;2026-09-21 15:15;2026-09-11 03:00:48
124244754;10000827;2026-09-21 15:30;2026-09-11 03:00:48
124244754;10000827;2026-09-21 15:45;2026-09-11 03:00:48
124244754;10000827;2026-09-21 17:30;2026-09-11 03:00:48
124244754;10000827;2026-09-21 17:45;2026-09-11 03:00:48
124244754;10000827;2026-09-21 18:00;2026-09-11 03:00:48
124244754;10000827;2026-09-21 18:15;2026-09-11 03:00:48
124244754;10000827;2026-09-21 18:45;2026-09-11 03:00:48
124244754;10000827;2026-09-21 19:00;2026-09-11 03:00:48
124244754;10000827;2026-09-22 11:45;2026-09-11 03:00:48
124244754;10000827;2026-09-22 12:00;2026-09-11 03:00:48
124244754;10000827;2026-09-22 12:15;2026-09-11 03:00:48
124244754;10000827;2026-09-22 12:30;2026-09-11 03:00:48
124244754;10000827;2026-09-22 12:45;2026-09-11 03:00:48
124244754;10000827;2026-09-22 13:00;2026-09-11 03:00:48
124244754;10000827;2026-09-22 11:00;2026-09-11 03:00:48
124244754;10000827;2026-09-22 08:45;2026-09-11 03:00:48
124244754;10000827;2026-09-22 09:00;2026-09-11 03:00:48
124244754;10000827;2026-09-22 09:15;2026-09-11 03:00:48
124244754;10000827;2026-09-22 09:30;2026-09-11 03:00:48
124244754;10000827;2026-09-22 09:45;2026-09-11 03:00:48
124244754;10000827;2026-09-22 10:30;2026-09-11 03:00:48
124244754;10000827;2026-09-22 10:45;2026-09-11 03:00:48
124244754;10000827;2026-09-23 14:00;2026-09-11 03:00:48
124244754;10000827;2026-09-23 14:15;2026-09-11 03:00:48
124244754;10000827;2026-09-23 14:30;2026-09-11 03:00:48
124244754;10000827;2026-09-23 14:45;2026-09-11 03:00:48
124244754;10000827;2026-09-23 15:00;2026-09-11 03:00:48
124244754;10000827;2026-09-23 15:15;2026-09-11 03:00:48
124244754;10000827;2026-09-23 15:45;2026-09-11 03:00:48
124244754;10000827;2026-09-23 16:00;2026-09-11 03:00:48
124244754;10000827;2026-09-23 16:15;2026-09-11 03:00:48
124244754;10000827;2026-09-23 17:00;2026-09-11 03:00:48
124244754;10000827;2026-09-23 17:15;2026-09-11 03:00:48
124244754;10000827;2026-09-23 17:45;2026-09-11 03:00:48
124244754;10000827;2026-09-23 18:15;2026-09-11 03:00:48
124244754;10000827;2026-09-23 18:30;2026-09-11 03:00:48
124244754;10000827;2026-09-23 18:45;2026-09-11 03:00:48
124244754;10000827;2026-09-23 19:00;2026-09-11 03:00:48
124244754;10000827;2026-09-23 19:15;2026-09-11 03:00:48
124244754;10000827;2026-09-24 11:15;2026-09-11 03:00:48
124244754;10000827;2026-09-24 11:30;2026-09-11 03:00:48
124244754;10000827;2026-09-24 11:45;2026-09-11 03:00:48
124244754;10000827;2026-09-24 12:00;2026-09-11 03:00:48
124244754;10000827;2026-09-24 12:15;2026-09-11 03:00:48
124244754;10000827;2026-09-24 12:30;2026-09-11 03:00:48
124244754;10000827;2026-09-24 12:45;2026-09-11 03:00:48
124244754;10000827;2026-09-24 13:00;2026-09-11 03:00:48
124244754;10000827;2026-09-24 11:00;2026-09-11 03:00:48
124244754;10000827;2026-09-24 09:15;2026-09-11 03:00:48
124244754;10000827;2026-09-24 09:30;2026-09-11 03:00:48
124244754;10000827;2026-09-24 09:45;2026-09-11 03:00:48
124244754;10000827;2026-09-24 10:30;2026-09-11 03:00:48
124244754;10000827;2026-09-24 10:45;2026-09-11 03:00:48
124244754;10000827;2026-09-25 14:00;2026-09-11 03:00:48
124244754;10000827;2026-09-25 14:15;2026-09-11 03:00:48
124244754;10000827;2026-09-25 14:30;2026-09-11 03:00:48
124244754;10000827;2026-09-25 14:45;2026-09-11 03:00:48
124244754;10000827;2026-09-25 15:00;2026-09-11 03:00:48
124244754;10000827;2026-09-25 15:15;2026-09-11 03:00:48
124244754;10000827;2026-09-25 15:30;2026-09-11 03:00:48
124244754;10000827;2026-09-25 15:45;2026-09-11 03:00:48
124244754;10000827;2026-09-25 16:00;2026-09-11 03:00:48
124244754;10000827;2026-09-25 16:15;2026-09-11 03:00:48
124244754;10000827;2026-09-25 17:15;2026-09-11 03:00:48
124244754;10000827;2026-09-25 17:30;2026-09-11 03:00:48
124244754;10000827;2026-09-25 17:45;2026-09-11 03:00:48
124244754;10000827;2026-09-25 18:00;2026-09-11 03:00:48
124244754;10000827;2026-09-25 18:15;2026-09-11 03:00:48
124244754;10000827;2026-09-25 18:30;2026-09-11 03:00:48
124244754;10000827;2026-09-25 18:45;2026-09-11 03:00:48
124244754;10000827;2026-09-25 19:00;2026-09-11 03:00:48
124244754;10000827;2026-09-25 19:15;2026-09-11 03:00:48
124244754;10000827;2026-09-28 11:15;2026-09-11 03:00:48
124244754;10000827;2026-09-28 11:30;2026-09-11 03:00:48
124244754;10000827;2026-09-28 11:45;2026-09-11 03:00:48
124244754;10000827;2026-09-28 12:00;2026-09-11 03:00:48
124244754;10000827;2026-09-28 12:15;2026-09-11 03:00:48
124244754;10000827;2026-09-28 12:30;2026-09-11 03:00:48
124244754;10000827;2026-09-28 12:45;2026-09-11 03:00:48
124244754;10000827;2026-09-28 13:00;2026-09-11 03:00:48
124244754;10000827;2026-09-28 08:00;2026-09-11 03:00:48
124244754;10000827;2026-09-28 08:15;2026-09-11 03:00:48
124244754;10000827;2026-09-28 08:30;2026-09-11 03:00:48
124244754;10000827;2026-09-28 08:45;2026-09-11 03:00:48
124244754;10000827;2026-09-28 09:00;2026-09-11 03:00:48
124244754;10000827;2026-09-28 09:15;2026-09-11 03:00:48
124244754;10000827;2026-09-28 09:30;2026-09-11 03:00:48
124244754;10000827;2026-09-28 09:45;2026-09-11 03:00:48
124244754;10000827;2026-09-28 10:30;2026-09-11 03:00:48
124244754;10000827;2026-09-28 10:45;2026-09-11 03:00:48
124244754;10000827;2026-09-29 14:00;2026-09-11 03:00:48
124244754;10000827;2026-09-29 14:15;2026-09-11 03:00:48
124244754;10000827;2026-09-29 14:30;2026-09-11 03:00:48
124244754;10000827;2026-09-29 14:45;2026-09-11 03:00:48
124244754;10000827;2026-09-29 15:00;2026-09-11 03:00:48
124244754;10000827;2026-09-29 15:15;2026-09-11 03:00:48
124244754;10000827;2026-09-29 15:45;2026-09-11 03:00:48
124244754;10000827;2026-09-29 16:00;2026-09-11 03:00:48
124244754;10000827;2026-09-29 16:15;2026-09-11 03:00:48
124244754;10000827;2026-09-29 17:30;2026-09-11 03:00:48
124244754;10000827;2026-09-29 17:45;2026-09-11 03:00:48
124244754;10000827;2026-09-29 18:00;2026-09-11 03:00:48
124244754;10000827;2026-09-29 18:15;2026-09-11 03:00:48
124244754;10000827;2026-09-29 18:30;2026-09-11 03:00:48
124244754;10000827;2026-09-29 18:45;2026-09-11 03:00:48
124244754;10000827;2026-09-29 19:00;2026-09-11 03:00:48
124244754;10000827;2026-09-29 19:15;2026-09-11 03:00:48
124244754;10000827;2026-09-30 11:15;2026-09-11 03:00:48
124244754;10000827;2026-09-30 11:30;2026-09-11 03:00:48
124244754;10000827;2026-09-30 11:45;2026-09-11 03:00:48
124244754;10000827;2026-09-30 12:00;2026-09-11 03:00:48
124244754;10000827;2026-09-30 12:15;2026-09-11 03:00:48
124244754;10000827;2026-09-30 12:30;2026-09-11 03:00:48
124244754;10000827;2026-09-30 12:45;2026-09-11 03:00:48
124244754;10000827;2026-09-30 13:00;2026-09-11 03:00:48
124244754;10000827;2026-09-30 11:00;2026-09-11 03:00:48
124244754;10000827;2026-09-30 08:30;2026-09-11 03:00:48
124244754;10000827;2026-09-30 08:45;2026-09-11 03:00:48
124244754;10000827;2026-09-30 09:00;2026-09-11 03:00:48
124244754;10000827;2026-09-30 09:15;2026-09-11 03:00:48
124244754;10000827;2026-09-30 09:30;2026-09-11 03:00:48
124244754;10000827;2026-09-30 09:45;2026-09-11 03:00:48
124244754;10000827;2026-09-30 10:30;2026-09-11 03:00:48
124244754;10000827;2026-09-30 10:45;2026-09-11 03:00:48
124244754;10000827;2026-10-01 14:00;2026-09-11 03:00:48
124244754;10000827;2026-10-01 14:15;2026-09-11 03:00:48
124244754;10000827;2026-10-01 14:30;2026-09-11 03:00:48
124244754;10000827;2026-10-01 14:45;2026-09-11 03:00:48
124244754;10000827;2026-10-01 15:00;2026-09-11 03:00:48
124244754;10000827;2026-10-01 15:15;2026-09-11 03:00:48
124244754;10000827;2026-10-01 15:30;2026-09-11 03:00:48
124244754;10000827;2026-10-01 15:45;2026-09-11 03:00:48
124244754;10000827;2026-10-01 16:00;2026-09-11 03:00:48
124244754;10000827;2026-10-01 16:15;2026-09-11 03:00:48
124244754;10000827;2026-10-01 17:00;2026-09-11 03:00:48
124244754;10000827;2026-10-01 17:15;2026-09-11 03:00:48
124244754;10000827;2026-10-01 17:45;2026-09-11 03:00:48
124244754;10000827;2026-10-01 18:00;2026-09-11 03:00:48
124244754;10000827;2026-10-01 18:15;2026-09-11 03:00:48
124244754;10000827;2026-10-01 18:30;2026-09-11 03:00:48
124244754;10000827;2026-10-01 18:45;2026-09-11 03:00:48
124244754;10000827;2026-10-01 19:00;2026-09-11 03:00:48
124244754;10000827;2026-10-01 19:15;2026-09-11 03:00:48
124244754;10000827;2026-10-02 11:15;2026-09-11 03:00:48
124244754;10000827;2026-10-02 11:45;2026-09-11 03:00:48
124244754;10000827;2026-10-02 12:00;2026-09-11 03:00:48
124244754;10000827;2026-10-02 12:15;2026-09-11 03:00:48
124244754;10000827;2026-10-02 12:30;2026-09-11 03:00:48
124244754;10000827;2026-10-02 12:45;2026-09-11 03:00:48
124244754;10000827;2026-10-02 13:00;2026-09-11 03:00:48
124244754;10000827;2026-10-02 11:00;2026-09-11 03:00:48
124244754;10000827;2026-10-02 08:00;2026-09-11 03:00:48
124244754;10000827;2026-10-02 08:15;2026-09-11 03:00:48
124244754;10000827;2026-10-02 08:45;2026-09-11 03:00:48
124244754;10000827;2026-10-02 09:00;2026-09-11 03:00:48
124244754;10000827;2026-10-02 09:15;2026-09-11 03:00:48
124244754;10000827;2026-10-02 09:30;2026-09-11 03:00:48
124244754;10000827;2026-10-02 10:30;2026-09-11 03:00:48
124244754;10000827;2026-10-02 10:45;2026-09-11 03:00:48
124244754;10000827;2026-10-05 14:00;2026-09-11 03:00:48
124244754;10000827;2026-10-05 14:15;2026-09-11 03:00:48
124244754;10000827;2026-10-05 14:30;2026-09-11 03:00:48
124244754;10000827;2026-10-05 14:45;2026-09-11 03:00:48
124244754;10000827;2026-10-05 15:00;2026-09-11 03:00:48
124244754;10000827;2026-10-05 15:15;2026-09-11 03:00:48
124244754;10000827;2026-10-05 15:30;2026-09-11 03:00:48
124244754;10000827;2026-10-05 15:45;2026-09-11 03:00:48
124244754;10000827;2026-10-05 16:15;2026-09-11 03:00:48
124244754;10000827;2026-10-05 17:00;2026-09-11 03:00:48
124244754;10000827;2026-10-05 17:15;2026-09-11 03:00:48
124244754;10000827;2026-10-05 17:30;2026-09-11 03:00:48
124244754;10000827;2026-10-05 17:45;2026-09-11 03:00:48
124244754;10000827;2026-10-05 18:00;2026-09-11 03:00:48
124244754;10000827;2026-10-05 18:30;2026-09-11 03:00:48
124244754;10000827;2026-10-05 18:45;2026-09-11 03:00:48
124244754;10000827;2026-10-05 19:00;2026-09-11 03:00:48
124244754;10000827;2026-10-05 19:15;2026-09-11 03:00:48
124244754;10000827;2026-10-06 11:15;2026-09-11 03:00:48
124244754;10000827;2026-10-06 11:30;2026-09-11 03:00:48
124244754;10000827;2026-10-06 11:45;2026-09-11 03:00:48
124244754;10000827;2026-10-06 12:00;2026-09-11 03:00:48
124244754;10000827;2026-10-06 12:15;2026-09-11 03:00:48
124244754;10000827;2026-10-06 12:30;2026-09-11 03:00:48
124244754;10000827;2026-10-06 12:45;2026-09-11 03:00:48
124244754;10000827;2026-10-06 13:00;2026-09-11 03:00:48
124244754;10000827;2026-10-06 11:00;2026-09-11 03:00:48
124244754;10000827;2026-10-06 07:45;2026-09-11 03:00:48
124244754;10000827;2026-10-06 08:00;2026-09-11 03:00:48
124244754;10000827;2026-10-06 08:15;2026-09-11 03:00:48
124244754;10000827;2026-10-06 08:30;2026-09-11 03:00:48
124244754;10000827;2026-10-06 08:45;2026-09-11 03:00:48
124244754;10000827;2026-10-06 09:00;2026-09-11 03:00:48
124244754;10000827;2026-10-06 09:15;2026-09-11 03:00:48
124244754;10000827;2026-10-06 09:30;2026-09-11 03:00:48
124244754;10000827;2026-10-06 09:45;2026-09-11 03:00:48
124244754;10000827;2026-10-06 10:30;2026-09-11 03:00:48
124244754;10000827;2026-10-06 10:45;2026-09-11 03:00:48
124244754;10000827;2026-10-07 14:00;2026-09-11 03:00:48
124244754;10000827;2026-10-07 14:15;2026-09-11 03:00:48
124244754;10000827;2026-10-07 14:30;2026-09-11 03:00:48
124244754;10000827;2026-10-07 14:45;2026-09-11 03:00:48
124244754;10000827;2026-10-07 15:00;2026-09-11 03:00:48
124244754;10000827;2026-10-07 15:15;2026-09-11 03:00:48
124244754;10000827;2026-10-07 15:30;2026-09-11 03:00:48
124244754;10000827;2026-10-07 15:45;2026-09-11 03:00:48
124244754;10000827;2026-10-07 16:00;2026-09-11 03:00:48
124244754;10000827;2026-10-07 16:15;2026-09-11 03:00:48
124244754;10000827;2026-10-07 17:00;2026-09-11 03:00:48
124244754;10000827;2026-10-07 17:15;2026-09-11 03:00:48
124244754;10000827;2026-10-07 17:30;2026-09-11 03:00:48
124244754;10000827;2026-10-07 17:45;2026-09-11 03:00:48
124244754;10000827;2026-10-07 18:00;2026-09-11 03:00:48
124244754;10000827;2026-10-07 18:15;2026-09-11 03:00:48
124244754;10000827;2026-10-07 18:30;2026-09-11 03:00:48
124244754;10000827;2026-10-07 18:45;2026-09-11 03:00:48
124244754;10000827;2026-10-07 19:00;2026-09-11 03:00:48
124244754;10000827;2026-10-07 19:15;2026-09-11 03:00:48
124244754;10000827;2026-10-08 11:15;2026-09-11 03:00:48
124244754;10000827;2026-10-08 11:30;2026-09-11 03:00:48
124244754;10000827;2026-10-08 11:45;2026-09-11 03:00:48
124244754;10000827;2026-10-08 12:00;2026-09-11 03:00:48
124244754;10000827;2026-10-08 12:15;2026-09-11 03:00:48
124244754;10000827;2026-10-08 12:30;2026-09-11 03:00:48
124244754;10000827;2026-10-08 12:45;2026-09-11 03:00:48
124244754;10000827;2026-10-08 13:00;2026-09-11 03:00:48
124244754;10000827;2026-10-08 11:00;2026-09-11 03:00:48
124244754;10000827;2026-10-08 07:45;2026-09-11 03:00:48
124244754;10000827;2026-10-08 08:00;2026-09-11 03:00:48
124244754;10000827;2026-10-08 08:15;2026-09-11 03:00:48
124244754;10000827;2026-10-08 08:30;2026-09-11 03:00:48
124244754;10000827;2026-10-08 08:45;2026-09-11 03:00:48
124244754;10000827;2026-10-08 09:00;2026-09-11 03:00:48
124244754;10000827;2026-10-08 09:15;2026-09-11 03:00:48
124244754;10000827;2026-10-08 09:30;2026-09-11 03:00:48
124244754;10000827;2026-10-08 09:45;2026-09-11 03:00:48
124244754;10000827;2026-10-08 10:30;2026-09-11 03:00:48
124244754;10000827;2026-10-08 10:45;2026-09-11 03:00:48
124244754;10000827;2026-10-09 14:00;2026-09-11 03:00:48
124244754;10000827;2026-10-09 14:15;2026-09-11 03:00:48
124244754;10000827;2026-10-09 14:30;2026-09-11 03:00:48
124244754;10000827;2026-10-09 14:45;2026-09-11 03:00:48
124244754;10000827;2026-10-09 15:00;2026-09-11 03:00:48
124244754;10000827;2026-10-09 15:15;2026-09-11 03:00:48
124244754;10000827;2026-10-09 15:30;2026-09-11 03:00:48
124244754;10000827;2026-10-09 15:45;2026-09-11 03:00:48
124244754;10000827;2026-10-09 16:00;2026-09-11 03:00:48
124244754;10000827;2026-10-09 16:15;2026-09-11 03:00:48
124244754;10000827;2026-10-09 17:00;2026-09-11 03:00:48
124244754;10000827;2026-10-09 17:15;2026-09-11 03:00:48
124244754;10000827;2026-10-09 17:30;2026-09-11 03:00:48
124244754;10000827;2026-10-09 17:45;2026-09-11 03:00:48
124244754;10000827;2026-10-09 18:00;2026-09-11 03:00:48
124244754;10000827;2026-10-09 18:15;2026-09-11 03:00:48
124244754;10000827;2026-10-09 18:30;2026-09-11 03:00:48
124244754;10000827;2026-10-09 18:45;2026-09-11 03:00:48
124244754;10000827;2026-10-09 19:00;2026-09-11 03:00:48
124244754;10000827;2026-10-09 19:15;2026-09-11 03:00:48
124244754;10000827;2026-09-21 18:30;2026-09-11 03:00:48
124244754;10000827;2026-09-14 14:00;2026-09-11 03:00:48
124244754;10000827;2026-09-14 14:15;2026-09-11 03:00:48
124244754;10000827;2026-09-14 14:30;2026-09-11 03:00:48
124244754;10000827;2026-09-14 14:45;2026-09-11 03:00:48
124244754;10000827;2026-09-14 15:00;2026-09-11 03:00:48
124244754;10000827;2026-09-14 15:15;2026-09-11 03:00:48
124244754;10000827;2026-09-15 11:45;2026-09-11 03:00:48
124244754;10000827;2026-09-15 12:00;2026-09-11 03:00:48
124244754;10000827;2026-09-15 12:15;2026-09-11 03:00:48
124244754;10000827;2026-09-15 12:30;2026-09-11 03:00:48
124244754;10000827;2026-09-15 12:45;2026-09-11 03:00:48
124244754;10000827;2026-09-15 13:00;2026-09-11 03:00:48
124244754;10000827;2026-09-16 14:00;2026-09-11 03:00:48
124244754;10000827;2026-09-16 14:15;2026-09-11 03:00:48
124244754;10000827;2026-09-16 14:45;2026-09-11 03:00:48
124244754;10000827;2026-09-17 11:45;2026-09-11 03:00:48
124244754;10000827;2026-09-17 12:00;2026-09-11 03:00:48
124244754;10000827;2026-09-17 12:15;2026-09-11 03:00:48
124244754;10000827;2026-09-17 12:30;2026-09-11 03:00:48
124244754;10000827;2026-09-17 12:45;2026-09-11 03:00:48
124244754;10000827;2026-09-17 13:00;2026-09-11 03:00:48
124244754;10000827;2026-09-18 14:00;2026-09-11 03:00:48
124244754;10000827;2026-09-18 14:15;2026-09-11 03:00:48
124244754;10000827;2026-09-18 14:30;2026-09-11 03:00:48
124244754;10000827;2026-09-18 14:45;2026-09-11 03:00:48
124244754;10000827;2026-09-18 15:00;2026-09-11 03:00:48
124244754;10000827;2026-09-18 15:15;2026-09-11 03:00:48
124244754;10000827;2026-09-18 18:15;2026-09-11 03:00:48
124244754;10000827;2026-09-18 18:30;2026-09-11 03:00:48
124244754;10000827;2026-09-18 18:45;2026-09-11 03:00:48
124244754;10000827;2026-09-23 15:30;2026-09-11 03:00:48
124244754;10000560;2026-09-21 14:00;2026-09-11 03:00:48
124244754;10000560;2026-09-21 14:15;2026-09-11 03:00:48
124244754;10000560;2026-09-21 14:30;2026-09-11 03:00:48
124244754;10000560;2026-09-21 14:45;2026-09-11 03:00:48
124244754;10000560;2026-09-21 15:00;2026-09-11 03:00:48
124244754;10000560;2026-09-21 15:15;2026-09-11 03:00:48
124244754;10000560;2026-09-21 15:30;2026-09-11 03:00:48
124244754;10000560;2026-09-21 16:15;2026-09-11 03:00:48
124244754;10000560;2026-09-22 11:45;2026-09-11 03:00:48
124244754;10000560;2026-09-22 12:00;2026-09-11 03:00:48
124244754;10000560;2026-09-22 12:15;2026-09-11 03:00:48
124244754;10000560;2026-09-22 12:30;2026-09-11 03:00:48
124244754;10000560;2026-09-22 12:45;2026-09-11 03:00:48
124244754;10000560;2026-09-22 11:00;2026-09-11 03:00:48
124244754;10000560;2026-09-23 14:00;2026-09-11 03:00:48
124244754;10000560;2026-09-23 14:15;2026-09-11 03:00:48
124244754;10000560;2026-09-23 14:30;2026-09-11 03:00:48
124244754;10000560;2026-09-23 14:45;2026-09-11 03:00:48
124244754;10000560;2026-09-23 15:00;2026-09-11 03:00:48
124244754;10000560;2026-09-23 15:15;2026-09-11 03:00:48
124244754;10000560;2026-09-24 11:45;2026-09-11 03:00:48
124244754;10000560;2026-09-24 12:00;2026-09-11 03:00:48
124244754;10000560;2026-09-24 12:15;2026-09-11 03:00:48
124244754;10000560;2026-09-24 12:30;2026-09-11 03:00:48
124244754;10000560;2026-09-24 12:45;2026-09-11 03:00:48
124244754;10000560;2026-09-24 11:00;2026-09-11 03:00:48
124244754;10000560;2026-09-25 14:00;2026-09-11 03:00:48
124244754;10000560;2026-09-25 14:15;2026-09-11 03:00:48
124244754;10000560;2026-09-25 14:30;2026-09-11 03:00:48
124244754;10000560;2026-09-25 14:45;2026-09-11 03:00:48
124244754;10000560;2026-09-25 15:00;2026-09-11 03:00:48
124244754;10000560;2026-09-25 15:15;2026-09-11 03:00:48
124244754;10000560;2026-09-25 15:30;2026-09-11 03:00:48
124244754;10000560;2026-09-25 16:15;2026-09-11 03:00:48
124244754;10000560;2026-09-28 14:00;2026-09-11 03:00:48
124244754;10000560;2026-09-28 14:15;2026-09-11 03:00:48
124244754;10000560;2026-09-28 14:30;2026-09-11 03:00:48
124244754;10000560;2026-09-28 14:45;2026-09-11 03:00:48
124244754;10000560;2026-09-28 15:00;2026-09-11 03:00:48
124244754;10000560;2026-09-28 15:15;2026-09-11 03:00:48
124244754;10000560;2026-09-28 15:30;2026-09-11 03:00:48
124244754;10000560;2026-09-28 16:15;2026-09-11 03:00:48
124244754;10000560;2026-09-29 11:45;2026-09-11 03:00:48
124244754;10000560;2026-09-29 12:00;2026-09-11 03:00:48
124244754;10000560;2026-09-29 12:15;2026-09-11 03:00:48
124244754;10000560;2026-09-29 12:30;2026-09-11 03:00:48
124244754;10000560;2026-09-29 12:45;2026-09-11 03:00:48
124244754;10000560;2026-09-29 11:00;2026-09-11 03:00:48
124244754;10000560;2026-09-30 14:00;2026-09-11 03:00:48
124244754;10000560;2026-09-30 14:15;2026-09-11 03:00:48
124244754;10000560;2026-09-30 14:30;2026-09-11 03:00:48
124244754;10000560;2026-09-30 14:45;2026-09-11 03:00:48
124244754;10000560;2026-09-30 15:00;2026-09-11 03:00:48
124244754;10000560;2026-09-30 15:15;2026-09-11 03:00:48
124244754;10000560;2026-10-01 08:45;2026-09-11 03:00:48
124244754;10000560;2026-10-01 09:15;2026-09-11 03:00:48
124244754;10000560;2026-10-01 09:00;2026-09-11 03:00:48
124244754;10000560;2026-10-01 09:30;2026-09-11 03:00:48
124244754;10000560;2026-10-01 09:45;2026-09-11 03:00:48
124244754;10000560;2026-10-01 10:15;2026-09-11 03:00:48
124244754;10000560;2026-10-01 11:45;2026-09-11 03:00:48
124244754;10000560;2026-10-01 12:00;2026-09-11 03:00:48
124244754;10000560;2026-10-01 12:15;2026-09-11 03:00:48
124244754;10000560;2026-10-01 12:30;2026-09-11 03:00:48
124244754;10000560;2026-10-01 12:45;2026-09-11 03:00:48
124244754;10000560;2026-10-01 11:00;2026-09-11 03:00:48
124244754;10000560;2026-10-02 08:15;2026-09-11 03:00:48
124244754;10000560;2026-10-02 08:45;2026-09-11 03:00:48
124244754;10000560;2026-10-02 07:30;2026-09-11 03:00:48
124244754;10000560;2026-10-02 07:45;2026-09-11 03:00:48
124244754;10000560;2026-10-02 08:00;2026-09-11 03:00:48
124244754;10000560;2026-10-02 08:30;2026-09-11 03:00:48
124244754;10000560;2026-10-02 09:30;2026-09-11 03:00:48
124244754;10000560;2026-10-02 09:45;2026-09-11 03:00:48
124244754;10000560;2026-10-02 10:00;2026-09-11 03:00:48
124244754;10000560;2026-10-02 10:15;2026-09-11 03:00:48
124244754;10000560;2026-10-02 11:45;2026-09-11 03:00:48
124244754;10000560;2026-10-02 12:00;2026-09-11 03:00:48
124244754;10000560;2026-10-02 12:15;2026-09-11 03:00:48
124244754;10000560;2026-10-02 12:30;2026-09-11 03:00:48
124244754;10000560;2026-10-02 12:45;2026-09-11 03:00:48
124244754;10000560;2026-10-02 11:00;2026-09-11 03:00:48
124244754;10000560;2026-10-02 10:30;2026-09-11 03:00:48
124244754;10000560;2026-10-06 08:15;2026-09-11 03:00:48
124244754;10000560;2026-10-06 08:45;2026-09-11 03:00:48
124244754;10000560;2026-10-06 09:15;2026-09-11 03:00:48
124244754;10000560;2026-10-06 07:30;2026-09-11 03:00:48
124244754;10000560;2026-10-06 07:45;2026-09-11 03:00:48
124244754;10000560;2026-10-06 08:00;2026-09-11 03:00:48
124244754;10000560;2026-10-06 08:30;2026-09-11 03:00:48
124244754;10000560;2026-10-06 09:00;2026-09-11 03:00:48
124244754;10000560;2026-10-06 09:30;2026-09-11 03:00:48
124244754;10000560;2026-10-06 09:45;2026-09-11 03:00:48
124244754;10000560;2026-10-06 10:00;2026-09-11 03:00:48
124244754;10000560;2026-10-06 10:15;2026-09-11 03:00:48
124244754;10000560;2026-10-06 11:45;2026-09-11 03:00:48
124244754;10000560;2026-10-06 12:00;2026-09-11 03:00:48
124244754;10000560;2026-10-06 12:15;2026-09-11 03:00:48
124244754;10000560;2026-10-06 12:30;2026-09-11 03:00:48
124244754;10000560;2026-10-06 12:45;2026-09-11 03:00:48
124244754;10000560;2026-10-06 11:00;2026-09-11 03:00:48
124244754;10000560;2026-10-06 10:30;2026-09-11 03:00:48
124244754;10000560;2026-10-06 10:45;2026-09-11 03:00:48
124244754;10000560;2026-10-07 14:00;2026-09-11 03:00:48
124244754;10000560;2026-10-07 14:15;2026-09-11 03:00:48
124244754;10000560;2026-10-07 14:30;2026-09-11 03:00:48
124244754;10000560;2026-10-07 14:45;2026-09-11 03:00:48
124244754;10000560;2026-10-07 15:00;2026-09-11 03:00:48
124244754;10000560;2026-10-07 15:15;2026-09-11 03:00:48
124244754;10000560;2026-10-07 15:30;2026-09-11 03:00:48
124244754;10000560;2026-10-07 16:15;2026-09-11 03:00:48
124244754;10000560;2026-10-07 17:15;2026-09-11 03:00:48
124244754;10000560;2026-10-07 17:45;2026-09-11 03:00:48
124244754;10000560;2026-10-07 16:45;2026-09-11 03:00:48
124244754;10000560;2026-10-07 17:00;2026-09-11 03:00:48
124244754;10000560;2026-10-07 17:30;2026-09-11 03:00:48
124244754;10000560;2026-10-07 18:00;2026-09-11 03:00:48
124244754;10000560;2026-10-07 18:15;2026-09-11 03:00:48
124244754;10000560;2026-10-07 18:30;2026-09-11 03:00:48
124244754;10000560;2026-10-07 18:45;2026-09-11 03:00:48
124244754;10000560;2026-10-07 19:00;2026-09-11 03:00:48
124244754;10000560;2026-10-07 19:15;2026-09-11 03:00:48
124244754;10000560;2026-10-07 16:30;2026-09-11 03:00:48
124244754;10000560;2026-10-05 14:00;2026-09-11 03:00:48
124244754;10000560;2026-10-05 14:15;2026-09-11 03:00:48
124244754;10000560;2026-10-05 14:30;2026-09-11 03:00:48
124244754;10000560;2026-10-05 14:45;2026-09-11 03:00:48
124244754;10000560;2026-10-05 15:00;2026-09-11 03:00:48
124244754;10000560;2026-10-05 15:15;2026-09-11 03:00:48
124244754;10000560;2026-10-05 15:30;2026-09-11 03:00:48
124244754;10000560;2026-10-05 16:15;2026-09-11 03:00:48
124244754;10000560;2026-10-05 17:15;2026-09-11 03:00:48
124244754;10000560;2026-10-05 17:45;2026-09-11 03:00:48
124244754;10000560;2026-10-05 16:45;2026-09-11 03:00:48
124244754;10000560;2026-10-05 17:00;2026-09-11 03:00:48
124244754;10000560;2026-10-05 17:30;2026-09-11 03:00:48
124244754;10000560;2026-10-05 18:30;2026-09-11 03:00:48
124244754;10000560;2026-10-05 18:45;2026-09-11 03:00:48
124244754;10000560;2026-10-05 19:00;2026-09-11 03:00:48
124244754;10000560;2026-10-05 19:15;2026-09-11 03:00:48
124244754;10000560;2026-10-08 08:15;2026-09-11 03:00:48
124244754;10000560;2026-10-08 08:45;2026-09-11 03:00:48
124244754;10000560;2026-10-08 09:15;2026-09-11 03:00:48
124244754;10000560;2026-10-08 07:30;2026-09-11 03:00:48
124244754;10000560;2026-10-08 07:45;2026-09-11 03:00:48
124244754;10000560;2026-10-08 08:00;2026-09-11 03:00:48
124244754;10000560;2026-10-08 08:30;2026-09-11 03:00:48
124244754;10000560;2026-10-08 09:00;2026-09-11 03:00:48
124244754;10000560;2026-10-08 09:30;2026-09-11 03:00:48
124244754;10000560;2026-10-08 09:45;2026-09-11 03:00:48
124244754;10000560;2026-10-08 10:00;2026-09-11 03:00:48
124244754;10000560;2026-10-08 11:45;2026-09-11 03:00:48
124244754;10000560;2026-10-08 12:00;2026-09-11 03:00:48
124244754;10000560;2026-10-08 12:15;2026-09-11 03:00:48
124244754;10000560;2026-10-08 12:30;2026-09-11 03:00:48
124244754;10000560;2026-10-08 12:45;2026-09-11 03:00:48
124244754;10000560;2026-10-08 11:00;2026-09-11 03:00:48
124244754;10000560;2026-10-08 10:30;2026-09-11 03:00:48
124244754;10000560;2026-10-08 10:45;2026-09-11 03:00:48
124244754;10000560;2026-10-09 14:00;2026-09-11 03:00:48
124244754;10000560;2026-10-09 14:15;2026-09-11 03:00:48
124244754;10000560;2026-10-09 14:30;2026-09-11 03:00:48
124244754;10000560;2026-10-09 14:45;2026-09-11 03:00:48
124244754;10000560;2026-10-09 15:00;2026-09-11 03:00:48
124244754;10000560;2026-10-09 15:15;2026-09-11 03:00:48
124244754;10000560;2026-10-09 15:30;2026-09-11 03:00:48
124244754;10000560;2026-10-09 16:15;2026-09-11 03:00:48
124244754;10000560;2026-10-09 17:15;2026-09-11 03:00:48
124244754;10000560;2026-10-09 17:45;2026-09-11 03:00:48
124244754;10000560;2026-10-09 16:45;2026-09-11 03:00:48
124244754;10000560;2026-10-09 17:00;2026-09-11 03:00:48
124244754;10000560;2026-10-09 17:30;2026-09-11 03:00:48
124244754;10000560;2026-10-09 18:00;2026-09-11 03:00:48
124244754;10000560;2026-10-09 18:15;2026-09-11 03:00:48
124244754;10000560;2026-10-09 18:30;2026-09-11 03:00:48
124244754;10000560;2026-10-09 18:45;2026-09-11 03:00:48
124244754;10000560;2026-10-09 19:00;2026-09-11 03:00:48
124244754;10000560;2026-10-09 19:15;2026-09-11 03:00:48
124244754;10000560;2026-10-09 16:30;2026-09-11 03:00:48
124244754;10000157;2026-09-11 10:30;2026-09-11 03:00:48
124244754;10000157;2026-09-14 09:00;2026-09-11 03:00:48
124244754;10000157;2026-09-14 09:15;2026-09-11 03:00:48
124244754;10000157;2026-09-14 09:30;2026-09-11 03:00:48
124244754;10000157;2026-09-15 16:00;2026-09-11 03:00:48
124244754;10000157;2026-09-16 10:15;2026-09-11 03:00:48
124244754;10000157;2026-09-16 10:30;2026-09-11 03:00:48
124244754;10000157;2026-09-17 16:00;2026-09-11 03:00:48
124244754;10000157;2026-09-21 09:00;2026-09-11 03:00:48
124244754;10000157;2026-09-21 09:15;2026-09-11 03:00:48
124244754;10000157;2026-09-21 09:30;2026-09-11 03:00:48
124244754;10000157;2026-09-22 16:00;2026-09-11 03:00:48
124244754;10000157;2026-09-22 16:15;2026-09-11 03:00:48
124244754;10000157;2026-09-22 16:30;2026-09-11 03:00:48
124244754;10000157;2026-09-23 10:00;2026-09-11 03:00:48
124244754;10000157;2026-09-23 10:15;2026-09-11 03:00:48
124244754;10000157;2026-09-23 10:30;2026-09-11 03:00:48
124244754;10000157;2026-09-24 16:00;2026-09-11 03:00:48
124244754;10000157;2026-09-24 16:15;2026-09-11 03:00:48
124244754;10000157;2026-09-24 16:30;2026-09-11 03:00:48
124244754;10000157;2026-09-25 10:00;2026-09-11 03:00:48
124244754;10000157;2026-09-25 10:15;2026-09-11 03:00:48
124244754;10000157;2026-09-25 10:30;2026-09-11 03:00:48
124244754;10000157;2026-09-28 08:15;2026-09-11 03:00:48
124244754;10000157;2026-09-28 09:00;2026-09-11 03:00:48
124244754;10000157;2026-09-28 09:15;2026-09-11 03:00:48
124244754;10000157;2026-09-28 09:30;2026-09-11 03:00:48
124244754;10000157;2026-09-28 08:00;2026-09-11 03:00:48
124244754;10000157;2026-09-29 16:00;2026-09-11 03:00:48
124244754;10000157;2026-09-29 16:15;2026-09-11 03:00:48
124244754;10000157;2026-09-29 16:30;2026-09-11 03:00:48
124244754;10000157;2026-09-29 16:45;2026-09-11 03:00:48
124244754;10000157;2026-09-29 17:00;2026-09-11 03:00:48
124244754;10000157;2026-09-29 17:15;2026-09-11 03:00:48
124244754;10000157;2026-09-29 17:30;2026-09-11 03:00:48
124244754;10000157;2026-09-29 17:45;2026-09-11 03:00:48
124244754;10000157;2026-09-29 18:00;2026-09-11 03:00:48
124244754;10000157;2026-09-30 09:15;2026-09-11 03:00:48
124244754;10000157;2026-09-30 08:15;2026-09-11 03:00:48
124244754;10000157;2026-09-30 08:30;2026-09-11 03:00:48
124244754;10000157;2026-09-30 08:45;2026-09-11 03:00:48
124244754;10000157;2026-09-30 09:00;2026-09-11 03:00:48
124244754;10000157;2026-09-30 09:30;2026-09-11 03:00:48
124244754;10000157;2026-09-30 10:00;2026-09-11 03:00:48
124244754;10000157;2026-09-30 10:15;2026-09-11 03:00:48
124244754;10000157;2026-09-30 10:30;2026-09-11 03:00:48
124244754;10000157;2026-10-01 16:00;2026-09-11 03:00:48
124244754;10000157;2026-10-01 16:15;2026-09-11 03:00:48
124244754;10000157;2026-10-01 16:30;2026-09-11 03:00:48
124244754;10000157;2026-10-01 16:45;2026-09-11 03:00:48
124244754;10000157;2026-10-01 17:00;2026-09-11 03:00:48
124244754;10000157;2026-10-01 17:15;2026-09-11 03:00:48
124244754;10000157;2026-10-01 17:30;2026-09-11 03:00:48
124244754;10000157;2026-10-01 17:45;2026-09-11 03:00:48
124244754;10000157;2026-10-01 18:00;2026-09-11 03:00:48
124244754;10000157;2026-10-01 18:15;2026-09-11 03:00:48
124244754;10000157;2026-10-02 09:15;2026-09-11 03:00:48
124244754;10000157;2026-10-02 08:15;2026-09-11 03:00:48
124244754;10000157;2026-10-02 08:30;2026-09-11 03:00:48
124244754;10000157;2026-10-02 08:45;2026-09-11 03:00:48
124244754;10000157;2026-10-02 09:30;2026-09-11 03:00:48
124244754;10000157;2026-10-02 10:00;2026-09-11 03:00:48
124244754;10000157;2026-10-02 10:15;2026-09-11 03:00:48
124244754;10000157;2026-10-02 10:30;2026-09-11 03:00:48
124244754;10000157;2026-10-05 08:15;2026-09-11 03:00:48
124244754;10000157;2026-10-05 08:30;2026-09-11 03:00:48
124244754;10000157;2026-10-05 09:00;2026-09-11 03:00:48
124244754;10000157;2026-10-05 09:15;2026-09-11 03:00:48
124244754;10000157;2026-10-05 09:30;2026-09-11 03:00:48
124244754;10000157;2026-10-05 08:00;2026-09-11 03:00:48
124244754;10000157;2026-10-05 08:45;2026-09-11 03:00:48
124244754;10000157;2026-10-05 07:15;2026-09-11 03:00:48
124244754;10000157;2026-10-05 07:30;2026-09-11 03:00:48
124244754;10000157;2026-10-05 07:45;2026-09-11 03:00:48
124244754;10000157;2026-10-06 16:00;2026-09-11 03:00:48
124244754;10000157;2026-10-06 16:15;2026-09-11 03:00:48
124244754;10000157;2026-10-06 16:30;2026-09-11 03:00:48
124244754;10000157;2026-10-06 16:45;2026-09-11 03:00:48
124244754;10000157;2026-10-06 17:00;2026-09-11 03:00:48
124244754;10000157;2026-10-06 17:15;2026-09-11 03:00:48
124244754;10000157;2026-10-06 17:30;2026-09-11 03:00:48
124244754;10000157;2026-10-06 17:45;2026-09-11 03:00:48
124244754;10000157;2026-10-07 09:15;2026-09-11 03:00:48
124244754;10000157;2026-10-07 08:15;2026-09-11 03:00:48
124244754;10000157;2026-10-07 08:30;2026-09-11 03:00:48
124244754;10000157;2026-10-07 08:45;2026-09-11 03:00:48
124244754;10000157;2026-10-07 09:00;2026-09-11 03:00:48
124244754;10000157;2026-10-07 09:30;2026-09-11 03:00:48
124244754;10000157;2026-10-07 09:45;2026-09-11 03:00:48
124244754;10000157;2026-10-07 10:00;2026-09-11 03:00:48
124244754;10000157;2026-10-07 10:15;2026-09-11 03:00:48
124244754;10000157;2026-10-07 10:30;2026-09-11 03:00:48
124244754;10000157;2026-10-08 16:00;2026-09-11 03:00:48
124244754;10000157;2026-10-08 16:15;2026-09-11 03:00:48
124244754;10000157;2026-10-08 16:30;2026-09-11 03:00:48
124244754;10000157;2026-10-08 17:45;2026-09-11 03:00:48
124244754;10000157;2026-10-08 18:00;2026-09-11 03:00:48
124244754;10000157;2026-10-09 09:15;2026-09-11 03:00:48
124244754;10000157;2026-10-09 08:15;2026-09-11 03:00:48
124244754;10000157;2026-10-09 08:30;2026-09-11 03:00:48
124244754;10000157;2026-10-09 08:45;2026-09-11 03:00:48
124244754;10000157;2026-10-09 09:00;2026-09-11 03:00:48
124244754;10000157;2026-10-09 09:30;2026-09-11 03:00:48
124244754;10000157;2026-10-09 09:45;2026-09-11 03:00:48
124244754;10000157;2026-10-09 10:00;2026-09-11 03:00:48
124244754;10000157;2026-10-09 10:15;2026-09-11 03:00:48
124244754;10000157;2026-10-09 10:30;2026-09-11 03:00:48
124244754;10000157;2026-10-02 09:00;2026-09-11 03:00:48
124244754;10000017;2026-09-14 13:00;2026-09-11 03:00:48
124244754;10000017;2026-09-14 13:45;2026-09-11 03:00:48
124244754;10000017;2026-09-14 14:30;2026-09-11 03:00:48
124244754;10000017;2026-09-14 16:30;2026-09-11 03:00:48
124244754;10000017;2026-09-14 17:15;2026-09-11 03:00:48
124244754;10000017;2026-09-14 18:00;2026-09-11 03:00:48
124244754;10000017;2026-09-14 14:00;2026-09-11 03:00:48
124244754;10000017;2026-09-14 15:00;2026-09-11 03:00:48
124244754;10000017;2026-09-18 13:45;2026-09-11 03:00:48
124244754;10000017;2026-09-18 14:30;2026-09-11 03:00:48
124244754;10000017;2026-09-18 16:30;2026-09-11 03:00:48
124244754;10000017;2026-09-18 17:15;2026-09-11 03:00:48
124244754;10000017;2026-09-18 18:00;2026-09-11 03:00:48
124244754;10000017;2026-09-18 18:45;2026-09-11 03:00:48
124244754;10000017;2026-09-18 14:45;2026-09-11 03:00:48
124244754;10000017;2026-09-18 17:00;2026-09-11 03:00:48
124244754;10000017;2026-09-18 17:30;2026-09-11 03:00:48
124244754;10000017;2026-09-18 17:45;2026-09-11 03:00:48
124244754;10000017;2026-09-18 18:15;2026-09-11 03:00:48
124244754;10000017;2026-09-18 18:30;2026-09-11 03:00:48
124244754;10000017;2026-09-18 15:00;2026-09-11 03:00:48
124244754;10000017;2026-09-28 13:00;2026-09-11 03:00:48
124244754;10000017;2026-09-28 13:45;2026-09-11 03:00:48
124244754;10000017;2026-09-28 14:30;2026-09-11 03:00:48
124244754;10000017;2026-09-28 16:30;2026-09-11 03:00:48
124244754;10000017;2026-09-28 17:15;2026-09-11 03:00:48
124244754;10000017;2026-09-28 18:00;2026-09-11 03:00:48
124244754;10000017;2026-09-28 13:15;2026-09-11 03:00:48
124244754;10000017;2026-09-28 14:00;2026-09-11 03:00:48
124244754;10000017;2026-09-28 14:45;2026-09-11 03:00:48
124244754;10000017;2026-09-28 17:00;2026-09-11 03:00:48
124244754;10000017;2026-09-28 17:30;2026-09-11 03:00:48
124244754;10000017;2026-09-28 17:45;2026-09-11 03:00:48
124244754;10000017;2026-09-28 18:15;2026-09-11 03:00:48
124244754;10000017;2026-09-28 18:30;2026-09-11 03:00:48
124244754;10000017;2026-09-28 19:00;2026-09-11 03:00:48
124244754;10000017;2026-09-28 15:00;2026-09-11 03:00:48
124244754;10000017;2026-09-11 09:15;2026-09-11 03:00:48
124244754;10000017;2026-09-11 12:30;2026-09-11 03:00:48
124244754;10000017;2026-09-11 12:00;2026-09-11 03:00:48
124244754;10000017;2026-09-11 13:15;2026-09-11 03:00:48
124244754;10000017;2026-09-11 11:45;2026-09-11 03:00:48
124244754;10000017;2026-09-16 18:00;2026-09-11 03:00:48
124244754;10000017;2026-09-16 17:15;2026-09-11 03:00:48
124244754;10000017;2026-09-16 17:30;2026-09-11 03:00:48
124244754;10000017;2026-09-16 17:45;2026-09-11 03:00:48
124244754;10000017;2026-09-16 16:00;2026-09-11 03:00:48
124244754;10000017;2026-09-30 16:30;2026-09-11 03:00:48
124244754;10000017;2026-09-30 18:00;2026-09-11 03:00:48
124244754;10000017;2026-09-30 15:00;2026-09-11 03:00:48
124244754;10000017;2026-09-30 13:00;2026-09-11 03:00:48
124244754;10000017;2026-09-30 13:45;2026-09-11 03:00:48
124244754;10000017;2026-09-30 14:30;2026-09-11 03:00:48
124244754;10000017;2026-09-30 17:15;2026-09-11 03:00:48
124244754;10000017;2026-09-30 18:45;2026-09-11 03:00:48
124244754;10000017;2026-09-30 12:45;2026-09-11 03:00:48
124244754;10000017;2026-09-30 13:15;2026-09-11 03:00:48
124244754;10000017;2026-09-30 13:30;2026-09-11 03:00:48
124244754;10000017;2026-09-30 14:45;2026-09-11 03:00:48
124244754;10000017;2026-09-30 16:45;2026-09-11 03:00:48
124244754;10000017;2026-09-30 17:00;2026-09-11 03:00:48
124244754;10000017;2026-09-30 17:30;2026-09-11 03:00:48
124244754;10000017;2026-09-30 17:45;2026-09-11 03:00:48
124244754;10000017;2026-09-30 18:15;2026-09-11 03:00:48
124244754;10000017;2026-09-30 18:30;2026-09-11 03:00:48
124244754;10000017;2026-09-30 19:00;2026-09-11 03:00:48
124244754;10000017;2026-09-30 16:00;2026-09-11 03:00:48
124244754;10000017;2026-09-30 16:15;2026-09-11 03:00:48
124244754;10000017;2026-09-15 09:15;2026-09-11 03:00:48
124244754;10000017;2026-09-15 11:30;2026-09-11 03:00:48
124244754;10000017;2026-09-15 12:30;2026-09-11 03:00:48
124244754;10000017;2026-09-15 11:45;2026-09-11 03:00:48
124244754;10000017;2026-09-15 13:00;2026-09-11 03:00:48
124244754;10000017;2026-09-17 09:15;2026-09-11 03:00:48
124244754;10000017;2026-09-17 11:30;2026-09-11 03:00:48
124244754;10000017;2026-09-17 12:30;2026-09-11 03:00:48
124244754;10000017;2026-09-17 11:45;2026-09-11 03:00:48
124244754;10000017;2026-09-17 13:00;2026-09-11 03:00:48
124244754;10000017;2026-09-17 13:30;2026-09-11 03:00:48
124244754;10000017;2026-09-17 13:45;2026-09-11 03:00:48
124244754;10000017;2026-09-29 09:15;2026-09-11 03:00:48
124244754;10000017;2026-09-29 11:30;2026-09-11 03:00:48
124244754;10000017;2026-09-29 12:30;2026-09-11 03:00:48
124244754;10000017;2026-09-29 07:30;2026-09-11 03:00:48
124244754;10000017;2026-09-29 07:45;2026-09-11 03:00:48
124244754;10000017;2026-09-29 08:15;2026-09-11 03:00:48
124244754;10000017;2026-09-29 09:30;2026-09-11 03:00:48
124244754;10000017;2026-09-29 10:00;2026-09-11 03:00:48
124244754;10000017;2026-09-29 10:15;2026-09-11 03:00:48
124244754;10000017;2026-09-29 11:45;2026-09-11 03:00:48
124244754;10000017;2026-09-29 12:00;2026-09-11 03:00:48
124244754;10000017;2026-09-29 12:15;2026-09-11 03:00:48
124244754;10000017;2026-09-29 12:45;2026-09-11 03:00:48
124244754;10000017;2026-09-29 13:00;2026-09-11 03:00:48
124244754;10000017;2026-09-29 13:15;2026-09-11 03:00:48
124244754;10000017;2026-09-29 13:30;2026-09-11 03:00:48
124244754;10000017;2026-09-29 13:45;2026-09-11 03:00:48
124244754;10000017;2026-09-29 10:30;2026-09-11 03:00:48
124244754;10000017;2026-10-01 13:45;2026-09-11 03:00:48
124244754;10000017;2026-10-01 09:30;2026-09-11 03:00:48
124244754;10000017;2026-10-01 09:15;2026-09-11 03:00:48
124244754;10000017;2026-10-01 10:15;2026-09-11 03:00:48
124244754;10000017;2026-10-01 07:30;2026-09-11 03:00:48
124244754;10000017;2026-10-01 07:45;2026-09-11 03:00:48
124244754;10000017;2026-10-01 08:30;2026-09-11 03:00:48
124244754;10000017;2026-10-01 11:45;2026-09-11 03:00:48
124244754;10000017;2026-10-01 13:00;2026-09-11 03:00:48
124244754;10000017;2026-10-01 14:00;2026-09-11 03:00:48
124244754;10000017;2026-10-01 10:30;2026-09-11 03:00:48
124244754;10000017;2026-10-01 10:45;2026-09-11 03:00:48
124244754;10000017;2026-10-01 12:45;2026-09-11 03:00:48
124244754;10000017;2026-10-06 17:45;2026-09-11 03:00:48
124244754;10000017;2026-10-06 18:00;2026-09-11 03:00:48
124244754;10000017;2026-10-06 16:45;2026-09-11 03:00:48
124244754;10000017;2026-10-06 17:00;2026-09-11 03:00:48
124244754;10000017;2026-10-06 17:15;2026-09-11 03:00:48
124244754;10000017;2026-10-06 18:30;2026-09-11 03:00:48
124244754;10000017;2026-10-06 18:45;2026-09-11 03:00:48
124244754;10000017;2026-10-02 13:00;2026-09-11 03:00:48
124244754;10000017;2026-10-02 13:45;2026-09-11 03:00:48
124244754;10000017;2026-10-02 14:30;2026-09-11 03:00:48
124244754;10000017;2026-10-02 16:30;2026-09-11 03:00:48
124244754;10000017;2026-10-02 17:15;2026-09-11 03:00:48
124244754;10000017;2026-10-02 18:00;2026-09-11 03:00:48
124244754;10000017;2026-10-02 18:45;2026-09-11 03:00:48
124244754;10000017;2026-10-02 12:30;2026-09-11 03:00:48
124244754;10000017;2026-10-02 12:45;2026-09-11 03:00:48
124244754;10000017;2026-10-02 13:15;2026-09-11 03:00:48
124244754;10000017;2026-10-02 13:30;2026-09-11 03:00:48
124244754;10000017;2026-10-02 14:00;2026-09-11 03:00:48
124244754;10000017;2026-10-02 14:15;2026-09-11 03:00:48
124244754;10000017;2026-10-02 14:45;2026-09-11 03:00:48
124244754;10000017;2026-10-02 16:45;2026-09-11 03:00:48
124244754;10000017;2026-10-02 17:00;2026-09-11 03:00:48
124244754;10000017;2026-10-02 17:30;2026-09-11 03:00:48
124244754;10000017;2026-10-02 17:45;2026-09-11 03:00:48
124244754;10000017;2026-10-02 18:15;2026-09-11 03:00:48
124244754;10000017;2026-10-02 18:30;2026-09-11 03:00:48
124244754;10000017;2026-10-02 19:00;2026-09-11 03:00:48
124244754;10000017;2026-10-02 15:00;2026-09-11 03:00:48
124244754;10000017;2026-10-05 09:15;2026-09-11 03:00:48
124244754;10000017;2026-10-05 11:30;2026-09-11 03:00:48
124244754;10000017;2026-10-05 12:30;2026-09-11 03:00:48
124244754;10000017;2026-10-05 08:00;2026-09-11 03:00:48
124244754;10000017;2026-10-05 09:45;2026-09-11 03:00:48
124244754;10000017;2026-10-05 10:15;2026-09-11 03:00:48
124244754;10000017;2026-10-05 12:00;2026-09-11 03:00:48
124244754;10000017;2026-10-05 13:15;2026-09-11 03:00:48
124244754;10000017;2026-10-05 07:30;2026-09-11 03:00:48
124244754;10000017;2026-10-05 07:45;2026-09-11 03:00:48
124244754;10000017;2026-10-05 09:00;2026-09-11 03:00:48
124244754;10000017;2026-10-05 09:30;2026-09-11 03:00:48
124244754;10000017;2026-10-05 10:00;2026-09-11 03:00:48
124244754;10000017;2026-10-05 11:45;2026-09-11 03:00:48
124244754;10000017;2026-10-05 12:15;2026-09-11 03:00:48
124244754;10000017;2026-10-05 12:45;2026-09-11 03:00:48
124244754;10000017;2026-10-05 13:00;2026-09-11 03:00:48
124244754;10000017;2026-10-05 13:30;2026-09-11 03:00:48
124244754;10000017;2026-10-05 13:45;2026-09-11 03:00:48
124244754;10000017;2026-10-05 14:00;2026-09-11 03:00:48
124244754;10000017;2026-10-05 10:30;2026-09-11 03:00:48
124244754;10000017;2026-10-05 10:45;2026-09-11 03:00:48
124244754;10000017;2026-10-09 09:15;2026-09-11 03:00:48
124244754;10000017;2026-10-09 11:30;2026-09-11 03:00:48
124244754;10000017;2026-10-09 12:30;2026-09-11 03:00:48
124244754;10000017;2026-10-09 08:00;2026-09-11 03:00:48
124244754;10000017;2026-10-09 09:45;2026-09-11 03:00:48
124244754;10000017;2026-10-09 10:15;2026-09-11 03:00:48
124244754;10000017;2026-10-09 12:00;2026-09-11 03:00:48
124244754;10000017;2026-10-09 13:15;2026-09-11 03:00:48
124244754;10000017;2026-10-09 07:45;2026-09-11 03:00:48
124244754;10000017;2026-10-09 08:15;2026-09-11 03:00:48
124244754;10000017;2026-10-09 09:00;2026-09-11 03:00:48
124244754;10000017;2026-10-09 09:30;2026-09-11 03:00:48
124244754;10000017;2026-10-09 10:00;2026-09-11 03:00:48
124244754;10000017;2026-10-09 11:45;2026-09-11 03:00:48
124244754;10000017;2026-10-09 12:15;2026-09-11 03:00:48
124244754;10000017;2026-10-09 12:45;2026-09-11 03:00:48
124244754;10000017;2026-10-09 13:00;2026-09-11 03:00:48
124244754;10000017;2026-10-09 13:30;2026-09-11 03:00:48
124244754;10000017;2026-10-09 13:45;2026-09-11 03:00:48
124244754;10000017;2026-10-09 14:00;2026-09-11 03:00:48
124244754;10000017;2026-10-09 10:30;2026-09-11 03:00:48
124244754;10000017;2026-10-09 10:45;2026-09-11 03:00:48
124244754;10000017;2026-10-08 16:30;2026-09-11 03:00:48
124244754;10000017;2026-10-08 18:00;2026-09-11 03:00:48
124244754;10000017;2026-10-08 15:00;2026-09-11 03:00:48
124244754;10000017;2026-10-08 13:45;2026-09-11 03:00:48
124244754;10000017;2026-10-08 14:30;2026-09-11 03:00:48
124244754;10000017;2026-10-08 17:15;2026-09-11 03:00:48
124244754;10000017;2026-10-08 18:45;2026-09-11 03:00:48
124244754;10000017;2026-10-08 12:30;2026-09-11 03:00:48
124244754;10000017;2026-10-08 12:45;2026-09-11 03:00:48
124244754;10000017;2026-10-08 13:15;2026-09-11 03:00:48
124244754;10000017;2026-10-08 13:30;2026-09-11 03:00:48
124244754;10000017;2026-10-08 14:45;2026-09-11 03:00:48
124244754;10000017;2026-10-08 16:45;2026-09-11 03:00:48
124244754;10000017;2026-10-08 17:00;2026-09-11 03:00:48
124244754;10000017;2026-10-08 17:30;2026-09-11 03:00:48
124244754;10000017;2026-10-08 17:45;2026-09-11 03:00:48
124244754;10000017;2026-10-08 18:15;2026-09-11 03:00:48
124244754;10000017;2026-10-08 18:30;2026-09-11 03:00:48
124244754;10000017;2026-10-08 19:00;2026-09-11 03:00:48
124244754;10000017;2026-10-08 15:15;2026-09-11 03:00:48
124244754;10000017;2026-10-08 16:00;2026-09-11 03:00:48
124244754;10000017;2026-10-07 09:15;2026-09-11 03:00:48
124244754;10000017;2026-10-07 11:30;2026-09-11 03:00:48
124244754;10000017;2026-10-07 12:30;2026-09-11 03:00:48
124244754;10000017;2026-10-07 07:30;2026-09-11 03:00:48
124244754;10000017;2026-10-07 07:45;2026-09-11 03:00:48
124244754;10000017;2026-10-07 08:00;2026-09-11 03:00:48
124244754;10000017;2026-10-07 08:15;2026-09-11 03:00:48
124244754;10000017;2026-10-07 10:00;2026-09-11 03:00:48
124244754;10000017;2026-10-07 11:45;2026-09-11 03:00:48
124244754;10000017;2026-10-07 12:00;2026-09-11 03:00:48
124244754;10000017;2026-10-07 12:15;2026-09-11 03:00:48
124244754;10000017;2026-10-07 12:45;2026-09-11 03:00:48
124244754;10000017;2026-10-07 13:00;2026-09-11 03:00:48
124244754;10000017;2026-10-07 13:15;2026-09-11 03:00:48
124244754;10000017;2026-10-07 13:30;2026-09-11 03:00:48
124244754;10000017;2026-10-07 13:45;2026-09-11 03:00:48
124244754;10000017;2026-10-07 10:30;2026-09-11 03:00:48
124244754;10000017;2026-10-07 10:45;2026-09-11 03:00:48
124244754;10000111;2026-09-28 07:15;2026-09-11 03:00:48
124244754;10000111;2026-09-28 07:30;2026-09-11 03:00:48
124244754;10000111;2026-09-28 07:45;2026-09-11 03:00:48
124244754;10000111;2026-09-28 08:00;2026-09-11 03:00:48
124244754;10000111;2026-09-28 08:15;2026-09-11 03:00:48
124244754;10000111;2026-09-28 08:30;2026-09-11 03:00:48
124244754;10000111;2026-09-28 08:45;2026-09-11 03:00:48
124244754;10000111;2026-09-28 09:00;2026-09-11 03:00:48
124244754;10000111;2026-09-28 09:15;2026-09-11 03:00:48
124244754;10000111;2026-09-21 17:35;2026-09-11 03:00:48
124244754;10000111;2026-09-21 17:50;2026-09-11 03:00:48
124244754;10000111;2026-09-21 18:05;2026-09-11 03:00:48
124244754;10000111;2026-09-21 18:20;2026-09-11 03:00:48
124244754;10000111;2026-09-21 18:35;2026-09-11 03:00:48
124244754;10000111;2026-09-21 18:50;2026-09-11 03:00:48
124244754;10000111;2026-09-21 19:05;2026-09-11 03:00:48
124244754;10000111;2026-09-21 19:20;2026-09-11 03:00:48
124244754;10000111;2026-09-16 07:30;2026-09-11 03:00:48
124244754;10000111;2026-09-16 07:45;2026-09-11 03:00:48
124244754;10000111;2026-09-16 08:00;2026-09-11 03:00:48
124244754;10000111;2026-09-16 08:15;2026-09-11 03:00:48
124244754;10000111;2026-09-16 08:30;2026-09-11 03:00:48
124244754;10000111;2026-09-16 08:45;2026-09-11 03:00:48
124244754;10000111;2026-09-22 07:15;2026-09-11 03:00:48
124244754;10000111;2026-09-22 07:30;2026-09-11 03:00:48
124244754;10000111;2026-09-22 07:45;2026-09-11 03:00:48
124244754;10000111;2026-09-22 08:00;2026-09-11 03:00:48
124244754;10000111;2026-09-22 08:15;2026-09-11 03:00:48
124244754;10000111;2026-09-22 08:30;2026-09-11 03:00:48
124244754;10000111;2026-09-22 08:45;2026-09-11 03:00:48
124244754;10000111;2026-09-22 09:00;2026-09-11 03:00:48
124244754;10000111;2026-09-24 07:15;2026-09-11 03:00:48
124244754;10000111;2026-09-24 07:30;2026-09-11 03:00:48
124244754;10000111;2026-09-24 07:45;2026-09-11 03:00:48
124244754;10000111;2026-09-24 08:00;2026-09-11 03:00:48
124244754;10000111;2026-09-24 08:15;2026-09-11 03:00:48
124244754;10000111;2026-09-24 08:30;2026-09-11 03:00:48
124244754;10000111;2026-09-24 08:45;2026-09-11 03:00:48
124244754;10000111;2026-09-24 09:00;2026-09-11 03:00:48
124244754;10000111;2026-09-24 09:15;2026-09-11 03:00:48
124244754;10000111;2026-09-30 07:15;2026-09-11 03:00:48
124244754;10000111;2026-09-30 07:30;2026-09-11 03:00:48
124244754;10000111;2026-09-30 07:45;2026-09-11 03:00:48
124244754;10000111;2026-09-30 08:00;2026-09-11 03:00:48
124244754;10000111;2026-09-30 08:15;2026-09-11 03:00:48
124244754;10000111;2026-09-30 08:30;2026-09-11 03:00:48
124244754;10000111;2026-09-30 08:45;2026-09-11 03:00:48
124244754;10000111;2026-09-30 09:00;2026-09-11 03:00:48
124244754;10000111;2026-09-30 09:15;2026-09-11 03:00:48
124244754;10000111;2026-09-15 17:35;2026-09-11 03:00:48
124244754;10000111;2026-09-15 17:50;2026-09-11 03:00:48
124244754;10000111;2026-09-15 18:35;2026-09-11 03:00:48
124244754;10000111;2026-09-15 18:50;2026-09-11 03:00:48
124244754;10000111;2026-09-15 19:05;2026-09-11 03:00:48
124244754;10000111;2026-09-15 19:20;2026-09-11 03:00:48
124244754;10000111;2026-09-17 17:35;2026-09-11 03:00:48
124244754;10000111;2026-09-17 17:50;2026-09-11 03:00:48
124244754;10000111;2026-09-17 18:20;2026-09-11 03:00:48
124244754;10000111;2026-09-17 18:35;2026-09-11 03:00:48
124244754;10000111;2026-09-17 18:50;2026-09-11 03:00:48
124244754;10000111;2026-09-17 19:05;2026-09-11 03:00:48
124244754;10000111;2026-09-17 19:20;2026-09-11 03:00:48
124244754;10000111;2026-09-23 17:20;2026-09-11 03:00:48
124244754;10000111;2026-09-23 17:35;2026-09-11 03:00:48
124244754;10000111;2026-09-23 17:50;2026-09-11 03:00:48
124244754;10000111;2026-09-23 19:05;2026-09-11 03:00:48
124244754;10000111;2026-09-23 19:20;2026-09-11 03:00:48
124244754;10000111;2026-09-29 17:35;2026-09-11 03:00:48
124244754;10000111;2026-09-29 17:50;2026-09-11 03:00:48
124244754;10000111;2026-09-29 18:05;2026-09-11 03:00:48
124244754;10000111;2026-09-29 18:20;2026-09-11 03:00:48
124244754;10000111;2026-09-29 18:35;2026-09-11 03:00:48
124244754;10000111;2026-09-29 18:50;2026-09-11 03:00:48
124244754;10000111;2026-09-29 19:05;2026-09-11 03:00:48
124244754;10000111;2026-09-29 19:20;2026-09-11 03:00:48
124244754;10000111;2026-10-02 07:15;2026-09-11 03:00:48
124244754;10000111;2026-10-02 07:30;2026-09-11 03:00:48
124244754;10000111;2026-10-02 07:45;2026-09-11 03:00:48
124244754;10000111;2026-10-02 08:00;2026-09-11 03:00:48
124244754;10000111;2026-10-02 08:15;2026-09-11 03:00:48
124244754;10000111;2026-10-02 08:30;2026-09-11 03:00:48
124244754;10000111;2026-10-02 08:45;2026-09-11 03:00:48
124244754;10000111;2026-10-02 09:00;2026-09-11 03:00:48
124244754;10000111;2026-10-02 09:15;2026-09-11 03:00:48
124244754;10000111;2026-10-01 17:20;2026-09-11 03:00:48
124244754;10000111;2026-10-01 17:35;2026-09-11 03:00:48
124244754;10000111;2026-10-01 17:50;2026-09-11 03:00:48
124244754;10000111;2026-10-01 18:20;2026-09-11 03:00:48
124244754;10000111;2026-10-01 18:35;2026-09-11 03:00:48
124244754;10000111;2026-10-01 18:50;2026-09-11 03:00:48
124244754;10000111;2026-10-01 19:05;2026-09-11 03:00:48
124244754;10000111;2026-10-01 19:20;2026-09-11 03:00:48
124244754;10000111;2026-10-05 14:15;2026-09-11 03:00:48
124244754;10000111;2026-10-05 14:30;2026-09-11 03:00:48
124244754;10000111;2026-10-05 14:45;2026-09-11 03:00:48
124244754;10000111;2026-10-05 15:00;2026-09-11 03:00:48
124244754;10000111;2026-10-05 15:15;2026-09-11 03:00:48
124244754;10000111;2026-10-05 15:30;2026-09-11 03:00:48
124244754;10000111;2026-10-05 15:45;2026-09-11 03:00:48
124244754;10000111;2026-10-05 16:15;2026-09-11 03:00:48
124244754;10000111;2026-10-06 08:45;2026-09-11 03:00:48
124244754;10000111;2026-10-06 08:15;2026-09-11 03:00:48
124244754;10000111;2026-10-06 08:30;2026-09-11 03:00:48
124244754;10000111;2026-10-06 09:00;2026-09-11 03:00:48
124244754;10000111;2026-10-06 09:15;2026-09-11 03:00:48
124244754;10000111;2026-10-06 09:30;2026-09-11 03:00:48
124244754;10000111;2026-10-06 09:45;2026-09-11 03:00:48
124244754;10000111;2026-10-06 10:00;2026-09-11 03:00:48
124244754;10000111;2026-10-08 08:45;2026-09-11 03:00:48
124244754;10000111;2026-10-08 08:15;2026-09-11 03:00:48
124244754;10000111;2026-10-08 08:30;2026-09-11 03:00:48
124244754;10000111;2026-10-08 09:00;2026-09-11 03:00:48
124244754;10000111;2026-10-08 09:15;2026-09-11 03:00:48
124244754;10000111;2026-10-08 09:30;2026-09-11 03:00:48
124244754;10000111;2026-10-08 09:45;2026-09-11 03:00:48
124244754;10000111;2026-10-08 10:00;2026-09-11 03:00:48
124244754;10000111;2026-10-08 10:15;2026-09-11 03:00:48
124244754;10000111;2026-10-07 14:15;2026-09-11 03:00:48
124244754;10000111;2026-10-07 14:30;2026-09-11 03:00:48
124244754;10000111;2026-10-07 14:45;2026-09-11 03:00:48
124244754;10000111;2026-10-07 15:00;2026-09-11 03:00:48
124244754;10000111;2026-10-07 15:15;2026-09-11 03:00:48
124244754;10000111;2026-10-07 15:30;2026-09-11 03:00:48
124244754;10000111;2026-10-07 15:45;2026-09-11 03:00:48
124244754;10000111;2026-10-07 16:00;2026-09-11 03:00:48
124244754;10000111;2026-10-07 16:15;2026-09-11 03:00:48
124244754;10000111;2026-10-09 14:15;2026-09-11 03:00:48
124244754;10000111;2026-10-09 14:30;2026-09-11 03:00:48
124244754;10000111;2026-10-09 14:45;2026-09-11 03:00:48
124244754;10000111;2026-10-09 15:00;2026-09-11 03:00:48
124244754;10000111;2026-10-09 15:15;2026-09-11 03:00:48
124244754;10000111;2026-10-09 15:30;2026-09-11 03:00:48
124244754;10000111;2026-10-09 15:45;2026-09-11 03:00:48
124244754;10000111;2026-10-09 16:00;2026-09-11 03:00:48
124244754;10000111;2026-10-09 16:15;2026-09-11 03:00:48
124244754;10000111;2026-09-15 18:20;2026-09-11 03:00:48
124244754;10000111;2026-09-16 09:15;2026-09-11 03:00:48
124244754;10000111;2026-09-16 07:15;2026-09-11 03:00:48
124244754;10000096;2026-09-14 16:45;2026-09-11 03:00:48
124244754;10000096;2026-09-14 17:00;2026-09-11 03:00:48
124244754;10000096;2026-09-14 17:15;2026-09-11 03:00:48
124244754;10000096;2026-09-14 16:30;2026-09-11 03:00:48
124244754;10000096;2026-09-14 17:45;2026-09-11 03:00:48
124244754;10000096;2026-09-28 16:45;2026-09-11 03:00:48
124244754;10000096;2026-09-28 17:00;2026-09-11 03:00:48
124244754;10000096;2026-09-28 17:15;2026-09-11 03:00:48
124244754;10000096;2026-09-28 16:00;2026-09-11 03:00:48
124244754;10000096;2026-09-28 16:15;2026-09-11 03:00:48
124244754;10000096;2026-09-28 16:30;2026-09-11 03:00:48
124244754;10000096;2026-09-28 17:45;2026-09-11 03:00:48
124244754;10000096;2026-09-28 18:15;2026-09-11 03:00:48
124244754;10000096;2026-09-11 09:45;2026-09-11 03:00:48
124244754;10000096;2026-09-11 08:15;2026-09-11 03:00:48
124244754;10000096;2026-09-21 10:15;2026-09-11 03:00:48
124244754;10000096;2026-09-21 09:00;2026-09-11 03:00:48
124244754;10000096;2026-09-21 09:45;2026-09-11 03:00:48
124244754;10000096;2026-09-21 07:45;2026-09-11 03:00:48
124244754;10000096;2026-09-21 08:00;2026-09-11 03:00:48
124244754;10000096;2026-09-21 08:15;2026-09-11 03:00:48
124244754;10000096;2026-09-21 09:30;2026-09-11 03:00:48
124244754;10000096;2026-09-21 10:45;2026-09-11 03:00:48
124244754;10000096;2026-09-16 17:00;2026-09-11 03:00:48
124244754;10000096;2026-09-16 17:15;2026-09-11 03:00:48
124244754;10000096;2026-09-16 15:30;2026-09-11 03:00:48
124244754;10000096;2026-09-16 15:45;2026-09-11 03:00:48
124244754;10000096;2026-09-16 17:45;2026-09-11 03:00:48
124244754;10000096;2026-09-16 18:00;2026-09-11 03:00:48
124244754;10000096;2026-09-22 16:45;2026-09-11 03:00:48
124244754;10000096;2026-09-22 17:00;2026-09-11 03:00:48
124244754;10000096;2026-09-22 17:15;2026-09-11 03:00:48
124244754;10000096;2026-09-22 15:15;2026-09-11 03:00:48
124244754;10000096;2026-09-22 15:30;2026-09-11 03:00:48
124244754;10000096;2026-09-22 15:45;2026-09-11 03:00:48
124244754;10000096;2026-09-22 16:00;2026-09-11 03:00:48
124244754;10000096;2026-09-22 16:15;2026-09-11 03:00:48
124244754;10000096;2026-09-22 16:30;2026-09-11 03:00:48
124244754;10000096;2026-09-22 17:45;2026-09-11 03:00:48
124244754;10000096;2026-09-22 18:00;2026-09-11 03:00:48
124244754;10000096;2026-09-22 18:15;2026-09-11 03:00:48
124244754;10000096;2026-09-30 16:45;2026-09-11 03:00:48
124244754;10000096;2026-09-30 17:00;2026-09-11 03:00:48
124244754;10000096;2026-09-30 17:15;2026-09-11 03:00:48
124244754;10000096;2026-09-30 15:15;2026-09-11 03:00:48
124244754;10000096;2026-09-30 15:30;2026-09-11 03:00:48
124244754;10000096;2026-09-30 15:45;2026-09-11 03:00:48
124244754;10000096;2026-09-30 16:00;2026-09-11 03:00:48
124244754;10000096;2026-09-30 16:15;2026-09-11 03:00:48
124244754;10000096;2026-09-30 16:30;2026-09-11 03:00:48
124244754;10000096;2026-09-30 17:30;2026-09-11 03:00:48
124244754;10000096;2026-09-30 17:45;2026-09-11 03:00:48
124244754;10000096;2026-09-30 18:00;2026-09-11 03:00:48
124244754;10000096;2026-09-15 10:15;2026-09-11 03:00:48
124244754;10000096;2026-09-15 07:45;2026-09-11 03:00:48
124244754;10000096;2026-09-15 09:15;2026-09-11 03:00:48
124244754;10000096;2026-09-15 09:30;2026-09-11 03:00:48
124244754;10000096;2026-09-15 07:15;2026-09-11 03:00:48
124244754;10000096;2026-09-15 07:30;2026-09-11 03:00:48
124244754;10000096;2026-09-17 10:15;2026-09-11 03:00:48
124244754;10000096;2026-09-17 09:45;2026-09-11 03:00:48
124244754;10000096;2026-09-17 09:00;2026-09-11 03:00:48
124244754;10000096;2026-09-17 10:00;2026-09-11 03:00:48
124244754;10000096;2026-09-17 08:15;2026-09-11 03:00:48
124244754;10000096;2026-09-17 09:15;2026-09-11 03:00:48
124244754;10000096;2026-09-17 09:30;2026-09-11 03:00:48
124244754;10000096;2026-09-17 10:30;2026-09-11 03:00:48
124244754;10000096;2026-09-17 10:45;2026-09-11 03:00:48
124244754;10000096;2026-09-23 10:15;2026-09-11 03:00:48
124244754;10000096;2026-09-23 09:45;2026-09-11 03:00:48
124244754;10000096;2026-09-23 09:00;2026-09-11 03:00:48
124244754;10000096;2026-09-23 10:00;2026-09-11 03:00:48
124244754;10000096;2026-09-23 07:45;2026-09-11 03:00:48
124244754;10000096;2026-09-23 08:00;2026-09-11 03:00:48
124244754;10000096;2026-09-23 08:15;2026-09-11 03:00:48
124244754;10000096;2026-09-23 09:15;2026-09-11 03:00:48
124244754;10000096;2026-09-23 09:30;2026-09-11 03:00:48
124244754;10000096;2026-09-23 07:30;2026-09-11 03:00:48
124244754;10000096;2026-09-23 10:45;2026-09-11 03:00:48
124244754;10000096;2026-09-29 10:15;2026-09-11 03:00:48
124244754;10000096;2026-09-29 09:45;2026-09-11 03:00:48
124244754;10000096;2026-09-29 09:00;2026-09-11 03:00:48
124244754;10000096;2026-09-29 07:45;2026-09-11 03:00:48
124244754;10000096;2026-09-29 08:00;2026-09-11 03:00:48
124244754;10000096;2026-09-29 08:15;2026-09-11 03:00:48
124244754;10000096;2026-09-29 09:15;2026-09-11 03:00:48
124244754;10000096;2026-09-29 09:30;2026-09-11 03:00:48
124244754;10000096;2026-09-29 10:30;2026-09-11 03:00:48
124244754;10000096;2026-09-29 07:15;2026-09-11 03:00:48
124244754;10000096;2026-09-29 07:30;2026-09-11 03:00:48
124244754;10000096;2026-09-29 10:45;2026-09-11 03:00:48
124244754;10000096;2026-10-05 10:15;2026-09-11 03:00:48
124244754;10000096;2026-10-05 09:00;2026-09-11 03:00:48
124244754;10000096;2026-10-05 09:45;2026-09-11 03:00:48
124244754;10000096;2026-10-05 10:00;2026-09-11 03:00:48
124244754;10000096;2026-10-05 07:45;2026-09-11 03:00:48
124244754;10000096;2026-10-05 08:00;2026-09-11 03:00:48
124244754;10000096;2026-10-05 08:15;2026-09-11 03:00:48
124244754;10000096;2026-10-05 09:15;2026-09-11 03:00:48
124244754;10000096;2026-10-05 09:30;2026-09-11 03:00:48
124244754;10000096;2026-10-05 10:30;2026-09-11 03:00:48
124244754;10000096;2026-10-05 07:15;2026-09-11 03:00:48
124244754;10000096;2026-10-05 07:30;2026-09-11 03:00:48
124244754;10000096;2026-10-05 10:45;2026-09-11 03:00:48
124244754;10000096;2026-10-09 10:15;2026-09-11 03:00:48
124244754;10000096;2026-10-09 09:00;2026-09-11 03:00:48
124244754;10000096;2026-10-09 09:45;2026-09-11 03:00:48
124244754;10000096;2026-10-09 10:00;2026-09-11 03:00:48
124244754;10000096;2026-10-09 07:45;2026-09-11 03:00:48
124244754;10000096;2026-10-09 08:00;2026-09-11 03:00:48
124244754;10000096;2026-10-09 08:15;2026-09-11 03:00:48
124244754;10000096;2026-10-09 09:15;2026-09-11 03:00:48
124244754;10000096;2026-10-09 09:30;2026-09-11 03:00:48
124244754;10000096;2026-10-09 10:30;2026-09-11 03:00:48
124244754;10000096;2026-10-09 07:15;2026-09-11 03:00:48
124244754;10000096;2026-10-09 07:30;2026-09-11 03:00:48
124244754;10000096;2026-10-09 10:45;2026-09-11 03:00:48
124244754;10000096;2026-10-06 16:45;2026-09-11 03:00:48
124244754;10000096;2026-10-06 17:00;2026-09-11 03:00:48
124244754;10000096;2026-10-06 17:15;2026-09-11 03:00:48
124244754;10000096;2026-10-06 15:15;2026-09-11 03:00:48
124244754;10000096;2026-10-06 15:30;2026-09-11 03:00:48
124244754;10000096;2026-10-06 15:45;2026-09-11 03:00:48
124244754;10000096;2026-10-06 16:00;2026-09-11 03:00:48
124244754;10000096;2026-10-06 16:15;2026-09-11 03:00:48
124244754;10000096;2026-10-06 16:30;2026-09-11 03:00:48
124244754;10000096;2026-10-06 17:30;2026-09-11 03:00:48
124244754;10000096;2026-10-06 17:45;2026-09-11 03:00:48
124244754;10000096;2026-10-06 18:15;2026-09-11 03:00:48
124244754;10000096;2026-10-08 17:00;2026-09-11 03:00:48
124244754;10000096;2026-10-08 17:15;2026-09-11 03:00:48
124244754;10000096;2026-10-08 15:30;2026-09-11 03:00:48
124244754;10000096;2026-10-08 15:45;2026-09-11 03:00:48
124244754;10000096;2026-10-08 16:00;2026-09-11 03:00:48
124244754;10000096;2026-10-08 16:15;2026-09-11 03:00:48
124244754;10000096;2026-10-08 16:30;2026-09-11 03:00:48
124244754;10000096;2026-10-08 17:30;2026-09-11 03:00:48
124244754;10000096;2026-10-08 17:45;2026-09-11 03:00:48
124244754;10000096;2026-10-08 18:00;2026-09-11 03:00:48
124244754;10000096;2026-10-08 18:15;2026-09-11 03:00:48
124244754;10000096;2026-10-01 10:15;2026-09-11 03:00:48
124244754;10000096;2026-10-01 09:45;2026-09-11 03:00:48
124244754;10000096;2026-10-01 09:00;2026-09-11 03:00:48
124244754;10000096;2026-10-01 10:00;2026-09-11 03:00:48
124244754;10000096;2026-10-01 07:45;2026-09-11 03:00:48
124244754;10000096;2026-10-01 08:00;2026-09-11 03:00:48
124244754;10000096;2026-10-01 08:15;2026-09-11 03:00:48
124244754;10000096;2026-10-01 09:15;2026-09-11 03:00:48
124244754;10000096;2026-10-01 09:30;2026-09-11 03:00:48
124244754;10000096;2026-10-01 10:30;2026-09-11 03:00:48
124244754;10000096;2026-10-01 07:15;2026-09-11 03:00:48
124244754;10000096;2026-10-01 07:30;2026-09-11 03:00:48
124244754;10000096;2026-10-07 10:15;2026-09-11 03:00:48
124244754;10000096;2026-10-07 09:45;2026-09-11 03:00:48
124244754;10000096;2026-10-07 09:00;2026-09-11 03:00:48
124244754;10000096;2026-10-07 10:00;2026-09-11 03:00:48
124244754;10000096;2026-10-07 07:45;2026-09-11 03:00:48
124244754;10000096;2026-10-07 08:00;2026-09-11 03:00:48
124244754;10000096;2026-10-07 09:15;2026-09-11 03:00:48
124244754;10000096;2026-10-07 09:30;2026-09-11 03:00:48
124244754;10000096;2026-10-07 10:30;2026-09-11 03:00:48
124244754;10000096;2026-10-07 07:15;2026-09-11 03:00:48
124244754;10000096;2026-10-07 07:30;2026-09-11 03:00:48
124244754;10000096;2026-10-07 10:45;2026-09-11 03:00:48
124244754;10000096;2026-09-16 16:15;2026-09-11 03:00:48
124244754;10000096;2026-09-21 09:15;2026-09-11 03:00:48
124244754;10000096;2026-09-29 10:00;2026-09-11 03:00:48
124244754;10000096;2026-09-17 07:45;2026-09-11 03:00:48
124244754;10000096;2026-09-11 10:15;2026-09-11 03:00:48
124244754;10000091;2026-09-22 10:00;2026-09-11 03:00:48
124244754;10000091;2026-09-22 10:15;2026-09-11 03:00:48
124244754;10000091;2026-09-22 11:45;2026-09-11 03:00:48
124244754;10000091;2026-09-22 12:00;2026-09-11 03:00:48
124244754;10000091;2026-09-22 08:00;2026-09-11 03:00:48
124244754;10000091;2026-09-21 17:45;2026-09-11 03:00:48
124244754;10000091;2026-09-21 18:00;2026-09-11 03:00:48
124244754;10000091;2026-09-21 14:30;2026-09-11 03:00:48
124244754;10000091;2026-09-21 14:45;2026-09-11 03:00:48
124244754;10000091;2026-09-21 15:30;2026-09-11 03:00:48
124244754;10000091;2026-09-21 16:30;2026-09-11 03:00:48
124244754;10000091;2026-09-21 16:45;2026-09-11 03:00:48
124244754;10000091;2026-09-28 11:00;2026-09-11 03:00:48
124244754;10000091;2026-09-28 11:15;2026-09-11 03:00:48
124244754;10000091;2026-09-28 11:30;2026-09-11 03:00:48
124244754;10000091;2026-09-28 07:45;2026-09-11 03:00:48
124244754;10000091;2026-09-28 08:00;2026-09-11 03:00:48
124244754;10000091;2026-09-28 08:15;2026-09-11 03:00:48
124244754;10000091;2026-09-28 08:45;2026-09-11 03:00:48
124244754;10000091;2026-09-28 09:15;2026-09-11 03:00:48
124244754;10000091;2026-09-28 09:30;2026-09-11 03:00:48
124244754;10000091;2026-09-29 14:30;2026-09-11 03:00:48
124244754;10000091;2026-09-29 14:45;2026-09-11 03:00:48
124244754;10000091;2026-09-29 16:30;2026-09-11 03:00:48
124244754;10000091;2026-09-29 17:30;2026-09-11 03:00:48
124244754;10000091;2026-09-29 14:00;2026-09-11 03:00:48
124244754;10000091;2026-09-29 14:15;2026-09-11 03:00:48
124244754;10000091;2026-09-29 15:00;2026-09-11 03:00:48
124244754;10000091;2026-09-29 15:45;2026-09-11 03:00:48
124244754;10000091;2026-09-29 17:45;2026-09-11 03:00:48
124244754;10000091;2026-09-29 18:15;2026-09-11 03:00:48
124244754;10000091;2026-09-29 18:45;2026-09-11 03:00:48
124244754;10000091;2026-09-29 19:15;2026-09-11 03:00:48
124244754;10000091;2026-09-24 08:45;2026-09-11 03:00:48
124244754;10000091;2026-09-24 09:00;2026-09-11 03:00:48
124244754;10000091;2026-09-24 11:00;2026-09-11 03:00:48
124244754;10000091;2026-09-24 11:15;2026-09-11 03:00:48
124244754;10000091;2026-09-30 08:00;2026-09-11 03:00:48
124244754;10000091;2026-09-30 08:15;2026-09-11 03:00:48
124244754;10000091;2026-09-30 08:45;2026-09-11 03:00:48
124244754;10000091;2026-09-30 09:00;2026-09-11 03:00:48
124244754;10000091;2026-09-30 11:00;2026-09-11 03:00:48
124244754;10000091;2026-09-30 11:15;2026-09-11 03:00:48
124244754;10000091;2026-09-30 12:00;2026-09-11 03:00:48
124244754;10000091;2026-09-30 07:30;2026-09-11 03:00:48
124244754;10000091;2026-09-30 07:45;2026-09-11 03:00:48
124244754;10000091;2026-09-30 08:30;2026-09-11 03:00:48
124244754;10000091;2026-09-30 09:30;2026-09-11 03:00:48
124244754;10000091;2026-09-30 09:45;2026-09-11 03:00:48
124244754;10000091;2026-09-30 11:30;2026-09-11 03:00:48
124244754;10000091;2026-09-30 11:45;2026-09-11 03:00:48
124244754;10000091;2026-09-30 12:15;2026-09-11 03:00:48
124244754;10000091;2026-10-05 18:45;2026-09-11 03:00:48
124244754;10000091;2026-10-05 19:00;2026-09-11 03:00:48
124244754;10000091;2026-10-05 17:30;2026-09-11 03:00:48
124244754;10000091;2026-10-05 17:45;2026-09-11 03:00:48
124244754;10000091;2026-10-05 18:00;2026-09-11 03:00:48
124244754;10000091;2026-10-05 18:15;2026-09-11 03:00:48
124244754;10000091;2026-10-05 18:30;2026-09-11 03:00:48
124244754;10000091;2026-10-05 19:15;2026-09-11 03:00:48
124244754;10000091;2026-10-05 14:00;2026-09-11 03:00:48
124244754;10000091;2026-10-05 14:15;2026-09-11 03:00:48
124244754;10000091;2026-10-05 14:30;2026-09-11 03:00:48
124244754;10000091;2026-10-05 14:45;2026-09-11 03:00:48
124244754;10000091;2026-10-05 15:00;2026-09-11 03:00:48
124244754;10000091;2026-10-05 15:15;2026-09-11 03:00:48
124244754;10000091;2026-10-05 15:30;2026-09-11 03:00:48
124244754;10000091;2026-10-05 15:45;2026-09-11 03:00:48
124244754;10000091;2026-10-05 16:30;2026-09-11 03:00:48
124244754;10000091;2026-10-05 16:45;2026-09-11 03:00:48
124244754;10000091;2026-10-09 17:45;2026-09-11 03:00:48
124244754;10000091;2026-10-09 18:00;2026-09-11 03:00:48
124244754;10000091;2026-10-09 14:30;2026-09-11 03:00:48
124244754;10000091;2026-10-09 14:45;2026-09-11 03:00:48
124244754;10000091;2026-10-09 15:30;2026-09-11 03:00:48
124244754;10000091;2026-10-09 16:30;2026-09-11 03:00:48
124244754;10000091;2026-10-09 16:45;2026-09-11 03:00:48
124244754;10000091;2026-10-09 19:00;2026-09-11 03:00:48
124244754;10000091;2026-10-09 17:30;2026-09-11 03:00:48
124244754;10000091;2026-10-09 18:15;2026-09-11 03:00:48
124244754;10000091;2026-10-09 18:30;2026-09-11 03:00:48
124244754;10000091;2026-10-09 19:15;2026-09-11 03:00:48
124244754;10000091;2026-10-09 14:00;2026-09-11 03:00:48
124244754;10000091;2026-10-09 14:15;2026-09-11 03:00:48
124244754;10000091;2026-10-09 15:00;2026-09-11 03:00:48
124244754;10000091;2026-10-09 15:15;2026-09-11 03:00:48
124244754;10000091;2026-10-09 15:45;2026-09-11 03:00:48
124244754;10000091;2026-10-06 08:00;2026-09-11 03:00:48
124244754;10000091;2026-10-06 08:15;2026-09-11 03:00:48
124244754;10000091;2026-10-06 08:45;2026-09-11 03:00:48
124244754;10000091;2026-10-06 09:00;2026-09-11 03:00:48
124244754;10000091;2026-10-06 11:00;2026-09-11 03:00:48
124244754;10000091;2026-10-06 11:15;2026-09-11 03:00:48
124244754;10000091;2026-10-06 12:00;2026-09-11 03:00:48
124244754;10000091;2026-10-06 07:30;2026-09-11 03:00:48
124244754;10000091;2026-10-06 07:45;2026-09-11 03:00:48
124244754;10000091;2026-10-06 08:30;2026-09-11 03:00:48
124244754;10000091;2026-10-06 09:15;2026-09-11 03:00:48
124244754;10000091;2026-10-06 09:30;2026-09-11 03:00:48
124244754;10000091;2026-10-06 09:45;2026-09-11 03:00:48
124244754;10000091;2026-10-06 11:30;2026-09-11 03:00:48
124244754;10000091;2026-10-06 11:45;2026-09-11 03:00:48
124244754;10000091;2026-10-06 12:15;2026-09-11 03:00:48
124244754;10000091;2026-10-06 12:30;2026-09-11 03:00:48
124244754;10000091;2026-10-08 08:00;2026-09-11 03:00:48
124244754;10000091;2026-10-08 08:15;2026-09-11 03:00:48
124244754;10000091;2026-10-08 08:45;2026-09-11 03:00:48
124244754;10000091;2026-10-08 09:00;2026-09-11 03:00:48
124244754;10000091;2026-10-08 11:00;2026-09-11 03:00:48
124244754;10000091;2026-10-08 11:15;2026-09-11 03:00:48
124244754;10000091;2026-10-08 12:00;2026-09-11 03:00:48
124244754;10000091;2026-10-08 07:30;2026-09-11 03:00:48
124244754;10000091;2026-10-08 07:45;2026-09-11 03:00:48
124244754;10000091;2026-10-08 08:30;2026-09-11 03:00:48
124244754;10000091;2026-10-08 09:15;2026-09-11 03:00:48
124244754;10000091;2026-10-08 09:30;2026-09-11 03:00:48
124244754;10000091;2026-10-08 09:45;2026-09-11 03:00:48
124244754;10000091;2026-10-08 11:30;2026-09-11 03:00:48
124244754;10000091;2026-10-08 11:45;2026-09-11 03:00:48
124244754;10000091;2026-10-08 12:15;2026-09-11 03:00:48
124244754;10000091;2026-10-08 12:30;2026-09-11 03:00:48
124244754;10000091;2026-10-01 14:30;2026-09-11 03:00:48
124244754;10000091;2026-10-01 14:45;2026-09-11 03:00:48
124244754;10000091;2026-10-01 15:30;2026-09-11 03:00:48
124244754;10000091;2026-10-01 16:30;2026-09-11 03:00:48
124244754;10000091;2026-10-01 16:45;2026-09-11 03:00:48
124244754;10000091;2026-10-01 17:30;2026-09-11 03:00:48
124244754;10000091;2026-10-01 18:00;2026-09-11 03:00:48
124244754;10000091;2026-10-01 14:15;2026-09-11 03:00:48
124244754;10000091;2026-10-01 15:00;2026-09-11 03:00:48
124244754;10000091;2026-10-01 15:45;2026-09-11 03:00:48
124244754;10000091;2026-10-01 17:45;2026-09-11 03:00:48
124244754;10000091;2026-10-01 18:15;2026-09-11 03:00:48
124244754;10000091;2026-10-01 18:30;2026-09-11 03:00:48
124244754;10000091;2026-10-01 18:45;2026-09-11 03:00:48
124244754;10000091;2026-10-01 19:00;2026-09-11 03:00:48
124244754;10000091;2026-10-01 19:15;2026-09-11 03:00:48
124244754;10000091;2026-10-07 14:30;2026-09-11 03:00:48
124244754;10000091;2026-10-07 14:45;2026-09-11 03:00:48
124244754;10000091;2026-10-07 15:30;2026-09-11 03:00:48
124244754;10000091;2026-10-07 16:30;2026-09-11 03:00:48
124244754;10000091;2026-10-07 16:45;2026-09-11 03:00:48
124244754;10000091;2026-10-07 17:30;2026-09-11 03:00:48
124244754;10000091;2026-10-07 18:00;2026-09-11 03:00:48
124244754;10000091;2026-10-07 14:00;2026-09-11 03:00:48
124244754;10000091;2026-10-07 14:15;2026-09-11 03:00:48
124244754;10000091;2026-10-07 15:00;2026-09-11 03:00:48
124244754;10000091;2026-10-07 15:15;2026-09-11 03:00:48
124244754;10000091;2026-10-07 15:45;2026-09-11 03:00:48
124244754;10000091;2026-10-07 17:45;2026-09-11 03:00:48
124244754;10000091;2026-10-07 18:15;2026-09-11 03:00:48
124244754;10000091;2026-10-07 18:30;2026-09-11 03:00:48
124244754;10000091;2026-10-07 18:45;2026-09-11 03:00:48
124244754;10000091;2026-10-07 19:00;2026-09-11 03:00:48
124244754;10000091;2026-10-07 19:15;2026-09-11 03:00:48
124244754;10000091;2026-10-02 08:15;2026-09-11 03:00:48
124244754;10000091;2026-10-02 10:00;2026-09-11 03:00:48
124244754;10000091;2026-10-02 10:15;2026-09-11 03:00:48
124244754;10000091;2026-10-02 11:00;2026-09-11 03:00:48
124244754;10000091;2026-10-02 11:45;2026-09-11 03:00:48
124244754;10000091;2026-10-02 12:00;2026-09-11 03:00:48
124244754;10000091;2026-10-02 07:30;2026-09-11 03:00:48
124244754;10000091;2026-10-02 07:45;2026-09-11 03:00:48
124244754;10000091;2026-10-02 08:00;2026-09-11 03:00:48
124244754;10000091;2026-09-23 18:30;2026-09-11 03:00:48
124244754;10000091;2026-09-23 18:45;2026-09-11 03:00:48
124244754;10000091;2026-09-23 17:45;2026-09-11 03:00:48
124244754;10000091;2026-09-23 18:00;2026-09-11 03:00:48
124244754;10000091;2026-09-23 18:15;2026-09-11 03:00:48
124244754;10000091;2026-09-28 07:30;2026-09-11 03:00:48
124244754;10000091;2026-09-28 10:15;2026-09-11 03:00:48
124244754;10000091;2026-09-28 08:30;2026-09-11 03:00:48
124244754;10000091;2026-09-29 15:30;2026-09-11 03:00:48
124244754;10000091;2026-09-21 18:15;2026-09-11 03:00:48
124244754;10398582;2026-09-11 09:30;2026-09-11 03:00:48
124244754;10398582;2026-09-11 09:45;2026-09-11 03:00:48
124244754;10398582;2026-09-14 14:00;2026-09-11 03:00:48
124244754;10398582;2026-09-14 14:15;2026-09-11 03:00:48
124244754;10398582;2026-09-14 14:30;2026-09-11 03:00:48
124244754;10398582;2026-09-14 14:45;2026-09-11 03:00:48
124244754;10398582;2026-09-14 15:00;2026-09-11 03:00:48
124244754;10398582;2026-09-15 10:30;2026-09-11 03:00:48
124244754;10398582;2026-09-15 10:45;2026-09-11 03:00:48
124244754;10398582;2026-09-16 14:30;2026-09-11 03:00:48
124244754;10398582;2026-09-16 14:45;2026-09-11 03:00:48
124244754;10398582;2026-09-17 10:30;2026-09-11 03:00:48
124244754;10398582;2026-09-17 10:45;2026-09-11 03:00:48
124244754;10398582;2026-09-18 14:45;2026-09-11 03:00:48
124244754;10398582;2026-09-18 15:00;2026-09-11 03:00:48
124244754;10398582;2026-09-21 14:00;2026-09-11 03:00:48
124244754;10398582;2026-09-21 14:15;2026-09-11 03:00:48
124244754;10398582;2026-09-21 14:30;2026-09-11 03:00:48
124244754;10398582;2026-09-21 14:45;2026-09-11 03:00:48
124244754;10398582;2026-09-21 15:00;2026-09-11 03:00:48
124244754;10398582;2026-09-21 18:30;2026-09-11 03:00:48
124244754;10398582;2026-09-21 18:45;2026-09-11 03:00:48
124244754;10398582;2026-09-23 15:15;2026-09-11 03:00:48
124244754;10398582;2026-09-23 15:30;2026-09-11 03:00:48
124244754;10398582;2026-09-23 15:45;2026-09-11 03:00:48
124244754;10398582;2026-09-23 16:00;2026-09-11 03:00:48
124244754;10398582;2026-09-23 16:15;2026-09-11 03:00:48
124244754;10398582;2026-09-23 17:30;2026-09-11 03:00:48
124244754;10398582;2026-09-23 17:45;2026-09-11 03:00:48
124244754;10398582;2026-09-23 18:00;2026-09-11 03:00:48
124244754;10398582;2026-09-23 18:15;2026-09-11 03:00:48
124244754;10398582;2026-09-23 18:30;2026-09-11 03:00:48
124244754;10398582;2026-09-23 18:45;2026-09-11 03:00:48
124244754;10398582;2026-09-23 19:15;2026-09-11 03:00:48
124244754;10398582;2026-09-23 14:30;2026-09-11 03:00:48
124244754;10398582;2026-09-23 14:45;2026-09-11 03:00:48
124244754;10398582;2026-09-24 07:45;2026-09-11 03:00:48
124244754;10398582;2026-09-24 09:00;2026-09-11 03:00:48
124244754;10398582;2026-09-24 09:15;2026-09-11 03:00:48
124244754;10398582;2026-09-24 09:30;2026-09-11 03:00:48
124244754;10398582;2026-09-24 10:30;2026-09-11 03:00:48
124244754;10398582;2026-09-24 10:45;2026-09-11 03:00:48
124244754;10398582;2026-09-24 11:30;2026-09-11 03:00:48
124244754;10398582;2026-09-24 11:45;2026-09-11 03:00:48
124244754;10398582;2026-09-24 12:00;2026-09-11 03:00:48
124244754;10398582;2026-09-24 12:15;2026-09-11 03:00:48
124244754;10398582;2026-09-24 12:30;2026-09-11 03:00:48
124244754;10398582;2026-09-24 12:45;2026-09-11 03:00:48
124244754;10398582;2026-09-25 08:15;2026-09-11 03:00:48
124244754;10398582;2026-09-25 08:30;2026-09-11 03:00:48
124244754;10398582;2026-09-25 08:45;2026-09-11 03:00:48
124244754;10398582;2026-09-25 09:00;2026-09-11 03:00:48
124244754;10398582;2026-09-25 09:15;2026-09-11 03:00:48
124244754;10398582;2026-09-25 09:30;2026-09-11 03:00:48
124244754;10398582;2026-09-25 09:45;2026-09-11 03:00:48
124244754;10398582;2026-09-25 10:30;2026-09-11 03:00:48
124244754;10398582;2026-09-25 10:45;2026-09-11 03:00:48
124244754;10398582;2026-09-25 11:30;2026-09-11 03:00:48
124244754;10398582;2026-09-25 11:45;2026-09-11 03:00:48
124244754;10398582;2026-09-25 12:00;2026-09-11 03:00:48
124244754;10398582;2026-09-25 12:15;2026-09-11 03:00:48
124244754;10398582;2026-09-25 12:30;2026-09-11 03:00:48
124244754;10398582;2026-09-25 12:45;2026-09-11 03:00:48
124244754;10398582;2026-09-28 14:00;2026-09-11 03:00:48
124244754;10398582;2026-09-28 14:15;2026-09-11 03:00:48
124244754;10398582;2026-09-28 14:30;2026-09-11 03:00:48
124244754;10398582;2026-09-28 14:45;2026-09-11 03:00:48
124244754;10398582;2026-09-28 15:00;2026-09-11 03:00:48
124244754;10398582;2026-09-28 15:45;2026-09-11 03:00:48
124244754;10398582;2026-09-28 16:15;2026-09-11 03:00:48
124244754;10398582;2026-09-28 17:45;2026-09-11 03:00:48
124244754;10398582;2026-09-28 18:00;2026-09-11 03:00:48
124244754;10398582;2026-09-28 18:45;2026-09-11 03:00:48
124244754;10398582;2026-09-28 19:00;2026-09-11 03:00:48
124244754;10398582;2026-09-28 19:15;2026-09-11 03:00:48
124244754;10398582;2026-09-29 07:45;2026-09-11 03:00:48
124244754;10398582;2026-09-29 08:00;2026-09-11 03:00:48
124244754;10398582;2026-09-29 08:15;2026-09-11 03:00:48
124244754;10398582;2026-09-29 08:30;2026-09-11 03:00:48
124244754;10398582;2026-09-29 08:45;2026-09-11 03:00:48
124244754;10398582;2026-09-29 09:00;2026-09-11 03:00:48
124244754;10398582;2026-09-29 09:15;2026-09-11 03:00:48
124244754;10398582;2026-09-29 09:30;2026-09-11 03:00:48
124244754;10398582;2026-09-29 09:45;2026-09-11 03:00:48
124244754;10398582;2026-09-29 10:30;2026-09-11 03:00:48
124244754;10398582;2026-09-29 10:45;2026-09-11 03:00:48
124244754;10398582;2026-09-29 11:30;2026-09-11 03:00:48
124244754;10398582;2026-09-29 11:45;2026-09-11 03:00:48
124244754;10398582;2026-09-29 12:00;2026-09-11 03:00:48
124244754;10398582;2026-09-29 12:15;2026-09-11 03:00:48
124244754;10398582;2026-09-29 12:30;2026-09-11 03:00:48
124244754;10398582;2026-09-29 12:45;2026-09-11 03:00:48
124244754;10398582;2026-09-30 15:15;2026-09-11 03:00:48
124244754;10398582;2026-09-30 15:30;2026-09-11 03:00:48
124244754;10398582;2026-09-30 15:45;2026-09-11 03:00:48
124244754;10398582;2026-09-30 16:00;2026-09-11 03:00:48
124244754;10398582;2026-09-30 16:15;2026-09-11 03:00:48
124244754;10398582;2026-09-30 17:30;2026-09-11 03:00:48
124244754;10398582;2026-09-30 17:45;2026-09-11 03:00:48
124244754;10398582;2026-09-30 18:00;2026-09-11 03:00:48
124244754;10398582;2026-09-30 18:30;2026-09-11 03:00:48
124244754;10398582;2026-09-30 18:45;2026-09-11 03:00:48
124244754;10398582;2026-09-30 19:00;2026-09-11 03:00:48
124244754;10398582;2026-09-30 19:15;2026-09-11 03:00:48
124244754;10398582;2026-09-30 14:30;2026-09-11 03:00:48
124244754;10398582;2026-09-30 14:45;2026-09-11 03:00:48
124244754;10398582;2026-10-01 07:30;2026-09-11 03:00:48
124244754;10398582;2026-10-01 07:45;2026-09-11 03:00:48
124244754;10398582;2026-10-01 08:00;2026-09-11 03:00:48
124244754;10398582;2026-10-01 08:15;2026-09-11 03:00:48
124244754;10398582;2026-10-01 08:30;2026-09-11 03:00:48
124244754;10398582;2026-10-01 08:45;2026-09-11 03:00:48
124244754;10398582;2026-10-01 09:00;2026-09-11 03:00:48
124244754;10398582;2026-10-01 09:15;2026-09-11 03:00:48
124244754;10398582;2026-10-01 09:30;2026-09-11 03:00:48
124244754;10398582;2026-10-01 09:45;2026-09-11 03:00:48
124244754;10398582;2026-10-01 10:30;2026-09-11 03:00:48
124244754;10398582;2026-10-01 10:45;2026-09-11 03:00:48
124244754;10398582;2026-10-01 11:30;2026-09-11 03:00:48
124244754;10398582;2026-10-01 11:45;2026-09-11 03:00:48
124244754;10398582;2026-10-01 12:00;2026-09-11 03:00:48
124244754;10398582;2026-10-01 12:15;2026-09-11 03:00:48
124244754;10398582;2026-10-01 12:30;2026-09-11 03:00:48
124244754;10398582;2026-10-01 12:45;2026-09-11 03:00:48
124244754;10398582;2026-10-02 14:15;2026-09-11 03:00:48
124244754;10398582;2026-10-02 14:30;2026-09-11 03:00:48
124244754;10398582;2026-10-02 14:45;2026-09-11 03:00:48
124244754;10398582;2026-10-02 15:00;2026-09-11 03:00:48
124244754;10398582;2026-10-02 15:15;2026-09-11 03:00:48
124244754;10398582;2026-10-02 15:30;2026-09-11 03:00:48
124244754;10398582;2026-10-02 15:45;2026-09-11 03:00:48
124244754;10398582;2026-10-02 16:00;2026-09-11 03:00:48
124244754;10398582;2026-10-02 16:15;2026-09-11 03:00:48
124244754;10398582;2026-10-02 17:00;2026-09-11 03:00:48
124244754;10398582;2026-10-02 17:15;2026-09-11 03:00:48
124244754;10398582;2026-10-02 18:00;2026-09-11 03:00:48
124244754;10398582;2026-10-02 18:15;2026-09-11 03:00:48
124244754;10398582;2026-10-02 18:30;2026-09-11 03:00:48
124244754;10398582;2026-10-02 18:45;2026-09-11 03:00:48
124244754;10398582;2026-10-02 19:00;2026-09-11 03:00:48
124244754;10398582;2026-10-02 19:15;2026-09-11 03:00:48
124244754;10398582;2026-10-05 14:00;2026-09-11 03:00:48
124244754;10398582;2026-10-05 14:15;2026-09-11 03:00:48
124244754;10398582;2026-10-05 14:30;2026-09-11 03:00:48
124244754;10398582;2026-10-05 14:45;2026-09-11 03:00:48
124244754;10398582;2026-10-05 15:00;2026-09-11 03:00:48
124244754;10398582;2026-10-05 15:30;2026-09-11 03:00:48
124244754;10398582;2026-10-05 15:45;2026-09-11 03:00:48
124244754;10398582;2026-10-05 16:00;2026-09-11 03:00:48
124244754;10398582;2026-10-05 16:15;2026-09-11 03:00:48
124244754;10398582;2026-10-05 17:30;2026-09-11 03:00:48
124244754;10398582;2026-10-05 17:45;2026-09-11 03:00:48
124244754;10398582;2026-10-05 18:00;2026-09-11 03:00:48
124244754;10398582;2026-10-05 18:15;2026-09-11 03:00:48
124244754;10398582;2026-10-05 18:30;2026-09-11 03:00:48
124244754;10398582;2026-10-05 18:45;2026-09-11 03:00:48
124244754;10398582;2026-10-05 19:00;2026-09-11 03:00:48
124244754;10398582;2026-10-05 19:15;2026-09-11 03:00:48
124244754;10398582;2026-10-06 07:30;2026-09-11 03:00:48
124244754;10398582;2026-10-06 07:45;2026-09-11 03:00:48
124244754;10398582;2026-10-06 08:00;2026-09-11 03:00:48
124244754;10398582;2026-10-06 08:15;2026-09-11 03:00:48
124244754;10398582;2026-10-06 08:30;2026-09-11 03:00:48
124244754;10398582;2026-10-06 08:45;2026-09-11 03:00:48
124244754;10398582;2026-10-06 09:00;2026-09-11 03:00:48
124244754;10398582;2026-10-06 09:15;2026-09-11 03:00:48
124244754;10398582;2026-10-06 09:45;2026-09-11 03:00:48
124244754;10398582;2026-10-06 10:30;2026-09-11 03:00:48
124244754;10398582;2026-10-06 10:45;2026-09-11 03:00:48
124244754;10398582;2026-10-06 11:30;2026-09-11 03:00:48
124244754;10398582;2026-10-06 11:45;2026-09-11 03:00:48
124244754;10398582;2026-10-06 12:00;2026-09-11 03:00:48
124244754;10398582;2026-10-06 12:15;2026-09-11 03:00:48
124244754;10398582;2026-10-06 12:30;2026-09-11 03:00:48
124244754;10398582;2026-10-06 12:45;2026-09-11 03:00:48
124244754;10398582;2026-10-07 14:15;2026-09-11 03:00:48
124244754;10398582;2026-10-07 15:00;2026-09-11 03:00:48
124244754;10398582;2026-10-07 15:15;2026-09-11 03:00:48
124244754;10398582;2026-10-07 15:30;2026-09-11 03:00:48
124244754;10398582;2026-10-07 15:45;2026-09-11 03:00:48
124244754;10398582;2026-10-07 16:00;2026-09-11 03:00:48
124244754;10398582;2026-10-07 16:15;2026-09-11 03:00:48
124244754;10398582;2026-10-07 17:30;2026-09-11 03:00:48
124244754;10398582;2026-10-07 17:45;2026-09-11 03:00:48
124244754;10398582;2026-10-07 18:00;2026-09-11 03:00:48
124244754;10398582;2026-10-07 18:15;2026-09-11 03:00:48
124244754;10398582;2026-10-07 18:30;2026-09-11 03:00:48
124244754;10398582;2026-10-07 18:45;2026-09-11 03:00:48
124244754;10398582;2026-10-07 19:00;2026-09-11 03:00:48
124244754;10398582;2026-10-07 19:15;2026-09-11 03:00:48
124244754;10398582;2026-10-07 14:30;2026-09-11 03:00:48
124244754;10398582;2026-10-07 14:45;2026-09-11 03:00:48
124244754;10398582;2026-10-08 07:30;2026-09-11 03:00:48
124244754;10398582;2026-10-08 07:45;2026-09-11 03:00:48
124244754;10398582;2026-10-08 08:00;2026-09-11 03:00:48
124244754;10398582;2026-10-08 08:15;2026-09-11 03:00:48
124244754;10398582;2026-10-08 08:30;2026-09-11 03:00:48
124244754;10398582;2026-10-08 08:45;2026-09-11 03:00:48
124244754;10398582;2026-10-08 09:00;2026-09-11 03:00:48
124244754;10398582;2026-10-08 09:15;2026-09-11 03:00:48
124244754;10398582;2026-10-08 09:30;2026-09-11 03:00:48
124244754;10398582;2026-10-08 09:45;2026-09-11 03:00:48
124244754;10398582;2026-10-08 10:30;2026-09-11 03:00:48
124244754;10398582;2026-10-08 10:45;2026-09-11 03:00:48
124244754;10398582;2026-10-08 11:30;2026-09-11 03:00:48
124244754;10398582;2026-10-08 11:45;2026-09-11 03:00:48
124244754;10398582;2026-10-08 12:00;2026-09-11 03:00:48
124244754;10398582;2026-10-08 12:15;2026-09-11 03:00:48
124244754;10398582;2026-10-08 12:45;2026-09-11 03:00:48
124244754;10398582;2026-10-09 07:30;2026-09-11 03:00:48
124244754;10398582;2026-10-09 07:45;2026-09-11 03:00:48
124244754;10398582;2026-10-09 08:00;2026-09-11 03:00:48
124244754;10398582;2026-10-09 08:15;2026-09-11 03:00:48
124244754;10398582;2026-10-09 08:30;2026-09-11 03:00:48
124244754;10398582;2026-10-09 08:45;2026-09-11 03:00:48
124244754;10398582;2026-10-09 09:00;2026-09-11 03:00:48
124244754;10398582;2026-10-09 09:15;2026-09-11 03:00:48
124244754;10398582;2026-10-09 09:30;2026-09-11 03:00:48
124244754;10398582;2026-10-09 09:45;2026-09-11 03:00:48
124244754;10398582;2026-10-09 10:30;2026-09-11 03:00:48
124244754;10398582;2026-10-09 10:45;2026-09-11 03:00:48
124244754;10398582;2026-10-09 11:30;2026-09-11 03:00:48
124244754;10398582;2026-10-09 11:45;2026-09-11 03:00:48
124244754;10398582;2026-10-09 12:00;2026-09-11 03:00:48
124244754;10398582;2026-10-09 12:15;2026-09-11 03:00:48
124244754;10398582;2026-10-09 12:30;2026-09-11 03:00:48
124244754;10398582;2026-10-09 12:45;2026-09-11 03:00:48
124244754;10398582;2026-09-22 14:00;2026-09-11 03:00:48
124244754;10398582;2026-09-22 15:00;2026-09-11 03:00:48
124244754;10398582;2026-09-22 15:15;2026-09-11 03:00:48
124244754;10398582;2026-09-22 15:30;2026-09-11 03:00:48
124244754;10398582;2026-09-22 15:45;2026-09-11 03:00:48
124244754;10398582;2026-09-22 16:00;2026-09-11 03:00:48
124244754;10398582;2026-09-22 17:45;2026-09-11 03:00:48
124244754;10398582;2026-09-22 18:00;2026-09-11 03:00:48
124244754;10398582;2026-09-22 18:30;2026-09-11 03:00:48
124244754;10398582;2026-09-22 18:45;2026-09-11 03:00:48
124244754;10398582;2026-09-22 19:00;2026-09-11 03:00:48
124244754;10398582;2026-09-22 19:15;2026-09-11 03:00:48
124244754;10398582;2026-09-22 14:30;2026-09-11 03:00:48
124244754;10398582;2026-09-22 14:45;2026-09-11 03:00:48
124244754;10398582;2026-09-30 14:00;2026-09-11 03:00:48
124244754;10000160;2026-09-28 17:45;2026-09-11 03:00:48
124244754;10000160;2026-09-28 18:00;2026-09-11 03:00:48
124244754;10000160;2026-09-28 17:00;2026-09-11 03:00:48
124244754;10000160;2026-09-28 16:30;2026-09-11 03:00:48
124244754;10000160;2026-09-28 16:45;2026-09-11 03:00:48
124244754;10000160;2026-09-28 17:15;2026-09-11 03:00:48
124244754;10000160;2026-09-28 17:30;2026-09-11 03:00:48
124244754;10000160;2026-09-28 18:15;2026-09-11 03:00:48
124244754;10000160;2026-09-25 13:45;2026-09-11 03:00:48
124244754;10000160;2026-09-25 09:30;2026-09-11 03:00:48
124244754;10000160;2026-09-25 09:15;2026-09-11 03:00:48
124244754;10000160;2026-09-25 07:30;2026-09-11 03:00:48
124244754;10000160;2026-09-25 12:00;2026-09-11 03:00:48
124244754;10000160;2026-09-25 10:30;2026-09-11 03:00:48
124244754;10000160;2026-09-25 10:45;2026-09-11 03:00:48
124244754;10000160;2026-09-25 11:00;2026-09-11 03:00:48
124244754;10000160;2026-09-25 11:15;2026-09-11 03:00:48
124244754;10000160;2026-09-25 12:45;2026-09-11 03:00:48
124244754;10000160;2026-09-11 09:15;2026-09-11 03:00:48
124244754;10000160;2026-09-11 12:00;2026-09-11 03:00:48
124244754;10000160;2026-09-11 13:30;2026-09-11 03:00:48
124244754;10000160;2026-09-11 12:45;2026-09-11 03:00:48
124244754;10000160;2026-09-21 08:00;2026-09-11 03:00:48
124244754;10000160;2026-09-21 09:15;2026-09-11 03:00:48
124244754;10000160;2026-09-21 09:30;2026-09-11 03:00:48
124244754;10000160;2026-09-21 10:00;2026-09-11 03:00:48
124244754;10000160;2026-09-21 12:00;2026-09-11 03:00:48
124244754;10000160;2026-09-21 12:30;2026-09-11 03:00:48
124244754;10000160;2026-09-21 13:30;2026-09-11 03:00:48
124244754;10000160;2026-09-21 12:45;2026-09-11 03:00:48
124244754;10000160;2026-09-21 12:15;2026-09-11 03:00:48
124244754;10000160;2026-09-21 11:15;2026-09-11 03:00:48
124244754;10000160;2026-09-22 12:30;2026-09-11 03:00:48
124244754;10000160;2026-09-22 09:30;2026-09-11 03:00:48
124244754;10000160;2026-09-22 13:00;2026-09-11 03:00:48
124244754;10000160;2026-09-22 13:30;2026-09-11 03:00:48
124244754;10000160;2026-09-22 08:00;2026-09-11 03:00:48
124244754;10000160;2026-09-22 08:45;2026-09-11 03:00:48
124244754;10000160;2026-09-22 12:15;2026-09-11 03:00:48
124244754;10000160;2026-09-22 12:45;2026-09-11 03:00:48
124244754;10000160;2026-09-22 10:30;2026-09-11 03:00:48
124244754;10000160;2026-09-22 10:45;2026-09-11 03:00:48
124244754;10000160;2026-09-22 11:00;2026-09-11 03:00:48
124244754;10000160;2026-09-23 12:30;2026-09-11 03:00:48
124244754;10000160;2026-09-23 09:45;2026-09-11 03:00:48
124244754;10000160;2026-09-23 09:30;2026-09-11 03:00:48
124244754;10000160;2026-09-23 13:00;2026-09-11 03:00:48
124244754;10000160;2026-09-23 13:30;2026-09-11 03:00:48
124244754;10000160;2026-09-23 08:00;2026-09-11 03:00:48
124244754;10000160;2026-09-23 12:15;2026-09-11 03:00:48
124244754;10000160;2026-09-23 12:45;2026-09-11 03:00:48
124244754;10000160;2026-09-23 10:30;2026-09-11 03:00:48
124244754;10000160;2026-09-23 10:45;2026-09-11 03:00:48
124244754;10000160;2026-09-23 11:00;2026-09-11 03:00:48
124244754;10000160;2026-09-24 12:30;2026-09-11 03:00:48
124244754;10000160;2026-09-24 09:45;2026-09-11 03:00:48
124244754;10000160;2026-09-24 09:30;2026-09-11 03:00:48
124244754;10000160;2026-09-24 12:00;2026-09-11 03:00:48
124244754;10000160;2026-09-24 08:00;2026-09-11 03:00:48
124244754;10000160;2026-09-24 08:45;2026-09-11 03:00:48
124244754;10000160;2026-09-24 12:15;2026-09-11 03:00:48
124244754;10000160;2026-09-24 10:30;2026-09-11 03:00:48
124244754;10000160;2026-09-24 10:45;2026-09-11 03:00:48
124244754;10000160;2026-09-24 11:00;2026-09-11 03:00:48
124244754;10000160;2026-09-29 12:30;2026-09-11 03:00:48
124244754;10000160;2026-09-29 09:45;2026-09-11 03:00:48
124244754;10000160;2026-09-29 13:00;2026-09-11 03:00:48
124244754;10000160;2026-09-29 07:45;2026-09-11 03:00:48
124244754;10000160;2026-09-29 08:45;2026-09-11 03:00:48
124244754;10000160;2026-09-29 10:15;2026-09-11 03:00:48
124244754;10000160;2026-09-29 12:15;2026-09-11 03:00:48
124244754;10000160;2026-09-29 12:45;2026-09-11 03:00:48
124244754;10000160;2026-09-29 13:15;2026-09-11 03:00:48
124244754;10000160;2026-09-29 13:45;2026-09-11 03:00:48
124244754;10000160;2026-09-29 10:30;2026-09-11 03:00:48
124244754;10000160;2026-09-29 11:00;2026-09-11 03:00:48
124244754;10000160;2026-09-30 12:30;2026-09-11 03:00:48
124244754;10000160;2026-09-30 09:45;2026-09-11 03:00:48
124244754;10000160;2026-09-30 13:00;2026-09-11 03:00:48
124244754;10000160;2026-09-30 13:30;2026-09-11 03:00:48
124244754;10000160;2026-09-30 07:30;2026-09-11 03:00:48
124244754;10000160;2026-09-30 07:45;2026-09-11 03:00:48
124244754;10000160;2026-09-30 08:00;2026-09-11 03:00:48
124244754;10000160;2026-09-30 08:15;2026-09-11 03:00:48
124244754;10000160;2026-09-30 08:30;2026-09-11 03:00:48
124244754;10000160;2026-09-30 08:45;2026-09-11 03:00:48
124244754;10000160;2026-09-30 10:15;2026-09-11 03:00:48
124244754;10000160;2026-09-30 12:15;2026-09-11 03:00:48
124244754;10000160;2026-09-30 12:45;2026-09-11 03:00:48
124244754;10000160;2026-09-30 13:15;2026-09-11 03:00:48
124244754;10000160;2026-09-30 13:45;2026-09-11 03:00:48
124244754;10000160;2026-09-30 14:00;2026-09-11 03:00:48
124244754;10000160;2026-09-30 10:30;2026-09-11 03:00:48
124244754;10000160;2026-09-30 10:45;2026-09-11 03:00:48
124244754;10000160;2026-09-30 11:00;2026-09-11 03:00:48
124244754;10000160;2026-09-30 11:15;2026-09-11 03:00:48
124244754;10000160;2026-09-14 08:00;2026-09-11 03:00:48
124244754;10000160;2026-09-14 09:15;2026-09-11 03:00:48
124244754;10000160;2026-09-14 09:30;2026-09-11 03:00:48
124244754;10000160;2026-09-14 10:00;2026-09-11 03:00:48
124244754;10000160;2026-09-14 12:00;2026-09-11 03:00:48
124244754;10000160;2026-09-14 12:30;2026-09-11 03:00:48
124244754;10000160;2026-09-14 13:30;2026-09-11 03:00:48
124244754;10000160;2026-09-14 12:45;2026-09-11 03:00:48
124244754;10000160;2026-09-14 11:15;2026-09-11 03:00:48
124244754;10000160;2026-09-15 12:30;2026-09-11 03:00:48
124244754;10000160;2026-09-15 13:00;2026-09-11 03:00:48
124244754;10000160;2026-09-15 08:45;2026-09-11 03:00:48
124244754;10000160;2026-09-15 12:15;2026-09-11 03:00:48
124244754;10000160;2026-09-15 11:00;2026-09-11 03:00:48
124244754;10000160;2026-09-16 12:30;2026-09-11 03:00:48
124244754;10000160;2026-09-16 09:45;2026-09-11 03:00:48
124244754;10000160;2026-09-16 13:00;2026-09-11 03:00:48
124244754;10000160;2026-09-16 12:15;2026-09-11 03:00:48
124244754;10000160;2026-09-16 11:00;2026-09-11 03:00:48
124244754;10000160;2026-09-17 12:30;2026-09-11 03:00:48
124244754;10000160;2026-09-17 09:45;2026-09-11 03:00:48
124244754;10000160;2026-09-17 13:00;2026-09-11 03:00:48
124244754;10000160;2026-09-17 12:15;2026-09-11 03:00:48
124244754;10000160;2026-09-17 10:30;2026-09-11 03:00:48
124244754;10000160;2026-09-17 11:00;2026-09-11 03:00:48
124244754;10000160;2026-09-18 09:15;2026-09-11 03:00:48
124244754;10000160;2026-09-18 12:00;2026-09-11 03:00:48
124244754;10000160;2026-09-18 12:30;2026-09-11 03:00:48
124244754;10000160;2026-09-18 13:30;2026-09-11 03:00:48
124244754;10000160;2026-09-18 12:45;2026-09-11 03:00:48
124244754;10000160;2026-09-18 12:15;2026-09-11 03:00:48
124244754;10000160;2026-09-18 11:15;2026-09-11 03:00:48
124244754;10000160;2026-10-02 08:00;2026-09-11 03:00:48
124244754;10000160;2026-10-02 09:15;2026-09-11 03:00:48
124244754;10000160;2026-10-02 09:30;2026-09-11 03:00:48
124244754;10000160;2026-10-02 10:00;2026-09-11 03:00:48
124244754;10000160;2026-10-02 12:00;2026-09-11 03:00:48
124244754;10000160;2026-10-02 12:30;2026-09-11 03:00:48
124244754;10000160;2026-10-02 13:30;2026-09-11 03:00:48
124244754;10000160;2026-10-02 12:45;2026-09-11 03:00:48
124244754;10000160;2026-10-02 07:30;2026-09-11 03:00:48
124244754;10000160;2026-10-02 07:45;2026-09-11 03:00:48
124244754;10000160;2026-10-02 09:00;2026-09-11 03:00:48
124244754;10000160;2026-10-02 09:45;2026-09-11 03:00:48
124244754;10000160;2026-10-02 10:15;2026-09-11 03:00:48
124244754;10000160;2026-10-02 12:15;2026-09-11 03:00:48
124244754;10000160;2026-10-02 13:00;2026-09-11 03:00:48
124244754;10000160;2026-10-02 13:15;2026-09-11 03:00:48
124244754;10000160;2026-10-02 13:45;2026-09-11 03:00:48
124244754;10000160;2026-10-02 14:00;2026-09-11 03:00:48
124244754;10000160;2026-10-02 10:30;2026-09-11 03:00:48
124244754;10000160;2026-10-02 10:45;2026-09-11 03:00:48
124244754;10000160;2026-10-02 11:00;2026-09-11 03:00:48
124244754;10000160;2026-10-02 11:15;2026-09-11 03:00:48
124244754;10000160;2026-10-09 08:00;2026-09-11 03:00:48
124244754;10000160;2026-10-09 09:15;2026-09-11 03:00:48
124244754;10000160;2026-10-09 09:30;2026-09-11 03:00:48
124244754;10000160;2026-10-09 10:00;2026-09-11 03:00:48
124244754;10000160;2026-10-09 12:00;2026-09-11 03:00:48
124244754;10000160;2026-10-09 12:30;2026-09-11 03:00:48
124244754;10000160;2026-10-09 13:30;2026-09-11 03:00:48
124244754;10000160;2026-10-09 12:45;2026-09-11 03:00:48
124244754;10000160;2026-10-09 07:30;2026-09-11 03:00:48
124244754;10000160;2026-10-09 07:45;2026-09-11 03:00:48
124244754;10000160;2026-10-09 08:15;2026-09-11 03:00:48
124244754;10000160;2026-10-09 09:00;2026-09-11 03:00:48
124244754;10000160;2026-10-09 09:45;2026-09-11 03:00:48
124244754;10000160;2026-10-09 10:15;2026-09-11 03:00:48
124244754;10000160;2026-10-09 13:15;2026-09-11 03:00:48
124244754;10000160;2026-10-09 13:45;2026-09-11 03:00:48
124244754;10000160;2026-10-09 14:00;2026-09-11 03:00:48
124244754;10000160;2026-10-09 10:30;2026-09-11 03:00:48
124244754;10000160;2026-10-09 10:45;2026-09-11 03:00:48
124244754;10000160;2026-10-09 11:15;2026-09-11 03:00:48
124244754;10000160;2026-10-01 12:30;2026-09-11 03:00:48
124244754;10000160;2026-10-01 09:45;2026-09-11 03:00:48
124244754;10000160;2026-10-01 09:30;2026-09-11 03:00:48
124244754;10000160;2026-10-01 10:00;2026-09-11 03:00:48
124244754;10000160;2026-10-01 13:00;2026-09-11 03:00:48
124244754;10000160;2026-10-01 13:30;2026-09-11 03:00:48
124244754;10000160;2026-10-01 07:45;2026-09-11 03:00:48
124244754;10000160;2026-10-01 08:00;2026-09-11 03:00:48
124244754;10000160;2026-10-01 08:15;2026-09-11 03:00:48
124244754;10000160;2026-10-01 08:30;2026-09-11 03:00:48
124244754;10000160;2026-10-01 08:45;2026-09-11 03:00:48
124244754;10000160;2026-10-01 10:15;2026-09-11 03:00:48
124244754;10000160;2026-10-01 12:15;2026-09-11 03:00:48
124244754;10000160;2026-10-01 12:45;2026-09-11 03:00:48
124244754;10000160;2026-10-01 13:15;2026-09-11 03:00:48
124244754;10000160;2026-10-01 13:45;2026-09-11 03:00:48
124244754;10000160;2026-10-01 14:00;2026-09-11 03:00:48
124244754;10000160;2026-10-01 10:30;2026-09-11 03:00:48
124244754;10000160;2026-10-01 10:45;2026-09-11 03:00:48
124244754;10000160;2026-10-01 11:00;2026-09-11 03:00:48
124244754;10000160;2026-10-01 11:15;2026-09-11 03:00:48
124244754;10000160;2026-10-06 12:30;2026-09-11 03:00:48
124244754;10000160;2026-10-06 09:45;2026-09-11 03:00:48
124244754;10000160;2026-10-06 09:30;2026-09-11 03:00:48
124244754;10000160;2026-10-06 12:00;2026-09-11 03:00:48
124244754;10000160;2026-10-06 13:00;2026-09-11 03:00:48
124244754;10000160;2026-10-06 13:30;2026-09-11 03:00:48
124244754;10000160;2026-10-06 07:30;2026-09-11 03:00:48
124244754;10000160;2026-10-06 07:45;2026-09-11 03:00:48
124244754;10000160;2026-10-06 08:00;2026-09-11 03:00:48
124244754;10000160;2026-10-06 08:15;2026-09-11 03:00:48
124244754;10000160;2026-10-06 08:30;2026-09-11 03:00:48
124244754;10000160;2026-10-06 08:45;2026-09-11 03:00:48
124244754;10000160;2026-10-06 10:15;2026-09-11 03:00:48
124244754;10000160;2026-10-06 12:15;2026-09-11 03:00:48
124244754;10000160;2026-10-06 12:45;2026-09-11 03:00:48
124244754;10000160;2026-10-06 13:15;2026-09-11 03:00:48
124244754;10000160;2026-10-06 13:45;2026-09-11 03:00:48
124244754;10000160;2026-10-06 14:00;2026-09-11 03:00:48
124244754;10000160;2026-10-06 10:30;2026-09-11 03:00:48
124244754;10000160;2026-10-06 10:45;2026-09-11 03:00:48
124244754;10000160;2026-10-06 11:00;2026-09-11 03:00:48
124244754;10000160;2026-10-08 12:30;2026-09-11 03:00:48
124244754;10000160;2026-10-08 09:45;2026-09-11 03:00:48
124244754;10000160;2026-10-08 09:30;2026-09-11 03:00:48
124244754;10000160;2026-10-08 10:00;2026-09-11 03:00:48
124244754;10000160;2026-10-08 12:00;2026-09-11 03:00:48
124244754;10000160;2026-10-08 13:00;2026-09-11 03:00:48
124244754;10000160;2026-10-08 13:30;2026-09-11 03:00:48
124244754;10000160;2026-10-08 07:30;2026-09-11 03:00:48
124244754;10000160;2026-10-08 07:45;2026-09-11 03:00:48
124244754;10000160;2026-10-08 08:00;2026-09-11 03:00:48
124244754;10000160;2026-10-08 08:15;2026-09-11 03:00:48
124244754;10000160;2026-10-08 08:30;2026-09-11 03:00:48
124244754;10000160;2026-10-08 08:45;2026-09-11 03:00:48
124244754;10000160;2026-10-08 10:15;2026-09-11 03:00:48
124244754;10000160;2026-10-08 12:15;2026-09-11 03:00:48
124244754;10000160;2026-10-08 12:45;2026-09-11 03:00:48
124244754;10000160;2026-10-08 13:15;2026-09-11 03:00:48
124244754;10000160;2026-10-08 13:45;2026-09-11 03:00:48
124244754;10000160;2026-10-08 14:00;2026-09-11 03:00:48
124244754;10000160;2026-10-08 10:30;2026-09-11 03:00:48
124244754;10000160;2026-10-08 10:45;2026-09-11 03:00:48
124244754;10000160;2026-10-08 11:00;2026-09-11 03:00:48
124244754;10000160;2026-10-08 11:15;2026-09-11 03:00:48
124244754;10000160;2026-10-05 13:45;2026-09-11 03:00:48
124244754;10000160;2026-10-05 09:30;2026-09-11 03:00:48
124244754;10000160;2026-10-05 09:15;2026-09-11 03:00:48
124244754;10000160;2026-10-05 10:15;2026-09-11 03:00:48
124244754;10000160;2026-10-05 07:30;2026-09-11 03:00:48
124244754;10000160;2026-10-05 07:45;2026-09-11 03:00:48
124244754;10000160;2026-10-05 08:30;2026-09-11 03:00:48
124244754;10000160;2026-10-05 12:00;2026-09-11 03:00:48
124244754;10000160;2026-10-05 13:00;2026-09-11 03:00:48
124244754;10000160;2026-10-05 14:00;2026-09-11 03:00:48
124244754;10000160;2026-10-05 10:30;2026-09-11 03:00:48
124244754;10000160;2026-10-05 10:45;2026-09-11 03:00:48
124244754;10000160;2026-10-05 11:00;2026-09-11 03:00:48
124244754;10000160;2026-10-05 11:15;2026-09-11 03:00:48
124244754;10000160;2026-10-05 12:45;2026-09-11 03:00:48
124244754;10000160;2026-09-11 08:00;2026-09-11 03:00:48
124244754;10006414;2026-09-11 14:00;2026-09-11 03:00:48
124244754;10006414;2026-09-11 14:15;2026-09-11 03:00:48
124244754;10006414;2026-09-11 14:30;2026-09-11 03:00:48
124244754;10006414;2026-09-14 11:30;2026-09-11 03:00:48
124244754;10006414;2026-09-14 11:45;2026-09-11 03:00:48
124244754;10006414;2026-09-14 12:00;2026-09-11 03:00:48
124244754;10006414;2026-09-14 12:15;2026-09-11 03:00:48
124244754;10006414;2026-09-14 12:30;2026-09-11 03:00:48
124244754;10006414;2026-09-14 12:45;2026-09-11 03:00:48
124244754;10006414;2026-09-15 14:00;2026-09-11 03:00:48
124244754;10006414;2026-09-15 14:15;2026-09-11 03:00:48
124244754;10006414;2026-09-15 14:30;2026-09-11 03:00:48
124244754;10006414;2026-09-15 14:45;2026-09-11 03:00:48
124244754;10006414;2026-09-15 15:00;2026-09-11 03:00:48
124244754;10006414;2026-09-15 15:15;2026-09-11 03:00:48
124244754;10006414;2026-09-16 11:30;2026-09-11 03:00:48
124244754;10006414;2026-09-16 11:45;2026-09-11 03:00:48
124244754;10006414;2026-09-16 12:00;2026-09-11 03:00:48
124244754;10006414;2026-09-16 12:15;2026-09-11 03:00:48
124244754;10006414;2026-09-16 12:30;2026-09-11 03:00:48
124244754;10006414;2026-09-16 12:45;2026-09-11 03:00:48
124244754;10006414;2026-09-17 14:00;2026-09-11 03:00:48
124244754;10006414;2026-09-17 14:15;2026-09-11 03:00:48
124244754;10006414;2026-09-17 14:30;2026-09-11 03:00:48
124244754;10006414;2026-09-17 14:45;2026-09-11 03:00:48
124244754;10006414;2026-09-17 15:00;2026-09-11 03:00:48
124244754;10006414;2026-09-17 15:15;2026-09-11 03:00:48
124244754;10006414;2026-09-18 11:30;2026-09-11 03:00:48
124244754;10006414;2026-09-18 11:45;2026-09-11 03:00:48
124244754;10006414;2026-09-18 12:00;2026-09-11 03:00:48
124244754;10006414;2026-09-18 12:15;2026-09-11 03:00:48
124244754;10006414;2026-09-18 12:30;2026-09-11 03:00:48
124244754;10006414;2026-09-18 12:45;2026-09-11 03:00:48
124244754;10006414;2026-09-21 11:30;2026-09-11 03:00:48
124244754;10006414;2026-09-21 11:45;2026-09-11 03:00:48
124244754;10006414;2026-09-21 12:00;2026-09-11 03:00:48
124244754;10006414;2026-09-21 12:15;2026-09-11 03:00:48
124244754;10006414;2026-09-21 12:30;2026-09-11 03:00:48
124244754;10006414;2026-09-21 12:45;2026-09-11 03:00:48
124244754;10006414;2026-09-22 14:00;2026-09-11 03:00:48
124244754;10006414;2026-09-22 14:15;2026-09-11 03:00:48
124244754;10006414;2026-09-22 14:30;2026-09-11 03:00:48
124244754;10006414;2026-09-22 14:45;2026-09-11 03:00:48
124244754;10006414;2026-09-22 15:00;2026-09-11 03:00:48
124244754;10006414;2026-09-22 15:15;2026-09-11 03:00:48
124244754;10006414;2026-09-23 11:30;2026-09-11 03:00:48
124244754;10006414;2026-09-23 11:45;2026-09-11 03:00:48
124244754;10006414;2026-09-23 12:00;2026-09-11 03:00:48
124244754;10006414;2026-09-23 12:15;2026-09-11 03:00:48
124244754;10006414;2026-09-23 12:30;2026-09-11 03:00:48
124244754;10006414;2026-09-23 12:45;2026-09-11 03:00:48
124244754;10006414;2026-09-23 08:15;2026-09-11 03:00:48
124244754;10006414;2026-09-23 08:30;2026-09-11 03:00:48
124244754;10006414;2026-09-23 08:45;2026-09-11 03:00:48
124244754;10006414;2026-09-23 09:00;2026-09-11 03:00:48
124244754;10006414;2026-09-24 14:00;2026-09-11 03:00:48
124244754;10006414;2026-09-24 14:15;2026-09-11 03:00:48
124244754;10006414;2026-09-24 14:30;2026-09-11 03:00:48
124244754;10006414;2026-09-24 14:45;2026-09-11 03:00:48
124244754;10006414;2026-09-24 15:00;2026-09-11 03:00:48
124244754;10006414;2026-09-24 15:15;2026-09-11 03:00:48
124244754;10006414;2026-09-24 16:45;2026-09-11 03:00:48
124244754;10006414;2026-09-24 17:00;2026-09-11 03:00:48
124244754;10006414;2026-09-24 16:00;2026-09-11 03:00:48
124244754;10006414;2026-09-24 18:45;2026-09-11 03:00:48
124244754;10006414;2026-09-24 19:00;2026-09-11 03:00:48
124244754;10006414;2026-09-24 19:15;2026-09-11 03:00:48
124244754;10006414;2026-09-25 14:00;2026-09-11 03:00:48
124244754;10006414;2026-09-25 14:15;2026-09-11 03:00:48
124244754;10006414;2026-09-25 14:30;2026-09-11 03:00:48
124244754;10006414;2026-09-25 14:45;2026-09-11 03:00:48
124244754;10006414;2026-09-25 15:00;2026-09-11 03:00:48
124244754;10006414;2026-09-25 15:15;2026-09-11 03:00:48
124244754;10006414;2026-09-25 15:45;2026-09-11 03:00:48
124244754;10006414;2026-09-25 17:15;2026-09-11 03:00:48
124244754;10006414;2026-09-25 17:45;2026-09-11 03:00:48
124244754;10006414;2026-09-25 18:00;2026-09-11 03:00:48
124244754;10006414;2026-09-25 18:15;2026-09-11 03:00:48
124244754;10006414;2026-09-25 18:30;2026-09-11 03:00:48
124244754;10006414;2026-09-25 18:45;2026-09-11 03:00:48
124244754;10006414;2026-09-25 19:00;2026-09-11 03:00:48
124244754;10006414;2026-09-25 19:15;2026-09-11 03:00:48
124244754;10006414;2026-09-28 10:00;2026-09-11 03:00:48
124244754;10006414;2026-09-28 10:15;2026-09-11 03:00:48
124244754;10006414;2026-09-28 11:00;2026-09-11 03:00:48
124244754;10006414;2026-09-28 11:15;2026-09-11 03:00:48
124244754;10006414;2026-09-28 11:30;2026-09-11 03:00:48
124244754;10006414;2026-09-28 11:45;2026-09-11 03:00:48
124244754;10006414;2026-09-28 12:00;2026-09-11 03:00:48
124244754;10006414;2026-09-28 12:15;2026-09-11 03:00:48
124244754;10006414;2026-09-28 12:30;2026-09-11 03:00:48
124244754;10006414;2026-09-28 12:45;2026-09-11 03:00:48
124244754;10006414;2026-09-28 07:30;2026-09-11 03:00:48
124244754;10006414;2026-09-28 07:45;2026-09-11 03:00:48
124244754;10006414;2026-09-28 08:00;2026-09-11 03:00:48
124244754;10006414;2026-09-28 08:15;2026-09-11 03:00:48
124244754;10006414;2026-09-28 08:30;2026-09-11 03:00:48
124244754;10006414;2026-09-28 08:45;2026-09-11 03:00:48
124244754;10006414;2026-09-28 09:00;2026-09-11 03:00:48
124244754;10006414;2026-09-28 09:30;2026-09-11 03:00:48
124244754;10006414;2026-09-28 09:45;2026-09-11 03:00:48
124244754;10006414;2026-09-29 14:00;2026-09-11 03:00:48
124244754;10006414;2026-09-29 14:15;2026-09-11 03:00:48
124244754;10006414;2026-09-29 14:30;2026-09-11 03:00:48
124244754;10006414;2026-09-29 14:45;2026-09-11 03:00:48
124244754;10006414;2026-09-29 15:30;2026-09-11 03:00:48
124244754;10006414;2026-09-29 15:00;2026-09-11 03:00:48
124244754;10006414;2026-09-29 15:15;2026-09-11 03:00:48
124244754;10006414;2026-09-29 16:45;2026-09-11 03:00:48
124244754;10006414;2026-09-29 17:00;2026-09-11 03:00:48
124244754;10006414;2026-09-29 15:45;2026-09-11 03:00:48
124244754;10006414;2026-09-29 17:30;2026-09-11 03:00:48
124244754;10006414;2026-09-29 17:45;2026-09-11 03:00:48
124244754;10006414;2026-09-29 18:00;2026-09-11 03:00:48
124244754;10006414;2026-09-29 18:45;2026-09-11 03:00:48
124244754;10006414;2026-09-30 10:00;2026-09-11 03:00:48
124244754;10006414;2026-09-30 11:15;2026-09-11 03:00:48
124244754;10006414;2026-09-30 11:30;2026-09-11 03:00:48
124244754;10006414;2026-09-30 11:45;2026-09-11 03:00:48
124244754;10006414;2026-09-30 12:00;2026-09-11 03:00:48
124244754;10006414;2026-09-30 12:15;2026-09-11 03:00:48
124244754;10006414;2026-09-30 12:30;2026-09-11 03:00:48
124244754;10006414;2026-09-30 12:45;2026-09-11 03:00:48
124244754;10006414;2026-09-30 08:15;2026-09-11 03:00:48
124244754;10006414;2026-09-30 09:15;2026-09-11 03:00:48
124244754;10006414;2026-09-30 09:30;2026-09-11 03:00:48
124244754;10006414;2026-10-01 14:00;2026-09-11 03:00:48
124244754;10006414;2026-10-01 14:15;2026-09-11 03:00:48
124244754;10006414;2026-10-01 14:30;2026-09-11 03:00:48
124244754;10006414;2026-10-01 14:45;2026-09-11 03:00:48
124244754;10006414;2026-10-01 15:00;2026-09-11 03:00:48
124244754;10006414;2026-10-01 15:15;2026-09-11 03:00:48
124244754;10006414;2026-10-01 17:00;2026-09-11 03:00:48
124244754;10006414;2026-10-01 15:45;2026-09-11 03:00:48
124244754;10006414;2026-10-01 17:15;2026-09-11 03:00:48
124244754;10006414;2026-10-01 17:30;2026-09-11 03:00:48
124244754;10006414;2026-10-01 17:45;2026-09-11 03:00:48
124244754;10006414;2026-10-01 18:15;2026-09-11 03:00:48
124244754;10006414;2026-10-01 18:30;2026-09-11 03:00:48
124244754;10006414;2026-10-01 18:45;2026-09-11 03:00:48
124244754;10006414;2026-10-01 19:00;2026-09-11 03:00:48
124244754;10006414;2026-10-01 19:15;2026-09-11 03:00:48
124244754;10006414;2026-10-02 10:00;2026-09-11 03:00:48
124244754;10006414;2026-10-02 10:15;2026-09-11 03:00:48
124244754;10006414;2026-10-02 11:30;2026-09-11 03:00:48
124244754;10006414;2026-10-02 11:45;2026-09-11 03:00:48
124244754;10006414;2026-10-02 12:00;2026-09-11 03:00:48
124244754;10006414;2026-10-02 12:15;2026-09-11 03:00:48
124244754;10006414;2026-10-02 12:30;2026-09-11 03:00:48
124244754;10006414;2026-10-02 12:45;2026-09-11 03:00:48
124244754;10006414;2026-10-02 07:45;2026-09-11 03:00:48
124244754;10006414;2026-10-02 08:00;2026-09-11 03:00:48
124244754;10006414;2026-10-02 08:15;2026-09-11 03:00:48
124244754;10006414;2026-10-02 08:30;2026-09-11 03:00:48
124244754;10006414;2026-10-02 08:45;2026-09-11 03:00:48
124244754;10006414;2026-10-02 09:15;2026-09-11 03:00:48
124244754;10006414;2026-10-02 09:30;2026-09-11 03:00:48
124244754;10006414;2026-10-02 09:45;2026-09-11 03:00:48
124244754;10006414;2026-10-06 14:00;2026-09-11 03:00:48
124244754;10006414;2026-10-06 14:15;2026-09-11 03:00:48
124244754;10006414;2026-10-06 14:30;2026-09-11 03:00:48
124244754;10006414;2026-10-06 14:45;2026-09-11 03:00:48
124244754;10006414;2026-10-06 15:30;2026-09-11 03:00:48
124244754;10006414;2026-10-06 15:00;2026-09-11 03:00:48
124244754;10006414;2026-10-06 15:15;2026-09-11 03:00:48
124244754;10006414;2026-10-06 17:00;2026-09-11 03:00:48
124244754;10006414;2026-10-06 15:45;2026-09-11 03:00:48
124244754;10006414;2026-10-06 16:00;2026-09-11 03:00:48
124244754;10006414;2026-10-06 17:15;2026-09-11 03:00:48
124244754;10006414;2026-10-06 17:30;2026-09-11 03:00:48
124244754;10006414;2026-10-06 17:45;2026-09-11 03:00:48
124244754;10006414;2026-10-06 18:00;2026-09-11 03:00:48
124244754;10006414;2026-10-06 18:15;2026-09-11 03:00:48
124244754;10006414;2026-10-06 18:45;2026-09-11 03:00:48
124244754;10006414;2026-10-06 19:00;2026-09-11 03:00:48
124244754;10006414;2026-10-06 19:15;2026-09-11 03:00:48
124244754;10006414;2026-10-07 11:15;2026-09-11 03:00:48
124244754;10006414;2026-10-07 11:30;2026-09-11 03:00:48
124244754;10006414;2026-10-07 11:45;2026-09-11 03:00:48
124244754;10006414;2026-10-07 12:00;2026-09-11 03:00:48
124244754;10006414;2026-10-07 12:15;2026-09-11 03:00:48
124244754;10006414;2026-10-07 12:30;2026-09-11 03:00:48
124244754;10006414;2026-10-07 12:45;2026-09-11 03:00:48
124244754;10006414;2026-10-07 07:30;2026-09-11 03:00:48
124244754;10006414;2026-10-07 07:45;2026-09-11 03:00:48
124244754;10006414;2026-10-07 08:00;2026-09-11 03:00:48
124244754;10006414;2026-10-07 08:15;2026-09-11 03:00:48
124244754;10006414;2026-10-07 08:30;2026-09-11 03:00:48
124244754;10006414;2026-10-07 08:45;2026-09-11 03:00:48
124244754;10006414;2026-10-07 09:00;2026-09-11 03:00:48
124244754;10006414;2026-10-07 09:15;2026-09-11 03:00:48
124244754;10006414;2026-10-07 09:30;2026-09-11 03:00:48
124244754;10006414;2026-10-07 09:45;2026-09-11 03:00:48
124244754;10006414;2026-10-08 14:00;2026-09-11 03:00:48
124244754;10006414;2026-10-08 14:15;2026-09-11 03:00:48
124244754;10006414;2026-10-08 14:30;2026-09-11 03:00:48
124244754;10006414;2026-10-08 14:45;2026-09-11 03:00:48
124244754;10006414;2026-10-08 15:00;2026-09-11 03:00:48
124244754;10006414;2026-10-08 15:15;2026-09-11 03:00:48
124244754;10006414;2026-10-08 17:00;2026-09-11 03:00:48
124244754;10006414;2026-10-08 17:15;2026-09-11 03:00:48
124244754;10006414;2026-10-08 17:30;2026-09-11 03:00:48
124244754;10006414;2026-10-08 17:45;2026-09-11 03:00:48
124244754;10006414;2026-10-08 18:15;2026-09-11 03:00:48
124244754;10006414;2026-10-08 18:30;2026-09-11 03:00:48
124244754;10006414;2026-10-08 18:45;2026-09-11 03:00:48
124244754;10006414;2026-10-08 19:00;2026-09-11 03:00:48
124244754;10006414;2026-10-08 19:15;2026-09-11 03:00:48
124244754;10006414;2026-10-09 14:00;2026-09-11 03:00:48
124244754;10006414;2026-10-09 14:15;2026-09-11 03:00:48
124244754;10006414;2026-10-09 14:30;2026-09-11 03:00:48
124244754;10006414;2026-10-09 14:45;2026-09-11 03:00:48
124244754;10006414;2026-10-09 15:30;2026-09-11 03:00:48
124244754;10006414;2026-10-09 15:00;2026-09-11 03:00:48
124244754;10006414;2026-10-09 15:15;2026-09-11 03:00:48
124244754;10006414;2026-10-09 16:45;2026-09-11 03:00:48
124244754;10006414;2026-10-09 15:45;2026-09-11 03:00:48
124244754;10006414;2026-10-09 16:00;2026-09-11 03:00:48
124244754;10006414;2026-10-09 17:15;2026-09-11 03:00:48
124244754;10006414;2026-10-09 17:30;2026-09-11 03:00:48
124244754;10006414;2026-10-09 17:45;2026-09-11 03:00:48
124244754;10006414;2026-10-09 18:00;2026-09-11 03:00:48
124244754;10006414;2026-10-09 18:15;2026-09-11 03:00:48
124244754;10006414;2026-10-09 18:30;2026-09-11 03:00:48
124244754;10006414;2026-10-09 18:45;2026-09-11 03:00:48
124244754;10006414;2026-10-09 19:00;2026-09-11 03:00:48
124244754;10006414;2026-10-09 19:15;2026-09-11 03:00:48
124244754;10006414;2026-10-05 10:00;2026-09-11 03:00:48
124244754;10006414;2026-10-05 10:15;2026-09-11 03:00:48
124244754;10006414;2026-10-05 11:00;2026-09-11 03:00:48
124244754;10006414;2026-10-05 11:15;2026-09-11 03:00:48
124244754;10006414;2026-10-05 11:30;2026-09-11 03:00:48
124244754;10006414;2026-10-05 11:45;2026-09-11 03:00:48
124244754;10006414;2026-10-05 12:00;2026-09-11 03:00:48
124244754;10006414;2026-10-05 12:15;2026-09-11 03:00:48
124244754;10006414;2026-10-05 12:30;2026-09-11 03:00:48
124244754;10006414;2026-10-05 12:45;2026-09-11 03:00:48
124244754;10006414;2026-10-05 07:30;2026-09-11 03:00:48
124244754;10006414;2026-10-05 07:45;2026-09-11 03:00:48
124244754;10006414;2026-10-05 08:00;2026-09-11 03:00:48
124244754;10006414;2026-10-05 08:15;2026-09-11 03:00:48
124244754;10006414;2026-10-05 08:30;2026-09-11 03:00:48
124244754;10006414;2026-10-05 08:45;2026-09-11 03:00:48
124244754;10006414;2026-10-05 09:00;2026-09-11 03:00:48
124244754;10006414;2026-10-05 09:15;2026-09-11 03:00:48
124244754;10006414;2026-10-05 09:45;2026-09-11 03:00:48
124244754;10006414;2026-09-24 15:45;2026-09-11 03:00:48
124244754;10006414;2026-09-29 19:00;2026-09-11 03:00:48
124244754;10006414;2026-09-28 09:15;2026-09-11 03:00:48
124244754;10006414;2026-09-30 11:00;2026-09-11 03:00:48
124244754;10006414;2026-10-05 09:30;2026-09-11 03:00:48
124244754;10000068;2026-09-30 18:00;2026-09-11 03:00:48
124244754;10000068;2026-09-30 16:45;2026-09-11 03:00:48
124244754;10000068;2026-09-30 17:00;2026-09-11 03:00:48
124244754;10000068;2026-09-30 17:15;2026-09-11 03:00:48
124244754;10000068;2026-09-30 18:15;2026-09-11 03:00:48
124244754;10000068;2026-09-30 18:30;2026-09-11 03:00:48
124244754;10000068;2026-09-28 14:15;2026-09-11 03:00:48
124244754;10000068;2026-09-28 15:15;2026-09-11 03:00:48
124244754;10000068;2026-09-28 17:00;2026-09-11 03:00:48
124244754;10000068;2026-09-28 17:15;2026-09-11 03:00:48
124244754;10000068;2026-09-28 17:30;2026-09-11 03:00:48
124244754;10000068;2026-09-28 17:45;2026-09-11 03:00:48
124244754;10000068;2026-09-28 14:45;2026-09-11 03:00:48
124244754;10000068;2026-09-11 08:00;2026-09-11 03:00:48
124244754;10000068;2026-09-11 10:15;2026-09-11 03:00:48
124244754;10000068;2026-09-11 11:30;2026-09-11 03:00:48
124244754;10000068;2026-09-11 11:45;2026-09-11 03:00:48
124244754;10000068;2026-09-29 11:45;2026-09-11 03:00:48
124244754;10000068;2026-09-29 10:15;2026-09-11 03:00:48
124244754;10000068;2026-09-29 11:30;2026-09-11 03:00:48
124244754;10000068;2026-09-29 09:00;2026-09-11 03:00:48
124244754;10000068;2026-09-29 11:00;2026-09-11 03:00:48
124244754;10000068;2026-10-02 14:15;2026-09-11 03:00:48
124244754;10000068;2026-10-02 15:15;2026-09-11 03:00:48
124244754;10000068;2026-10-02 17:00;2026-09-11 03:00:48
124244754;10000068;2026-10-02 17:15;2026-09-11 03:00:48
124244754;10000068;2026-10-02 17:30;2026-09-11 03:00:48
124244754;10000068;2026-10-02 17:45;2026-09-11 03:00:48
124244754;10000068;2026-10-02 18:15;2026-09-11 03:00:48
124244754;10000068;2026-10-02 19:00;2026-09-11 03:00:48
124244754;10000068;2026-10-02 14:45;2026-09-11 03:00:48
124244754;10000068;2026-10-05 08:00;2026-09-11 03:00:48
124244754;10000068;2026-10-05 09:30;2026-09-11 03:00:48
124244754;10000068;2026-10-05 09:45;2026-09-11 03:00:48
124244754;10000068;2026-10-05 10:15;2026-09-11 03:00:48
124244754;10000068;2026-10-05 11:30;2026-09-11 03:00:48
124244754;10000068;2026-10-05 11:45;2026-09-11 03:00:48
124244754;10000068;2026-10-05 09:15;2026-09-11 03:00:48
124244754;10000068;2026-10-05 07:45;2026-09-11 03:00:48
124244754;10000068;2026-10-05 09:00;2026-09-11 03:00:48
124244754;10000068;2026-10-05 12:00;2026-09-11 03:00:48
124244754;10000068;2026-10-05 12:15;2026-09-11 03:00:48
124244754;10000068;2026-10-05 12:30;2026-09-11 03:00:48
124244754;10000068;2026-10-05 11:15;2026-09-11 03:00:48
124244754;10000068;2026-10-09 08:00;2026-09-11 03:00:48
124244754;10000068;2026-10-09 09:30;2026-09-11 03:00:48
124244754;10000068;2026-10-09 09:45;2026-09-11 03:00:48
124244754;10000068;2026-10-09 10:15;2026-09-11 03:00:48
124244754;10000068;2026-10-09 11:30;2026-09-11 03:00:48
124244754;10000068;2026-10-09 11:45;2026-09-11 03:00:48
124244754;10000068;2026-10-09 09:15;2026-09-11 03:00:48
124244754;10000068;2026-10-09 07:30;2026-09-11 03:00:48
124244754;10000068;2026-10-09 07:45;2026-09-11 03:00:48
124244754;10000068;2026-10-09 10:00;2026-09-11 03:00:48
124244754;10000068;2026-10-09 12:00;2026-09-11 03:00:48
124244754;10000068;2026-10-09 12:15;2026-09-11 03:00:48
124244754;10000068;2026-10-09 12:30;2026-09-11 03:00:48
124244754;10000068;2026-10-09 11:00;2026-09-11 03:00:48
124244754;10000068;2026-10-09 11:15;2026-09-11 03:00:48
124244754;10000068;2026-10-01 11:45;2026-09-11 03:00:48
124244754;10000068;2026-10-01 10:15;2026-09-11 03:00:48
124244754;10000068;2026-10-01 11:30;2026-09-11 03:00:48
124244754;10000068;2026-10-01 09:00;2026-09-11 03:00:48
124244754;10000068;2026-10-01 11:00;2026-09-11 03:00:48
124244754;10000068;2026-10-06 17:45;2026-09-11 03:00:48
124244754;10000068;2026-10-06 14:15;2026-09-11 03:00:48
124244754;10000068;2026-10-06 14:30;2026-09-11 03:00:48
124244754;10000068;2026-10-06 14:45;2026-09-11 03:00:48
124244754;10000068;2026-10-06 16:15;2026-09-11 03:00:48
124244754;10000068;2026-10-06 16:30;2026-09-11 03:00:48
124244754;10000068;2026-10-06 16:45;2026-09-11 03:00:48
124244754;10000068;2026-10-06 17:00;2026-09-11 03:00:48
124244754;10000068;2026-10-06 17:15;2026-09-11 03:00:48
124244754;10000068;2026-10-06 17:30;2026-09-11 03:00:48
124244754;10000068;2026-10-06 19:15;2026-09-11 03:00:48
124244754;10000068;2026-10-06 18:00;2026-09-11 03:00:48
124244754;10000068;2026-10-06 18:30;2026-09-11 03:00:48
124244754;10000068;2026-10-06 18:45;2026-09-11 03:00:48
124244754;10000068;2026-10-06 19:00;2026-09-11 03:00:48
124244754;10000093;2026-09-24 08:15;2026-09-11 03:00:48
124244754;10000093;2026-09-24 10:00;2026-09-11 03:00:48
124244754;10000093;2026-09-24 10:15;2026-09-11 03:00:48
124244754;10000093;2026-09-24 11:45;2026-09-11 03:00:48
124244754;10000093;2026-09-24 12:00;2026-09-11 03:00:48
124244754;10000093;2026-09-24 08:00;2026-09-11 03:00:48
124244754;10000093;2026-09-21 17:45;2026-09-11 03:00:48
124244754;10000093;2026-09-21 18:00;2026-09-11 03:00:48
124244754;10000093;2026-09-21 14:30;2026-09-11 03:00:48
124244754;10000093;2026-09-21 14:45;2026-09-11 03:00:48
124244754;10000093;2026-09-21 15:30;2026-09-11 03:00:48
124244754;10000093;2026-09-21 16:30;2026-09-11 03:00:48
124244754;10000093;2026-09-21 16:45;2026-09-11 03:00:48
124244754;10000093;2026-09-14 11:00;2026-09-11 03:00:48
124244754;10000093;2026-09-14 11:15;2026-09-11 03:00:48
124244754;10000093;2026-09-14 11:30;2026-09-11 03:00:48
124244754;10000093;2026-09-14 08:00;2026-09-11 03:00:48
124244754;10000093;2026-09-14 08:15;2026-09-11 03:00:48
124244754;10000093;2026-09-14 09:15;2026-09-11 03:00:48
124244754;10000093;2026-09-14 09:30;2026-09-11 03:00:48
124244754;10000093;2026-09-11 16:30;2026-09-11 03:00:48
124244754;10000093;2026-09-11 16:45;2026-09-11 03:00:48
124244754;10000093;2026-09-11 15:00;2026-09-11 03:00:48
124244754;10000093;2026-09-18 11:15;2026-09-11 03:00:48
124244754;10000093;2026-09-18 09:30;2026-09-11 03:00:48
124244754;10000093;2026-09-18 08:30;2026-09-11 03:00:48
124244754;10000093;2026-09-18 11:30;2026-09-11 03:00:48
124244754;10000093;2026-09-16 08:45;2026-09-11 03:00:48
124244754;10000093;2026-09-16 09:00;2026-09-11 03:00:48
124244754;10000093;2026-09-16 11:00;2026-09-11 03:00:48
124244754;10000093;2026-09-16 11:15;2026-09-11 03:00:48
124244754;10000093;2026-09-22 08:15;2026-09-11 03:00:48
124244754;10000093;2026-09-22 08:45;2026-09-11 03:00:48
124244754;10000093;2026-09-22 09:00;2026-09-11 03:00:48
124244754;10000093;2026-09-22 11:00;2026-09-11 03:00:48
124244754;10000093;2026-09-22 11:15;2026-09-11 03:00:48
124244754;10000093;2026-09-22 07:45;2026-09-11 03:00:48
124244754;10000093;2026-09-22 08:30;2026-09-11 03:00:48
124244754;10000093;2026-09-22 09:45;2026-09-11 03:00:48
124244754;10000093;2026-09-22 11:45;2026-09-11 03:00:48
124244754;10000093;2026-09-22 12:15;2026-09-11 03:00:48
124244754;10000093;2026-09-30 08:00;2026-09-11 03:00:48
124244754;10000093;2026-09-30 08:15;2026-09-11 03:00:48
124244754;10000093;2026-09-30 08:45;2026-09-11 03:00:48
124244754;10000093;2026-09-30 09:00;2026-09-11 03:00:48
124244754;10000093;2026-09-30 11:00;2026-09-11 03:00:48
124244754;10000093;2026-09-30 11:15;2026-09-11 03:00:48
124244754;10000093;2026-09-30 07:30;2026-09-11 03:00:48
124244754;10000093;2026-09-30 07:45;2026-09-11 03:00:48
124244754;10000093;2026-09-30 08:30;2026-09-11 03:00:48
124244754;10000093;2026-09-30 11:30;2026-09-11 03:00:48
124244754;10000093;2026-09-30 11:45;2026-09-11 03:00:48
124244754;10000093;2026-09-30 12:15;2026-09-11 03:00:48
124244754;10000093;2026-09-30 12:30;2026-09-11 03:00:48
124244754;10000093;2026-09-15 16:30;2026-09-11 03:00:48
124244754;10000093;2026-09-15 17:30;2026-09-11 03:00:48
124244754;10000093;2026-09-15 15:00;2026-09-11 03:00:48
124244754;10000093;2026-09-15 15:45;2026-09-11 03:00:48
124244754;10000093;2026-09-17 16:30;2026-09-11 03:00:48
124244754;10000093;2026-09-17 17:30;2026-09-11 03:00:48
124244754;10000093;2026-09-17 15:00;2026-09-11 03:00:48
124244754;10000093;2026-09-17 15:15;2026-09-11 03:00:48
124244754;10000093;2026-09-17 15:45;2026-09-11 03:00:48
124244754;10000093;2026-09-29 14:30;2026-09-11 03:00:48
124244754;10000093;2026-09-29 16:30;2026-09-11 03:00:48
124244754;10000093;2026-09-29 16:45;2026-09-11 03:00:48
124244754;10000093;2026-09-29 17:30;2026-09-11 03:00:48
124244754;10000093;2026-09-29 18:00;2026-09-11 03:00:48
124244754;10000093;2026-09-29 15:00;2026-09-11 03:00:48
124244754;10000093;2026-09-29 15:15;2026-09-11 03:00:48
124244754;10000093;2026-09-29 15:45;2026-09-11 03:00:48
124244754;10000093;2026-09-29 17:45;2026-09-11 03:00:48
124244754;10000093;2026-09-29 18:30;2026-09-11 03:00:48
124244754;10000093;2026-09-29 18:45;2026-09-11 03:00:48
124244754;10000093;2026-09-29 19:00;2026-09-11 03:00:48
124244754;10000093;2026-09-29 19:15;2026-09-11 03:00:48
124244754;10000093;2026-10-02 11:15;2026-09-11 03:00:48
124244754;10000093;2026-10-02 08:00;2026-09-11 03:00:48
124244754;10000093;2026-10-02 08:15;2026-09-11 03:00:48
124244754;10000093;2026-10-02 09:15;2026-09-11 03:00:48
124244754;10000093;2026-10-02 09:30;2026-09-11 03:00:48
124244754;10000093;2026-10-02 12:00;2026-09-11 03:00:48
124244754;10000093;2026-10-02 12:15;2026-09-11 03:00:48
124244754;10000093;2026-10-02 10:15;2026-09-11 03:00:48
124244754;10000093;2026-10-02 07:30;2026-09-11 03:00:48
124244754;10000093;2026-10-02 07:45;2026-09-11 03:00:48
124244754;10000093;2026-10-02 08:30;2026-09-11 03:00:48
124244754;10000093;2026-10-02 08:45;2026-09-11 03:00:48
124244754;10000093;2026-10-02 09:00;2026-09-11 03:00:48
124244754;10000093;2026-10-02 11:30;2026-09-11 03:00:48
124244754;10000093;2026-10-01 14:30;2026-09-11 03:00:48
124244754;10000093;2026-10-01 14:45;2026-09-11 03:00:48
124244754;10000093;2026-10-01 16:30;2026-09-11 03:00:48
124244754;10000093;2026-10-01 16:45;2026-09-11 03:00:48
124244754;10000093;2026-10-01 17:15;2026-09-11 03:00:48
124244754;10000093;2026-10-01 18:00;2026-09-11 03:00:48
124244754;10000093;2026-10-01 18:15;2026-09-11 03:00:48
124244754;10000093;2026-10-01 18:30;2026-09-11 03:00:48
124244754;10000093;2026-10-01 19:15;2026-09-11 03:00:48
124244754;10000093;2026-09-23 14:30;2026-09-11 03:00:48
124244754;10000093;2026-09-23 16:30;2026-09-11 03:00:48
124244754;10000093;2026-09-23 16:45;2026-09-11 03:00:48
124244754;10000093;2026-09-23 17:30;2026-09-11 03:00:48
124244754;10000093;2026-09-23 15:00;2026-09-11 03:00:48
124244754;10000093;2026-09-23 15:15;2026-09-11 03:00:48
124244754;10000093;2026-09-23 15:45;2026-09-11 03:00:48
124244754;10000093;2026-09-23 18:15;2026-09-11 03:00:48
124244754;10000093;2026-09-23 18:45;2026-09-11 03:00:48
124244754;10000093;2026-09-23 19:00;2026-09-11 03:00:48
124244754;10000093;2026-09-23 19:15;2026-09-11 03:00:48
124244754;10000093;2026-09-25 18:30;2026-09-11 03:00:48
124244754;10000093;2026-09-25 18:45;2026-09-11 03:00:48
124244754;10000093;2026-09-25 17:45;2026-09-11 03:00:48
124244754;10000093;2026-09-25 18:00;2026-09-11 03:00:48
124244754;10000093;2026-09-25 18:15;2026-09-11 03:00:48
124244754;10000093;2026-09-25 16:45;2026-09-11 03:00:48
124244754;10000093;2026-09-25 17:00;2026-09-11 03:00:48
124244754;10000093;2026-09-25 17:30;2026-09-11 03:00:48
124244754;10000093;2026-09-25 17:15;2026-09-11 03:00:48
124244754;10000093;2026-09-28 10:00;2026-09-11 03:00:48
124244754;10000093;2026-09-28 10:15;2026-09-11 03:00:48
124244754;10000093;2026-09-28 11:45;2026-09-11 03:00:48
124244754;10000093;2026-09-28 12:00;2026-09-11 03:00:48
124244754;10000093;2026-09-28 07:45;2026-09-11 03:00:48
124244754;10000093;2026-09-28 08:00;2026-09-11 03:00:48
124244754;10000093;2026-09-24 07:45;2026-09-11 03:00:48
124244754;10000069;2026-09-11 14:45;2026-09-11 03:00:48
124244754;10000069;2026-09-11 16:30;2026-09-11 03:00:48
124244754;10000069;2026-09-11 16:45;2026-09-11 03:00:48
124244754;10000069;2026-09-25 14:30;2026-09-11 03:00:48
124244754;10000069;2026-09-25 14:45;2026-09-11 03:00:48
124244754;10000069;2026-09-25 16:30;2026-09-11 03:00:48
124244754;10000069;2026-09-25 16:45;2026-09-11 03:00:48
124244754;10000069;2026-09-25 17:15;2026-09-11 03:00:48
124244754;10000069;2026-09-25 19:15;2026-09-11 03:00:48
124244754;10000069;2026-09-21 17:45;2026-09-11 03:00:48
124244754;10000069;2026-09-21 18:00;2026-09-11 03:00:48
124244754;10000069;2026-09-21 14:30;2026-09-11 03:00:48
124244754;10000069;2026-09-21 14:45;2026-09-11 03:00:48
124244754;10000069;2026-09-21 15:30;2026-09-11 03:00:48
124244754;10000069;2026-09-21 16:30;2026-09-11 03:00:48
124244754;10000069;2026-09-21 16:45;2026-09-11 03:00:48
124244754;10000069;2026-09-14 11:00;2026-09-11 03:00:48
124244754;10000069;2026-09-14 11:15;2026-09-11 03:00:48
124244754;10000069;2026-09-14 11:30;2026-09-11 03:00:48
124244754;10000069;2026-09-14 08:00;2026-09-11 03:00:48
124244754;10000069;2026-09-14 08:15;2026-09-11 03:00:48
124244754;10000069;2026-09-14 09:15;2026-09-11 03:00:48
124244754;10000069;2026-09-14 09:30;2026-09-11 03:00:48
124244754;10000069;2026-09-28 10:15;2026-09-11 03:00:48
124244754;10000069;2026-09-28 11:00;2026-09-11 03:00:48
124244754;10000069;2026-09-28 11:15;2026-09-11 03:00:48
124244754;10000069;2026-09-28 11:30;2026-09-11 03:00:48
124244754;10000069;2026-09-28 07:30;2026-09-11 03:00:48
124244754;10000069;2026-09-28 07:45;2026-09-11 03:00:48
124244754;10000069;2026-09-28 08:00;2026-09-11 03:00:48
124244754;10000069;2026-09-28 08:15;2026-09-11 03:00:48
124244754;10000069;2026-09-28 08:30;2026-09-11 03:00:48
124244754;10000069;2026-09-28 08:45;2026-09-11 03:00:48
124244754;10000069;2026-09-28 09:15;2026-09-11 03:00:48
124244754;10000069;2026-09-28 09:30;2026-09-11 03:00:48
124244754;10000069;2026-09-18 11:15;2026-09-11 03:00:48
124244754;10000069;2026-09-18 09:30;2026-09-11 03:00:48
124244754;10000069;2026-09-18 12:00;2026-09-11 03:00:48
124244754;10000069;2026-09-18 07:45;2026-09-11 03:00:48
124244754;10000069;2026-09-18 08:30;2026-09-11 03:00:48
124244754;10000069;2026-09-18 08:45;2026-09-11 03:00:48
124244754;10000069;2026-09-18 11:30;2026-09-11 03:00:48
124244754;10000069;2026-09-15 16:30;2026-09-11 03:00:48
124244754;10000069;2026-09-15 17:30;2026-09-11 03:00:48
124244754;10000069;2026-09-15 15:00;2026-09-11 03:00:48
124244754;10000069;2026-09-15 15:45;2026-09-11 03:00:48
124244754;10000069;2026-09-17 15:30;2026-09-11 03:00:48
124244754;10000069;2026-09-17 16:30;2026-09-11 03:00:48
124244754;10000069;2026-09-17 16:45;2026-09-11 03:00:48
124244754;10000069;2026-09-17 17:30;2026-09-11 03:00:48
124244754;10000069;2026-09-17 14:15;2026-09-11 03:00:48
124244754;10000069;2026-09-17 15:00;2026-09-11 03:00:48
124244754;10000069;2026-09-17 15:45;2026-09-11 03:00:48
124244754;10000069;2026-09-23 16:30;2026-09-11 03:00:48
124244754;10000069;2026-09-23 17:30;2026-09-11 03:00:48
124244754;10000069;2026-09-23 15:00;2026-09-11 03:00:48
124244754;10000069;2026-09-23 15:45;2026-09-11 03:00:48
124244754;10000069;2026-09-29 14:30;2026-09-11 03:00:48
124244754;10000069;2026-09-29 14:45;2026-09-11 03:00:48
124244754;10000069;2026-09-29 15:30;2026-09-11 03:00:48
124244754;10000069;2026-09-29 16:30;2026-09-11 03:00:48
124244754;10000069;2026-09-29 16:45;2026-09-11 03:00:48
124244754;10000069;2026-09-29 17:30;2026-09-11 03:00:48
124244754;10000069;2026-09-29 18:00;2026-09-11 03:00:48
124244754;10000069;2026-09-29 14:00;2026-09-11 03:00:48
124244754;10000069;2026-09-29 14:15;2026-09-11 03:00:48
124244754;10000069;2026-09-29 15:00;2026-09-11 03:00:48
124244754;10000069;2026-09-29 15:45;2026-09-11 03:00:48
124244754;10000069;2026-09-29 17:45;2026-09-11 03:00:48
124244754;10000069;2026-09-29 18:15;2026-09-11 03:00:48
124244754;10000069;2026-09-29 18:30;2026-09-11 03:00:48
124244754;10000069;2026-09-29 18:45;2026-09-11 03:00:48
124244754;10000069;2026-09-29 19:00;2026-09-11 03:00:48
124244754;10000069;2026-09-29 19:15;2026-09-11 03:00:48
124244754;10000069;2026-09-16 08:45;2026-09-11 03:00:48
124244754;10000069;2026-09-16 09:00;2026-09-11 03:00:48
124244754;10000069;2026-09-16 11:00;2026-09-11 03:00:48
124244754;10000069;2026-09-16 11:15;2026-09-11 03:00:48
124244754;10000069;2026-09-16 07:45;2026-09-11 03:00:48
124244754;10000069;2026-09-16 08:30;2026-09-11 03:00:48
124244754;10000069;2026-09-22 08:45;2026-09-11 03:00:48
124244754;10000069;2026-09-22 09:00;2026-09-11 03:00:48
124244754;10000069;2026-09-22 11:00;2026-09-11 03:00:48
124244754;10000069;2026-09-22 11:15;2026-09-11 03:00:48
124244754;10000069;2026-09-24 08:00;2026-09-11 03:00:48
124244754;10000069;2026-09-24 08:15;2026-09-11 03:00:48
124244754;10000069;2026-09-24 08:45;2026-09-11 03:00:48
124244754;10000069;2026-09-24 09:00;2026-09-11 03:00:48
124244754;10000069;2026-09-24 11:00;2026-09-11 03:00:48
124244754;10000069;2026-09-24 11:15;2026-09-11 03:00:48
124244754;10000069;2026-09-24 07:45;2026-09-11 03:00:48
124244754;10000069;2026-09-24 09:30;2026-09-11 03:00:48
124244754;10000069;2026-09-24 09:45;2026-09-11 03:00:48
124244754;10000069;2026-09-30 08:00;2026-09-11 03:00:48
124244754;10000069;2026-09-30 08:15;2026-09-11 03:00:48
124244754;10000069;2026-09-30 08:45;2026-09-11 03:00:48
124244754;10000069;2026-09-30 09:00;2026-09-11 03:00:48
124244754;10000069;2026-09-30 11:00;2026-09-11 03:00:48
124244754;10000069;2026-09-30 11:15;2026-09-11 03:00:48
124244754;10000069;2026-09-30 07:45;2026-09-11 03:00:48
124244754;10000069;2026-09-30 08:30;2026-09-11 03:00:48
124244754;10000069;2026-09-30 09:15;2026-09-11 03:00:48
124244754;10000069;2026-09-30 09:30;2026-09-11 03:00:48
124244754;10000069;2026-09-30 11:30;2026-09-11 03:00:48
124244754;10000069;2026-09-30 11:45;2026-09-11 03:00:48
124244754;10000069;2026-09-30 12:15;2026-09-11 03:00:48
124244754;10000069;2026-09-30 12:30;2026-09-11 03:00:48
124244754;10000069;2026-10-05 18:45;2026-09-11 03:00:48
124244754;10000069;2026-10-05 19:00;2026-09-11 03:00:48
124244754;10000069;2026-10-05 17:30;2026-09-11 03:00:48
124244754;10000069;2026-10-05 17:45;2026-09-11 03:00:48
124244754;10000069;2026-10-05 18:00;2026-09-11 03:00:48
124244754;10000069;2026-10-05 18:15;2026-09-11 03:00:48
124244754;10000069;2026-10-05 18:30;2026-09-11 03:00:48
124244754;10000069;2026-10-05 19:15;2026-09-11 03:00:48
124244754;10000069;2026-10-05 14:00;2026-09-11 03:00:48
124244754;10000069;2026-10-05 14:15;2026-09-11 03:00:48
124244754;10000069;2026-10-05 14:30;2026-09-11 03:00:48
124244754;10000069;2026-10-05 14:45;2026-09-11 03:00:48
124244754;10000069;2026-10-05 15:00;2026-09-11 03:00:48
124244754;10000069;2026-10-05 15:30;2026-09-11 03:00:48
124244754;10000069;2026-10-05 15:45;2026-09-11 03:00:48
124244754;10000069;2026-10-05 16:30;2026-09-11 03:00:48
124244754;10000069;2026-10-05 16:45;2026-09-11 03:00:48
124244754;10000069;2026-10-02 11:00;2026-09-11 03:00:48
124244754;10000069;2026-10-02 11:15;2026-09-11 03:00:48
124244754;10000069;2026-10-02 08:00;2026-09-11 03:00:48
124244754;10000069;2026-10-02 08:15;2026-09-11 03:00:48
124244754;10000069;2026-10-02 09:15;2026-09-11 03:00:48
124244754;10000069;2026-10-02 09:30;2026-09-11 03:00:48
124244754;10000069;2026-10-02 12:00;2026-09-11 03:00:48
124244754;10000069;2026-10-02 10:15;2026-09-11 03:00:48
124244754;10000069;2026-10-02 11:45;2026-09-11 03:00:48
124244754;10000069;2026-10-02 12:30;2026-09-11 03:00:48
124244754;10000069;2026-10-02 07:30;2026-09-11 03:00:48
124244754;10000069;2026-10-02 07:45;2026-09-11 03:00:48
124244754;10000069;2026-10-02 08:30;2026-09-11 03:00:48
124244754;10000069;2026-10-02 08:45;2026-09-11 03:00:48
124244754;10000069;2026-10-02 09:00;2026-09-11 03:00:48
124244754;10000069;2026-10-02 11:30;2026-09-11 03:00:48
124244754;10000069;2026-10-09 17:45;2026-09-11 03:00:48
124244754;10000069;2026-10-09 18:00;2026-09-11 03:00:48
124244754;10000069;2026-10-09 14:30;2026-09-11 03:00:48
124244754;10000069;2026-10-09 14:45;2026-09-11 03:00:48
124244754;10000069;2026-10-09 15:30;2026-09-11 03:00:48
124244754;10000069;2026-10-09 16:30;2026-09-11 03:00:48
124244754;10000069;2026-10-09 16:45;2026-09-11 03:00:48
124244754;10000069;2026-10-09 18:45;2026-09-11 03:00:48
124244754;10000069;2026-10-09 19:00;2026-09-11 03:00:48
124244754;10000069;2026-10-09 17:30;2026-09-11 03:00:48
124244754;10000069;2026-10-09 18:15;2026-09-11 03:00:48
124244754;10000069;2026-10-09 18:30;2026-09-11 03:00:48
124244754;10000069;2026-10-09 19:15;2026-09-11 03:00:48
124244754;10000069;2026-10-09 14:15;2026-09-11 03:00:48
124244754;10000069;2026-10-09 15:00;2026-09-11 03:00:48
124244754;10000069;2026-10-09 15:45;2026-09-11 03:00:48
124244754;10000069;2026-10-01 14:45;2026-09-11 03:00:48
124244754;10000069;2026-10-01 15:30;2026-09-11 03:00:48
124244754;10000069;2026-10-01 16:30;2026-09-11 03:00:48
124244754;10000069;2026-10-01 16:45;2026-09-11 03:00:48
124244754;10000069;2026-10-01 17:30;2026-09-11 03:00:48
124244754;10000069;2026-10-01 18:00;2026-09-11 03:00:48
124244754;10000069;2026-10-01 15:00;2026-09-11 03:00:48
124244754;10000069;2026-10-01 15:45;2026-09-11 03:00:48
124244754;10000069;2026-10-01 17:45;2026-09-11 03:00:48
124244754;10000069;2026-10-01 18:15;2026-09-11 03:00:48
124244754;10000069;2026-10-01 18:30;2026-09-11 03:00:48
124244754;10000069;2026-10-01 18:45;2026-09-11 03:00:48
124244754;10000069;2026-10-01 19:15;2026-09-11 03:00:48
124244754;10000069;2026-10-06 08:00;2026-09-11 03:00:48
124244754;10000069;2026-10-06 08:15;2026-09-11 03:00:48
124244754;10000069;2026-10-06 08:45;2026-09-11 03:00:48
124244754;10000069;2026-10-06 09:00;2026-09-11 03:00:48
124244754;10000069;2026-10-06 11:00;2026-09-11 03:00:48
124244754;10000069;2026-10-06 11:15;2026-09-11 03:00:48
124244754;10000069;2026-10-06 12:00;2026-09-11 03:00:48
124244754;10000069;2026-10-06 07:30;2026-09-11 03:00:48
124244754;10000069;2026-10-06 07:45;2026-09-11 03:00:48
124244754;10000069;2026-10-06 08:30;2026-09-11 03:00:48
124244754;10000069;2026-10-06 09:15;2026-09-11 03:00:48
124244754;10000069;2026-10-06 09:30;2026-09-11 03:00:48
124244754;10000069;2026-10-06 09:45;2026-09-11 03:00:48
124244754;10000069;2026-10-06 11:30;2026-09-11 03:00:48
124244754;10000069;2026-10-06 11:45;2026-09-11 03:00:48
124244754;10000069;2026-10-06 12:15;2026-09-11 03:00:48
124244754;10000069;2026-10-06 12:30;2026-09-11 03:00:48
124244754;10000069;2026-10-08 08:15;2026-09-11 03:00:48
124244754;10000069;2026-10-08 08:45;2026-09-11 03:00:48
124244754;10000069;2026-10-08 09:00;2026-09-11 03:00:48
124244754;10000069;2026-10-08 11:00;2026-09-11 03:00:48
124244754;10000069;2026-10-08 11:15;2026-09-11 03:00:48
124244754;10000069;2026-10-08 12:00;2026-09-11 03:00:48
124244754;10000069;2026-10-08 07:30;2026-09-11 03:00:48
124244754;10000069;2026-10-08 07:45;2026-09-11 03:00:48
124244754;10000069;2026-10-08 08:30;2026-09-11 03:00:48
124244754;10000069;2026-10-08 09:30;2026-09-11 03:00:48
124244754;10000069;2026-10-08 09:45;2026-09-11 03:00:48
124244754;10000069;2026-10-08 11:45;2026-09-11 03:00:48
124244754;10000069;2026-10-08 12:15;2026-09-11 03:00:48
124244754;10000069;2026-10-08 12:30;2026-09-11 03:00:48
124244754;10000069;2026-10-07 14:30;2026-09-11 03:00:48
124244754;10000069;2026-10-07 14:45;2026-09-11 03:00:48
124244754;10000069;2026-10-07 16:30;2026-09-11 03:00:48
124244754;10000069;2026-10-07 16:45;2026-09-11 03:00:48
124244754;10000069;2026-10-07 17:00;2026-09-11 03:00:48
124244754;10000069;2026-10-07 17:15;2026-09-11 03:00:48
124244754;10000069;2026-10-07 18:00;2026-09-11 03:00:48
124244754;10000069;2026-10-07 18:15;2026-09-11 03:00:48
124244754;10000069;2026-10-07 19:15;2026-09-11 03:00:48
124244754;10000069;2026-10-09 15:15;2026-09-11 03:00:48
124244754;10000069;2026-10-02 12:15;2026-09-11 03:00:48
124244754;10000104;2026-09-14 14:00;2026-09-11 03:00:48
124244754;10000104;2026-09-14 14:15;2026-09-11 03:00:48
124244754;10000104;2026-09-14 14:30;2026-09-11 03:00:48
124244754;10000104;2026-09-14 14:45;2026-09-11 03:00:48
124244754;10000104;2026-09-15 08:15;2026-09-11 03:00:48
124244754;10000104;2026-09-15 08:30;2026-09-11 03:00:48
124244754;10000104;2026-09-15 08:45;2026-09-11 03:00:48
124244754;10000104;2026-09-15 09:00;2026-09-11 03:00:48
124244754;10000104;2026-09-16 08:15;2026-09-11 03:00:48
124244754;10000104;2026-09-16 08:30;2026-09-11 03:00:48
124244754;10000104;2026-09-16 08:45;2026-09-11 03:00:48
124244754;10000104;2026-09-16 09:00;2026-09-11 03:00:48
124244754;10000104;2026-09-17 14:00;2026-09-11 03:00:48
124244754;10000104;2026-09-17 14:15;2026-09-11 03:00:48
124244754;10000104;2026-09-17 14:30;2026-09-11 03:00:48
124244754;10000104;2026-09-17 14:45;2026-09-11 03:00:48
124244754;10000104;2026-09-11 08:15;2026-09-11 03:00:48
124244754;10000104;2026-09-11 08:30;2026-09-11 03:00:48
124244754;10000104;2026-09-11 08:45;2026-09-11 03:00:48
124244754;10000104;2026-09-11 09:00;2026-09-11 03:00:48
124244754;10000104;2026-10-01 14:00;2026-09-11 03:00:48
124244754;10000104;2026-10-01 14:15;2026-09-11 03:00:48
124244754;10000104;2026-10-01 14:30;2026-09-11 03:00:48
124244754;10000104;2026-10-01 14:45;2026-09-11 03:00:48
124244754;10000104;2026-10-02 07:45;2026-09-11 03:00:48
124244754;10000104;2026-10-02 08:00;2026-09-11 03:00:48
124244754;10000104;2026-10-02 08:15;2026-09-11 03:00:48
124244754;10000104;2026-10-02 08:30;2026-09-11 03:00:48
124244754;10000104;2026-10-02 08:45;2026-09-11 03:00:48
124244754;10000104;2026-10-02 09:00;2026-09-11 03:00:48
124244754;10000104;2026-10-02 09:30;2026-09-11 03:00:48
124244754;10000104;2026-10-02 09:45;2026-09-11 03:00:48
124244754;10000104;2026-10-02 10:00;2026-09-11 03:00:48
124244754;10000104;2026-10-05 14:00;2026-09-11 03:00:48
124244754;10000104;2026-10-05 14:15;2026-09-11 03:00:48
124244754;10000104;2026-10-05 14:30;2026-09-11 03:00:48
124244754;10000104;2026-10-05 14:45;2026-09-11 03:00:48
124244754;10000104;2026-10-05 15:15;2026-09-11 03:00:48
124244754;10000104;2026-10-05 15:30;2026-09-11 03:00:48
124244754;10000104;2026-10-05 15:45;2026-09-11 03:00:48
124244754;10000104;2026-10-05 16:00;2026-09-11 03:00:48
124244754;10000104;2026-10-06 07:30;2026-09-11 03:00:48
124244754;10000104;2026-10-06 07:45;2026-09-11 03:00:48
124244754;10000104;2026-10-06 08:00;2026-09-11 03:00:48
124244754;10000104;2026-10-06 08:15;2026-09-11 03:00:48
124244754;10000104;2026-10-06 08:30;2026-09-11 03:00:48
124244754;10000104;2026-10-06 08:45;2026-09-11 03:00:48
124244754;10000104;2026-10-06 09:00;2026-09-11 03:00:48
124244754;10000104;2026-10-06 09:15;2026-09-11 03:00:48
124244754;10000104;2026-10-06 09:30;2026-09-11 03:00:48
124244754;10000104;2026-10-06 09:45;2026-09-11 03:00:48
124244754;10000104;2026-10-06 10:00;2026-09-11 03:00:48
124244754;10000104;2026-10-07 07:15;2026-09-11 03:00:48
124244754;10000104;2026-10-07 07:30;2026-09-11 03:00:48
124244754;10000104;2026-10-07 07:45;2026-09-11 03:00:48
124244754;10000104;2026-10-07 08:00;2026-09-11 03:00:48
124244754;10000104;2026-10-07 08:15;2026-09-11 03:00:48
124244754;10000104;2026-10-07 08:30;2026-09-11 03:00:48
124244754;10000104;2026-10-07 08:45;2026-09-11 03:00:48
124244754;10000104;2026-10-07 09:00;2026-09-11 03:00:48
124244754;10000104;2026-10-07 09:15;2026-09-11 03:00:48
124244754;10000104;2026-10-07 09:30;2026-09-11 03:00:48
124244754;10000104;2026-10-07 09:45;2026-09-11 03:00:48
124244754;10000104;2026-10-07 10:00;2026-09-11 03:00:48
124244754;10000104;2026-10-08 14:00;2026-09-11 03:00:48
124244754;10000104;2026-10-08 14:15;2026-09-11 03:00:48
124244754;10000104;2026-10-08 14:30;2026-09-11 03:00:48
124244754;10000104;2026-10-08 14:45;2026-09-11 03:00:48
124244754;10000104;2026-10-08 15:00;2026-09-11 03:00:48
124244754;10000104;2026-10-08 15:15;2026-09-11 03:00:48
124244754;10000104;2026-10-08 15:30;2026-09-11 03:00:48
124244754;10000104;2026-10-08 15:45;2026-09-11 03:00:48
124244754;10000104;2026-10-08 16:00;2026-09-11 03:00:48
124244754;10000104;2026-10-08 16:15;2026-09-11 03:00:48
124244754;10000104;2026-10-08 16:30;2026-09-11 03:00:48
124244754;10000104;2026-10-08 16:45;2026-09-11 03:00:48
124244754;10000104;2026-10-08 17:00;2026-09-11 03:00:48
124244754;10000104;2026-10-09 07:15;2026-09-11 03:00:48
124244754;10000104;2026-10-09 07:30;2026-09-11 03:00:48
124244754;10000104;2026-10-09 07:45;2026-09-11 03:00:48
124244754;10000104;2026-10-09 08:00;2026-09-11 03:00:48
124244754;10000104;2026-10-09 08:15;2026-09-11 03:00:48
124244754;10000104;2026-10-09 08:30;2026-09-11 03:00:48
124244754;10000104;2026-10-09 08:45;2026-09-11 03:00:48
124244754;10000104;2026-10-09 09:00;2026-09-11 03:00:48
124244754;10000104;2026-10-09 09:15;2026-09-11 03:00:48
124244754;10000104;2026-10-09 09:30;2026-09-11 03:00:48
124244754;10000104;2026-10-09 09:45;2026-09-11 03:00:48
124244754;10000104;2026-10-09 10:00;2026-09-11 03:00:48
124244754;10000104;2026-10-05 15:00;2026-09-11 03:00:48
124244754;10000104;2026-09-11 07:45;2026-09-11 03:00:48
124244754;10000104;2026-09-17 15:45;2026-09-11 03:00:48
124244754;10000078;2026-09-11 12:00;2026-09-11 03:00:48
124244754;10000078;2026-09-11 12:30;2026-09-11 03:00:48
124244754;10000078;2026-09-11 12:45;2026-09-11 03:00:48
124244754;10000078;2026-09-11 12:15;2026-09-11 03:00:48
124244754;10000078;2026-09-11 11:45;2026-09-11 03:00:48
124244754;10000078;2026-09-11 11:30;2026-09-11 03:00:48
124244754;10000078;2026-09-14 14:00;2026-09-11 03:00:48
124244754;10000078;2026-09-14 14:15;2026-09-11 03:00:48
124244754;10000078;2026-09-14 14:30;2026-09-11 03:00:48
124244754;10000078;2026-09-14 14:45;2026-09-11 03:00:48
124244754;10000078;2026-09-14 15:00;2026-09-11 03:00:48
124244754;10000078;2026-09-14 15:45;2026-09-11 03:00:48
124244754;10000078;2026-09-15 08:30;2026-09-11 03:00:48
124244754;10000078;2026-09-15 12:00;2026-09-11 03:00:48
124244754;10000078;2026-09-15 12:30;2026-09-11 03:00:48
124244754;10000078;2026-09-15 08:15;2026-09-11 03:00:48
124244754;10000078;2026-09-15 09:15;2026-09-11 03:00:48
124244754;10000078;2026-09-15 12:45;2026-09-11 03:00:48
124244754;10000078;2026-09-15 12:15;2026-09-11 03:00:48
124244754;10000078;2026-09-15 11:45;2026-09-11 03:00:48
124244754;10000078;2026-09-15 11:30;2026-09-11 03:00:48
124244754;10000078;2026-09-15 08:45;2026-09-11 03:00:48
124244754;10000078;2026-09-16 14:00;2026-09-11 03:00:48
124244754;10000078;2026-09-16 14:15;2026-09-11 03:00:48
124244754;10000078;2026-09-16 14:30;2026-09-11 03:00:48
124244754;10000078;2026-09-16 14:45;2026-09-11 03:00:48
124244754;10000078;2026-09-16 15:00;2026-09-11 03:00:48
124244754;10000078;2026-09-16 15:45;2026-09-11 03:00:48
124244754;10000078;2026-09-17 07:30;2026-09-11 03:00:48
124244754;10000078;2026-09-17 08:00;2026-09-11 03:00:48
124244754;10000078;2026-09-17 09:30;2026-09-11 03:00:48
124244754;10000078;2026-09-17 12:00;2026-09-11 03:00:48
124244754;10000078;2026-09-17 12:30;2026-09-11 03:00:48
124244754;10000078;2026-09-17 07:45;2026-09-11 03:00:48
124244754;10000078;2026-09-17 08:15;2026-09-11 03:00:48
124244754;10000078;2026-09-17 10:45;2026-09-11 03:00:48
124244754;10000078;2026-09-17 12:45;2026-09-11 03:00:48
124244754;10000078;2026-09-17 12:15;2026-09-11 03:00:48
124244754;10000078;2026-09-17 11:45;2026-09-11 03:00:48
124244754;10000078;2026-09-17 10:00;2026-09-11 03:00:48
124244754;10000078;2026-09-17 10:15;2026-09-11 03:00:48
124244754;10000078;2026-09-17 11:30;2026-09-11 03:00:48
124244754;10000078;2026-09-17 09:45;2026-09-11 03:00:48
124244754;10000078;2026-09-18 14:00;2026-09-11 03:00:48
124244754;10000078;2026-09-18 14:15;2026-09-11 03:00:48
124244754;10000078;2026-09-18 14:30;2026-09-11 03:00:48
124244754;10000078;2026-09-18 14:45;2026-09-11 03:00:48
124244754;10000078;2026-09-18 15:00;2026-09-11 03:00:48
124244754;10000078;2026-09-18 17:00;2026-09-11 03:00:48
124244754;10000078;2026-09-18 17:45;2026-09-11 03:00:48
124244754;10000078;2026-09-18 18:45;2026-09-11 03:00:48
124244754;10000078;2026-09-18 15:45;2026-09-11 03:00:48
124244754;10000078;2026-09-21 07:30;2026-09-11 03:00:48
124244754;10000078;2026-09-21 08:00;2026-09-11 03:00:48
124244754;10000078;2026-09-21 08:30;2026-09-11 03:00:48
124244754;10000078;2026-09-21 09:30;2026-09-11 03:00:48
124244754;10000078;2026-09-21 12:00;2026-09-11 03:00:48
124244754;10000078;2026-09-21 12:30;2026-09-11 03:00:48
124244754;10000078;2026-09-21 07:45;2026-09-11 03:00:48
124244754;10000078;2026-09-21 08:15;2026-09-11 03:00:48
124244754;10000078;2026-09-21 09:15;2026-09-11 03:00:48
124244754;10000078;2026-09-21 10:45;2026-09-11 03:00:48
124244754;10000078;2026-09-21 12:45;2026-09-11 03:00:48
124244754;10000078;2026-09-21 12:15;2026-09-11 03:00:48
124244754;10000078;2026-09-21 11:45;2026-09-11 03:00:48
124244754;10000078;2026-09-21 11:30;2026-09-11 03:00:48
124244754;10000078;2026-09-22 14:00;2026-09-11 03:00:48
124244754;10000078;2026-09-22 14:15;2026-09-11 03:00:48
124244754;10000078;2026-09-22 14:30;2026-09-11 03:00:48
124244754;10000078;2026-09-22 14:45;2026-09-11 03:00:48
124244754;10000078;2026-09-22 15:00;2026-09-11 03:00:48
124244754;10000078;2026-09-22 16:45;2026-09-11 03:00:48
124244754;10000078;2026-09-22 17:00;2026-09-11 03:00:48
124244754;10000078;2026-09-22 17:45;2026-09-11 03:00:48
124244754;10000078;2026-09-22 18:00;2026-09-11 03:00:48
124244754;10000078;2026-09-22 18:15;2026-09-11 03:00:48
124244754;10000078;2026-09-22 18:30;2026-09-11 03:00:48
124244754;10000078;2026-09-22 18:45;2026-09-11 03:00:48
124244754;10000078;2026-09-22 19:00;2026-09-11 03:00:48
124244754;10000078;2026-09-22 19:15;2026-09-11 03:00:48
124244754;10000078;2026-09-22 16:00;2026-09-11 03:00:48
124244754;10000078;2026-09-22 16:30;2026-09-11 03:00:48
124244754;10000078;2026-09-22 15:45;2026-09-11 03:00:48
124244754;10000078;2026-09-23 07:30;2026-09-11 03:00:48
124244754;10000078;2026-09-23 08:00;2026-09-11 03:00:48
124244754;10000078;2026-09-23 08:30;2026-09-11 03:00:48
124244754;10000078;2026-09-23 09:00;2026-09-11 03:00:48
124244754;10000078;2026-09-23 09:30;2026-09-11 03:00:48
124244754;10000078;2026-09-23 12:00;2026-09-11 03:00:48
124244754;10000078;2026-09-23 12:30;2026-09-11 03:00:48
124244754;10000078;2026-09-23 07:45;2026-09-11 03:00:48
124244754;10000078;2026-09-23 08:15;2026-09-11 03:00:48
124244754;10000078;2026-09-23 09:15;2026-09-11 03:00:48
124244754;10000078;2026-09-23 10:45;2026-09-11 03:00:48
124244754;10000078;2026-09-23 12:45;2026-09-11 03:00:48
124244754;10000078;2026-09-23 12:15;2026-09-11 03:00:48
124244754;10000078;2026-09-23 11:45;2026-09-11 03:00:48
124244754;10000078;2026-09-23 11:30;2026-09-11 03:00:48
124244754;10000078;2026-09-23 09:45;2026-09-11 03:00:48
124244754;10000078;2026-09-23 08:45;2026-09-11 03:00:48
124244754;10000078;2026-09-24 14:00;2026-09-11 03:00:48
124244754;10000078;2026-09-24 14:15;2026-09-11 03:00:48
124244754;10000078;2026-09-24 14:30;2026-09-11 03:00:48
124244754;10000078;2026-09-24 14:45;2026-09-11 03:00:48
124244754;10000078;2026-09-24 15:00;2026-09-11 03:00:48
124244754;10000078;2026-09-24 16:45;2026-09-11 03:00:48
124244754;10000078;2026-09-24 17:00;2026-09-11 03:00:48
124244754;10000078;2026-09-24 17:15;2026-09-11 03:00:48
124244754;10000078;2026-09-24 18:15;2026-09-11 03:00:48
124244754;10000078;2026-09-24 18:45;2026-09-11 03:00:48
124244754;10000078;2026-09-24 19:00;2026-09-11 03:00:48
124244754;10000078;2026-09-24 19:15;2026-09-11 03:00:48
124244754;10000078;2026-09-24 16:30;2026-09-11 03:00:48
124244754;10000078;2026-09-24 15:45;2026-09-11 03:00:48
124244754;10000078;2026-09-25 07:30;2026-09-11 03:00:48
124244754;10000078;2026-09-25 08:00;2026-09-11 03:00:48
124244754;10000078;2026-09-25 08:30;2026-09-11 03:00:48
124244754;10000078;2026-09-25 09:00;2026-09-11 03:00:48
124244754;10000078;2026-09-25 09:30;2026-09-11 03:00:48
124244754;10000078;2026-09-25 12:00;2026-09-11 03:00:48
124244754;10000078;2026-09-25 12:30;2026-09-11 03:00:48
124244754;10000078;2026-09-25 07:45;2026-09-11 03:00:48
124244754;10000078;2026-09-25 08:15;2026-09-11 03:00:48
124244754;10000078;2026-09-25 09:15;2026-09-11 03:00:48
124244754;10000078;2026-09-25 12:45;2026-09-11 03:00:48
124244754;10000078;2026-09-25 12:15;2026-09-11 03:00:48
124244754;10000078;2026-09-25 11:45;2026-09-11 03:00:48
124244754;10000078;2026-09-25 11:30;2026-09-11 03:00:48
124244754;10000078;2026-09-25 08:45;2026-09-11 03:00:48
124244754;10000078;2026-10-05 08:30;2026-09-11 03:00:48
124244754;10000078;2026-10-05 09:00;2026-09-11 03:00:48
124244754;10000078;2026-10-05 09:30;2026-09-11 03:00:48
124244754;10000078;2026-10-05 12:00;2026-09-11 03:00:48
124244754;10000078;2026-10-05 12:30;2026-09-11 03:00:48
124244754;10000078;2026-10-05 08:15;2026-09-11 03:00:48
124244754;10000078;2026-10-05 09:15;2026-09-11 03:00:48
124244754;10000078;2026-10-05 12:45;2026-09-11 03:00:48
124244754;10000078;2026-10-05 12:15;2026-09-11 03:00:48
124244754;10000078;2026-10-05 11:45;2026-09-11 03:00:48
124244754;10000078;2026-10-05 11:30;2026-09-11 03:00:48
124244754;10000078;2026-10-05 08:45;2026-09-11 03:00:48
124244754;10000078;2026-09-11 08:45;2026-09-11 03:00:48
124244754;10171004;2026-09-30 10:30;2026-09-11 03:00:48
124244754;10171004;2026-09-30 10:45;2026-09-11 03:00:48
124244754;10171004;2026-09-30 11:00;2026-09-11 03:00:48
124244754;10171004;2026-09-30 11:15;2026-09-11 03:00:48
124244754;10171004;2026-09-30 11:30;2026-09-11 03:00:48
124244754;10171004;2026-09-30 11:45;2026-09-11 03:00:48
124244754;10171004;2026-09-30 13:00;2026-09-11 03:00:48
124244754;10171004;2026-09-30 13:15;2026-09-11 03:00:48
124244754;10171004;2026-09-30 13:30;2026-09-11 03:00:48
124244754;10171004;2026-09-30 13:45;2026-09-11 03:00:48
124244754;10171004;2026-09-30 12:00;2026-09-11 03:00:48
124244754;10171004;2026-10-01 09:15;2026-09-11 03:00:48
124244754;10171004;2026-10-01 09:30;2026-09-11 03:00:48
124244754;10171004;2026-10-01 09:45;2026-09-11 03:00:48
124244754;10171004;2026-10-01 10:15;2026-09-11 03:00:48
124244754;10171004;2026-10-01 10:45;2026-09-11 03:00:48
124244754;10171004;2026-10-01 11:00;2026-09-11 03:00:48
124244754;10171004;2026-10-01 11:15;2026-09-11 03:00:48
124244754;10171004;2026-10-01 11:30;2026-09-11 03:00:48
124244754;10171004;2026-10-01 11:45;2026-09-11 03:00:48
124244754;10171004;2026-10-01 12:45;2026-09-11 03:00:48
124244754;10171004;2026-10-01 13:00;2026-09-11 03:00:48
124244754;10171004;2026-10-01 13:30;2026-09-11 03:00:48
124244754;10171004;2026-10-01 13:45;2026-09-11 03:00:48
124244754;10171004;2026-10-01 14:00;2026-09-11 03:00:48
124244754;10171004;2026-10-01 12:30;2026-09-11 03:00:48
124244754;10171004;2026-10-02 09:00;2026-09-11 03:00:48
124244754;10171004;2026-10-02 09:15;2026-09-11 03:00:48
124244754;10171004;2026-10-02 09:45;2026-09-11 03:00:48
124244754;10171004;2026-10-02 10:00;2026-09-11 03:00:48
124244754;10171004;2026-10-02 10:15;2026-09-11 03:00:48
124244754;10171004;2026-10-02 10:45;2026-09-11 03:00:48
124244754;10171004;2026-10-02 11:00;2026-09-11 03:00:48
124244754;10171004;2026-10-02 11:15;2026-09-11 03:00:48
124244754;10171004;2026-10-02 11:30;2026-09-11 03:00:48
124244754;10171004;2026-10-02 11:45;2026-09-11 03:00:48
124244754;10171004;2026-10-02 12:45;2026-09-11 03:00:48
124244754;10171004;2026-10-02 13:00;2026-09-11 03:00:48
124244754;10171004;2026-10-02 13:15;2026-09-11 03:00:48
124244754;10171004;2026-10-02 13:30;2026-09-11 03:00:48
124244754;10171004;2026-10-02 12:30;2026-09-11 03:00:48
124244754;10171004;2026-10-01 10:30;2026-09-11 03:00:48
124244754;10171004;2026-10-01 14:15;2026-09-11 03:00:48
124244754;10171004;2026-10-02 10:30;2026-09-11 03:00:48
124244754;10171004;2026-10-02 14:15;2026-09-11 03:00:48
124244754;10171004;2026-10-05 09:15;2026-09-11 03:00:48
124244754;10171004;2026-10-05 09:30;2026-09-11 03:00:48
124244754;10171004;2026-10-05 09:45;2026-09-11 03:00:48
124244754;10171004;2026-10-05 10:00;2026-09-11 03:00:48
124244754;10171004;2026-10-05 10:45;2026-09-11 03:00:48
124244754;10171004;2026-10-05 11:00;2026-09-11 03:00:48
124244754;10171004;2026-10-05 11:15;2026-09-11 03:00:48
124244754;10171004;2026-10-05 11:30;2026-09-11 03:00:48
124244754;10171004;2026-10-05 11:45;2026-09-11 03:00:48
124244754;10171004;2026-10-05 12:45;2026-09-11 03:00:48
124244754;10171004;2026-10-05 13:00;2026-09-11 03:00:48
124244754;10171004;2026-10-05 13:15;2026-09-11 03:00:48
124244754;10171004;2026-10-05 13:30;2026-09-11 03:00:48
124244754;10171004;2026-10-05 13:45;2026-09-11 03:00:48
124244754;10171004;2026-10-05 14:00;2026-09-11 03:00:48
124244754;10171004;2026-10-05 12:30;2026-09-11 03:00:48
124244754;10171004;2026-10-06 09:00;2026-09-11 03:00:48
124244754;10171004;2026-10-06 09:15;2026-09-11 03:00:48
124244754;10171004;2026-10-06 09:30;2026-09-11 03:00:48
124244754;10171004;2026-10-06 09:45;2026-09-11 03:00:48
124244754;10171004;2026-10-06 10:00;2026-09-11 03:00:48
124244754;10171004;2026-10-06 10:15;2026-09-11 03:00:48
124244754;10171004;2026-10-06 10:45;2026-09-11 03:00:48
124244754;10171004;2026-10-06 11:00;2026-09-11 03:00:48
124244754;10171004;2026-10-06 11:15;2026-09-11 03:00:48
124244754;10171004;2026-10-06 11:30;2026-09-11 03:00:48
124244754;10171004;2026-10-06 11:45;2026-09-11 03:00:48
124244754;10171004;2026-10-06 12:45;2026-09-11 03:00:48
124244754;10171004;2026-10-06 13:15;2026-09-11 03:00:48
124244754;10171004;2026-10-06 13:30;2026-09-11 03:00:48
124244754;10171004;2026-10-06 13:45;2026-09-11 03:00:48
124244754;10171004;2026-10-06 14:00;2026-09-11 03:00:48
124244754;10171004;2026-10-06 12:30;2026-09-11 03:00:48
124244754;10171004;2026-10-07 09:00;2026-09-11 03:00:48
124244754;10171004;2026-10-07 09:15;2026-09-11 03:00:48
124244754;10171004;2026-10-07 09:45;2026-09-11 03:00:48
124244754;10171004;2026-10-07 10:00;2026-09-11 03:00:48
124244754;10171004;2026-10-07 10:15;2026-09-11 03:00:48
124244754;10171004;2026-10-07 10:45;2026-09-11 03:00:48
124244754;10171004;2026-10-07 11:00;2026-09-11 03:00:48
124244754;10171004;2026-10-07 11:15;2026-09-11 03:00:48
124244754;10171004;2026-10-07 11:30;2026-09-11 03:00:48
124244754;10171004;2026-10-07 11:45;2026-09-11 03:00:48
124244754;10171004;2026-10-07 13:00;2026-09-11 03:00:48
124244754;10171004;2026-10-07 13:15;2026-09-11 03:00:48
124244754;10171004;2026-10-07 13:30;2026-09-11 03:00:48
124244754;10171004;2026-10-07 13:45;2026-09-11 03:00:48
124244754;10171004;2026-10-07 14:00;2026-09-11 03:00:48
124244754;10171004;2026-10-08 09:00;2026-09-11 03:00:48
124244754;10171004;2026-10-08 09:15;2026-09-11 03:00:48
124244754;10171004;2026-10-08 09:45;2026-09-11 03:00:48
124244754;10171004;2026-10-08 10:45;2026-09-11 03:00:48
124244754;10171004;2026-10-08 11:00;2026-09-11 03:00:48
124244754;10171004;2026-10-08 11:15;2026-09-11 03:00:48
124244754;10171004;2026-10-08 11:30;2026-09-11 03:00:48
124244754;10171004;2026-10-08 11:45;2026-09-11 03:00:48
124244754;10171004;2026-10-08 12:45;2026-09-11 03:00:48
124244754;10171004;2026-10-08 13:15;2026-09-11 03:00:48
124244754;10171004;2026-10-08 13:30;2026-09-11 03:00:48
124244754;10171004;2026-10-08 13:45;2026-09-11 03:00:48
124244754;10171004;2026-10-08 14:00;2026-09-11 03:00:48
124244754;10171004;2026-10-08 12:30;2026-09-11 03:00:48
124244754;10171004;2026-10-09 09:00;2026-09-11 03:00:48
124244754;10171004;2026-10-09 09:15;2026-09-11 03:00:48
124244754;10171004;2026-10-09 09:30;2026-09-11 03:00:48
124244754;10171004;2026-10-09 09:45;2026-09-11 03:00:48
124244754;10171004;2026-10-09 10:00;2026-09-11 03:00:48
124244754;10171004;2026-10-09 10:45;2026-09-11 03:00:48
124244754;10171004;2026-10-09 11:00;2026-09-11 03:00:48
124244754;10171004;2026-10-09 11:15;2026-09-11 03:00:48
124244754;10171004;2026-10-09 11:30;2026-09-11 03:00:48
124244754;10171004;2026-10-09 11:45;2026-09-11 03:00:48
124244754;10171004;2026-10-09 12:45;2026-09-11 03:00:48
124244754;10171004;2026-10-09 13:00;2026-09-11 03:00:48
124244754;10171004;2026-10-09 13:30;2026-09-11 03:00:48
124244754;10171004;2026-10-09 14:00;2026-09-11 03:00:48
124244754;10171004;2026-10-05 10:30;2026-09-11 03:00:48
124244754;10171004;2026-10-05 14:15;2026-09-11 03:00:48
124244754;10171004;2026-10-06 10:30;2026-09-11 03:00:48
124244754;10171004;2026-10-06 14:15;2026-09-11 03:00:48
124244754;10171004;2026-10-07 10:30;2026-09-11 03:00:48
124244754;10171004;2026-10-07 14:15;2026-09-11 03:00:48
124244754;10171004;2026-10-08 10:30;2026-09-11 03:00:48
124244754;10171004;2026-10-09 10:30;2026-09-11 03:00:48
124244754;10171004;2026-10-09 14:15;2026-09-11 03:00:48
124244754;10171004;2026-09-11 10:45;2026-09-11 03:00:48
124244754;10171004;2026-09-11 11:00;2026-09-11 03:00:48
124244754;10171004;2026-09-11 11:15;2026-09-11 03:00:48
124244754;10171004;2026-09-11 11:30;2026-09-11 03:00:48
124244754;10171004;2026-09-11 11:45;2026-09-11 03:00:48
124244754;10171004;2026-09-11 10:30;2026-09-11 03:00:48
124244754;10171004;2026-09-14 10:45;2026-09-11 03:00:48
124244754;10171004;2026-09-14 11:00;2026-09-11 03:00:48
124244754;10171004;2026-09-14 11:15;2026-09-11 03:00:48
124244754;10171004;2026-09-14 11:30;2026-09-11 03:00:48
124244754;10171004;2026-09-14 11:45;2026-09-11 03:00:48
124244754;10171004;2026-09-14 10:30;2026-09-11 03:00:48
124244754;10171004;2026-09-15 10:45;2026-09-11 03:00:48
124244754;10171004;2026-09-15 11:00;2026-09-11 03:00:48
124244754;10171004;2026-09-15 11:15;2026-09-11 03:00:48
124244754;10171004;2026-09-15 11:30;2026-09-11 03:00:48
124244754;10171004;2026-09-15 11:45;2026-09-11 03:00:48
124244754;10171004;2026-09-15 10:30;2026-09-11 03:00:48
124244754;10171004;2026-09-16 10:45;2026-09-11 03:00:48
124244754;10171004;2026-09-16 11:00;2026-09-11 03:00:48
124244754;10171004;2026-09-16 11:15;2026-09-11 03:00:48
124244754;10171004;2026-09-16 11:30;2026-09-11 03:00:48
124244754;10171004;2026-09-16 11:45;2026-09-11 03:00:48
124244754;10171004;2026-09-16 10:30;2026-09-11 03:00:48
124244754;10171004;2026-09-17 10:45;2026-09-11 03:00:48
124244754;10171004;2026-09-17 11:00;2026-09-11 03:00:48
124244754;10171004;2026-09-17 11:15;2026-09-11 03:00:48
124244754;10171004;2026-09-17 11:30;2026-09-11 03:00:48
124244754;10171004;2026-09-17 11:45;2026-09-11 03:00:48
124244754;10171004;2026-09-17 10:30;2026-09-11 03:00:48
124244754;10171004;2026-09-18 10:45;2026-09-11 03:00:48
124244754;10171004;2026-09-18 11:00;2026-09-11 03:00:48
124244754;10171004;2026-09-18 11:15;2026-09-11 03:00:48
124244754;10171004;2026-09-18 11:30;2026-09-11 03:00:48
124244754;10171004;2026-09-18 11:45;2026-09-11 03:00:48
124244754;10171004;2026-09-18 10:30;2026-09-11 03:00:48
124244754;10171004;2026-09-21 10:45;2026-09-11 03:00:48
124244754;10171004;2026-09-21 11:00;2026-09-11 03:00:48
124244754;10171004;2026-09-21 11:15;2026-09-11 03:00:48
124244754;10171004;2026-09-21 11:30;2026-09-11 03:00:48
124244754;10171004;2026-09-21 11:45;2026-09-11 03:00:48
124244754;10171004;2026-09-21 10:30;2026-09-11 03:00:48
124244754;10171004;2026-09-22 10:45;2026-09-11 03:00:48
124244754;10171004;2026-09-22 11:00;2026-09-11 03:00:48
124244754;10171004;2026-09-22 11:15;2026-09-11 03:00:48
124244754;10171004;2026-09-22 11:30;2026-09-11 03:00:48
124244754;10171004;2026-09-22 11:45;2026-09-11 03:00:48
124244754;10171004;2026-09-22 10:30;2026-09-11 03:00:48
124244754;10171004;2026-09-23 10:45;2026-09-11 03:00:48
124244754;10171004;2026-09-23 11:00;2026-09-11 03:00:48
124244754;10171004;2026-09-23 11:15;2026-09-11 03:00:48
124244754;10171004;2026-09-23 11:30;2026-09-11 03:00:48
124244754;10171004;2026-09-23 11:45;2026-09-11 03:00:48
124244754;10171004;2026-09-23 10:30;2026-09-11 03:00:48
124244754;10171004;2026-09-24 10:45;2026-09-11 03:00:48
124244754;10171004;2026-09-24 11:00;2026-09-11 03:00:48
124244754;10171004;2026-09-24 11:15;2026-09-11 03:00:48
124244754;10171004;2026-09-24 11:30;2026-09-11 03:00:48
124244754;10171004;2026-09-24 11:45;2026-09-11 03:00:48
124244754;10171004;2026-09-24 10:30;2026-09-11 03:00:48
124244754;10171004;2026-09-25 10:45;2026-09-11 03:00:48
124244754;10171004;2026-09-25 11:00;2026-09-11 03:00:48
124244754;10171004;2026-09-25 11:15;2026-09-11 03:00:48
124244754;10171004;2026-09-25 11:30;2026-09-11 03:00:48
124244754;10171004;2026-09-25 11:45;2026-09-11 03:00:48
124244754;10171004;2026-09-25 10:30;2026-09-11 03:00:48
124244754;10171004;2026-09-25 14:15;2026-09-11 03:00:48
124244754;10171004;2026-09-28 10:45;2026-09-11 03:00:48
124244754;10171004;2026-09-28 11:00;2026-09-11 03:00:48
124244754;10171004;2026-09-28 11:15;2026-09-11 03:00:48
124244754;10171004;2026-09-28 11:30;2026-09-11 03:00:48
124244754;10171004;2026-09-28 11:45;2026-09-11 03:00:48
124244754;10171004;2026-09-28 10:30;2026-09-11 03:00:48
124244754;10171004;2026-09-28 14:15;2026-09-11 03:00:48
124244754;10171004;2026-09-29 10:45;2026-09-11 03:00:48
124244754;10171004;2026-09-29 11:00;2026-09-11 03:00:48
124244754;10171004;2026-09-29 11:15;2026-09-11 03:00:48
124244754;10171004;2026-09-29 11:30;2026-09-11 03:00:48
124244754;10171004;2026-09-29 11:45;2026-09-11 03:00:48
124244754;10171004;2026-09-29 10:30;2026-09-11 03:00:48
124244754;10171004;2026-09-29 14:15;2026-09-11 03:00:48
124244754;10171004;2026-10-05 09:00;2026-09-11 03:00:48
124244754;10171004;2026-09-30 10:15;2026-09-11 03:00:48
124244754;10171004;2026-09-14 14:15;2026-09-11 03:00:48
124244754;10171004;2026-09-29 09:00;2026-09-11 03:00:48
124244754;10248839;2026-09-14 17:45;2026-09-11 03:00:48
124244754;10248839;2026-09-14 18:00;2026-09-11 03:00:48
124244754;10248839;2026-09-14 16:45;2026-09-11 03:00:48
124244754;10248839;2026-09-14 17:00;2026-09-11 03:00:48
124244754;10248839;2026-09-14 17:15;2026-09-11 03:00:48
124244754;10248839;2026-09-17 09:15;2026-09-11 03:00:48
124244754;10248839;2026-09-17 10:00;2026-09-11 03:00:48
124244754;10248839;2026-09-17 12:00;2026-09-11 03:00:48
124244754;10248839;2026-09-17 12:15;2026-09-11 03:00:48
124244754;10248839;2026-09-17 12:30;2026-09-11 03:00:48
124244754;10248839;2026-09-17 11:00;2026-09-11 03:00:48
124244754;10248839;2026-09-17 11:15;2026-09-11 03:00:48
124244754;10248839;2026-09-28 16:30;2026-09-11 03:00:48
124244754;10248839;2026-09-28 16:45;2026-09-11 03:00:48
124244754;10248839;2026-09-28 15:30;2026-09-11 03:00:48
124244754;10248839;2026-09-28 15:45;2026-09-11 03:00:48
124244754;10248839;2026-09-28 17:45;2026-09-11 03:00:48
124244754;10248839;2026-09-28 14:30;2026-09-11 03:00:48
124244754;10248839;2026-09-28 17:30;2026-09-11 03:00:48
124244754;10248839;2026-09-28 18:00;2026-09-11 03:00:48
124244754;10248839;2026-09-28 18:15;2026-09-11 03:00:48
124244754;10248839;2026-09-11 09:15;2026-09-11 03:00:48
124244754;10248839;2026-09-11 09:00;2026-09-11 03:00:48
124244754;10248839;2026-09-11 08:30;2026-09-11 03:00:48
124244754;10248839;2026-09-11 08:45;2026-09-11 03:00:48
124244754;10248839;2026-09-21 08:00;2026-09-11 03:00:48
124244754;10248839;2026-09-21 09:15;2026-09-11 03:00:48
124244754;10248839;2026-09-21 09:00;2026-09-11 03:00:48
124244754;10248839;2026-09-21 08:15;2026-09-11 03:00:48
124244754;10248839;2026-09-21 08:30;2026-09-11 03:00:48
124244754;10248839;2026-09-21 08:45;2026-09-11 03:00:48
124244754;10248839;2026-09-21 10:15;2026-09-11 03:00:48
124244754;10248839;2026-09-21 11:30;2026-09-11 03:00:48
124244754;10248839;2026-09-21 11:45;2026-09-11 03:00:48
124244754;10248839;2026-09-21 10:00;2026-09-11 03:00:48
124244754;10248839;2026-09-21 12:00;2026-09-11 03:00:48
124244754;10248839;2026-09-21 12:15;2026-09-11 03:00:48
124244754;10248839;2026-09-21 12:30;2026-09-11 03:00:48
124244754;10248839;2026-09-21 10:45;2026-09-11 03:00:48
124244754;10248839;2026-09-21 11:00;2026-09-11 03:00:48
124244754;10248839;2026-09-21 11:15;2026-09-11 03:00:48
124244754;10248839;2026-09-25 08:00;2026-09-11 03:00:48
124244754;10248839;2026-09-25 09:15;2026-09-11 03:00:48
124244754;10248839;2026-09-25 09:00;2026-09-11 03:00:48
124244754;10248839;2026-09-25 08:15;2026-09-11 03:00:48
124244754;10248839;2026-09-25 08:30;2026-09-11 03:00:48
124244754;10248839;2026-09-25 08:45;2026-09-11 03:00:48
124244754;10248839;2026-09-25 10:15;2026-09-11 03:00:48
124244754;10248839;2026-09-25 11:30;2026-09-11 03:00:48
124244754;10248839;2026-09-25 11:45;2026-09-11 03:00:48
124244754;10248839;2026-09-25 10:00;2026-09-11 03:00:48
124244754;10248839;2026-09-25 12:00;2026-09-11 03:00:48
124244754;10248839;2026-09-25 12:15;2026-09-11 03:00:48
124244754;10248839;2026-09-25 10:30;2026-09-11 03:00:48
124244754;10248839;2026-09-25 10:45;2026-09-11 03:00:48
124244754;10248839;2026-09-25 11:00;2026-09-11 03:00:48
124244754;10248839;2026-09-25 11:15;2026-09-11 03:00:48
124244754;10248839;2026-09-18 16:30;2026-09-11 03:00:48
124244754;10248839;2026-09-18 16:45;2026-09-11 03:00:48
124244754;10248839;2026-09-18 14:45;2026-09-11 03:00:48
124244754;10248839;2026-09-18 15:00;2026-09-11 03:00:48
124244754;10248839;2026-09-18 15:30;2026-09-11 03:00:48
124244754;10248839;2026-09-18 15:45;2026-09-11 03:00:48
124244754;10248839;2026-09-18 15:15;2026-09-11 03:00:48
124244754;10248839;2026-09-18 17:45;2026-09-11 03:00:48
124244754;10248839;2026-09-18 17:00;2026-09-11 03:00:48
124244754;10248839;2026-09-18 17:30;2026-09-11 03:00:48
124244754;10248839;2026-09-18 17:15;2026-09-11 03:00:48
124244754;10248839;2026-09-18 18:15;2026-09-11 03:00:48
124244754;10248839;2026-09-16 16:30;2026-09-11 03:00:48
124244754;10248839;2026-09-16 16:45;2026-09-11 03:00:48
124244754;10248839;2026-09-16 14:15;2026-09-11 03:00:48
124244754;10248839;2026-09-16 14:30;2026-09-11 03:00:48
124244754;10248839;2026-09-16 17:30;2026-09-11 03:00:48
124244754;10248839;2026-09-16 14:00;2026-09-11 03:00:48
124244754;10248839;2026-09-16 17:15;2026-09-11 03:00:48
124244754;10248839;2026-09-16 14:45;2026-09-11 03:00:48
124244754;10248839;2026-09-16 15:00;2026-09-11 03:00:48
124244754;10248839;2026-09-16 15:15;2026-09-11 03:00:48
124244754;10248839;2026-09-22 16:30;2026-09-11 03:00:48
124244754;10248839;2026-09-22 16:45;2026-09-11 03:00:48
124244754;10248839;2026-09-22 17:45;2026-09-11 03:00:48
124244754;10248839;2026-09-22 14:15;2026-09-11 03:00:48
124244754;10248839;2026-09-22 14:30;2026-09-11 03:00:48
124244754;10248839;2026-09-22 17:00;2026-09-11 03:00:48
124244754;10248839;2026-09-22 17:30;2026-09-11 03:00:48
124244754;10248839;2026-09-22 14:00;2026-09-11 03:00:48
124244754;10248839;2026-09-22 17:15;2026-09-11 03:00:48
124244754;10248839;2026-09-22 18:00;2026-09-11 03:00:48
124244754;10248839;2026-09-22 18:30;2026-09-11 03:00:48
124244754;10248839;2026-09-22 18:45;2026-09-11 03:00:48
124244754;10248839;2026-09-22 14:45;2026-09-11 03:00:48
124244754;10248839;2026-09-22 15:00;2026-09-11 03:00:48
124244754;10248839;2026-09-22 15:30;2026-09-11 03:00:48
124244754;10248839;2026-09-22 15:45;2026-09-11 03:00:48
124244754;10248839;2026-09-22 15:15;2026-09-11 03:00:48
124244754;10248839;2026-09-24 16:30;2026-09-11 03:00:48
124244754;10248839;2026-09-24 16:45;2026-09-11 03:00:48
124244754;10248839;2026-09-24 17:45;2026-09-11 03:00:48
124244754;10248839;2026-09-24 14:15;2026-09-11 03:00:48
124244754;10248839;2026-09-24 14:30;2026-09-11 03:00:48
124244754;10248839;2026-09-24 17:00;2026-09-11 03:00:48
124244754;10248839;2026-09-24 17:30;2026-09-11 03:00:48
124244754;10248839;2026-09-24 17:15;2026-09-11 03:00:48
124244754;10248839;2026-09-24 18:00;2026-09-11 03:00:48
124244754;10248839;2026-09-24 18:15;2026-09-11 03:00:48
124244754;10248839;2026-09-24 18:30;2026-09-11 03:00:48
124244754;10248839;2026-09-24 14:45;2026-09-11 03:00:48
124244754;10248839;2026-09-24 15:00;2026-09-11 03:00:48
124244754;10248839;2026-09-24 15:30;2026-09-11 03:00:48
124244754;10248839;2026-09-24 15:45;2026-09-11 03:00:48
124244754;10248839;2026-09-24 15:15;2026-09-11 03:00:48
124244754;10248839;2026-09-30 16:30;2026-09-11 03:00:48
124244754;10248839;2026-09-30 16:45;2026-09-11 03:00:48
124244754;10248839;2026-09-30 17:45;2026-09-11 03:00:48
124244754;10248839;2026-09-30 14:15;2026-09-11 03:00:48
124244754;10248839;2026-09-30 14:30;2026-09-11 03:00:48
124244754;10248839;2026-09-30 17:00;2026-09-11 03:00:48
124244754;10248839;2026-09-30 17:30;2026-09-11 03:00:48
124244754;10248839;2026-09-30 14:00;2026-09-11 03:00:48
124244754;10248839;2026-09-30 17:15;2026-09-11 03:00:48
124244754;10248839;2026-09-30 18:00;2026-09-11 03:00:48
124244754;10248839;2026-09-30 18:15;2026-09-11 03:00:48
124244754;10248839;2026-09-30 18:30;2026-09-11 03:00:48
124244754;10248839;2026-09-30 18:45;2026-09-11 03:00:48
124244754;10248839;2026-09-30 14:45;2026-09-11 03:00:48
124244754;10248839;2026-09-30 15:00;2026-09-11 03:00:48
124244754;10248839;2026-09-30 15:30;2026-09-11 03:00:48
124244754;10248839;2026-09-30 15:45;2026-09-11 03:00:48
124244754;10248839;2026-09-30 15:15;2026-09-11 03:00:48
124244754;10248839;2026-09-15 09:15;2026-09-11 03:00:48
124244754;10248839;2026-09-15 09:00;2026-09-11 03:00:48
124244754;10248839;2026-09-15 08:00;2026-09-11 03:00:48
124244754;10248839;2026-09-15 11:30;2026-09-11 03:00:48
124244754;10248839;2026-09-15 12:00;2026-09-11 03:00:48
124244754;10248839;2026-09-15 11:15;2026-09-11 03:00:48
124244754;10248839;2026-09-15 10:00;2026-09-11 03:00:48
124244754;10248839;2026-09-15 10:15;2026-09-11 03:00:48
124244754;10248839;2026-09-23 09:15;2026-09-11 03:00:48
124244754;10248839;2026-09-23 09:00;2026-09-11 03:00:48
124244754;10248839;2026-09-23 08:45;2026-09-11 03:00:48
124244754;10248839;2026-09-23 08:15;2026-09-11 03:00:48
124244754;10248839;2026-09-23 08:30;2026-09-11 03:00:48
124244754;10248839;2026-09-23 11:30;2026-09-11 03:00:48
124244754;10248839;2026-09-23 11:45;2026-09-11 03:00:48
124244754;10248839;2026-09-23 12:00;2026-09-11 03:00:48
124244754;10248839;2026-09-23 12:15;2026-09-11 03:00:48
124244754;10248839;2026-09-23 12:30;2026-09-11 03:00:48
124244754;10248839;2026-09-23 10:30;2026-09-11 03:00:48
124244754;10248839;2026-09-23 10:45;2026-09-11 03:00:48
124244754;10248839;2026-09-23 11:00;2026-09-11 03:00:48
124244754;10248839;2026-09-23 11:15;2026-09-11 03:00:48
124244754;10248839;2026-09-23 10:00;2026-09-11 03:00:48
124244754;10248839;2026-09-23 10:15;2026-09-11 03:00:48
124244754;10248839;2026-09-29 09:15;2026-09-11 03:00:48
124244754;10248839;2026-09-29 09:00;2026-09-11 03:00:48
124244754;10248839;2026-09-29 08:45;2026-09-11 03:00:48
124244754;10248839;2026-09-29 08:00;2026-09-11 03:00:48
124244754;10248839;2026-09-29 08:15;2026-09-11 03:00:48
124244754;10248839;2026-09-29 11:30;2026-09-11 03:00:48
124244754;10248839;2026-09-29 11:45;2026-09-11 03:00:48
124244754;10248839;2026-09-29 12:00;2026-09-11 03:00:48
124244754;10248839;2026-09-29 12:15;2026-09-11 03:00:48
124244754;10248839;2026-09-29 11:00;2026-09-11 03:00:48
124244754;10248839;2026-09-29 11:15;2026-09-11 03:00:48
124244754;10248839;2026-09-29 10:00;2026-09-11 03:00:48
124244754;10248839;2026-09-29 10:15;2026-09-11 03:00:48
124244754;10248839;2026-10-09 08:00;2026-09-11 03:00:48
124244754;10248839;2026-10-09 09:15;2026-09-11 03:00:48
124244754;10248839;2026-10-09 09:00;2026-09-11 03:00:48
124244754;10248839;2026-10-09 08:15;2026-09-11 03:00:48
124244754;10248839;2026-10-09 08:30;2026-09-11 03:00:48
124244754;10248839;2026-10-09 08:45;2026-09-11 03:00:48
124244754;10248839;2026-10-09 10:15;2026-09-11 03:00:48
124244754;10248839;2026-10-09 11:30;2026-09-11 03:00:48
124244754;10248839;2026-10-09 11:45;2026-09-11 03:00:48
124244754;10248839;2026-10-09 10:00;2026-09-11 03:00:48
124244754;10248839;2026-10-09 12:00;2026-09-11 03:00:48
124244754;10248839;2026-10-09 12:15;2026-09-11 03:00:48
124244754;10248839;2026-10-09 12:30;2026-09-11 03:00:48
124244754;10248839;2026-10-09 11:00;2026-09-11 03:00:48
124244754;10248839;2026-10-09 11:15;2026-09-11 03:00:48
124244754;10248839;2026-10-02 16:30;2026-09-11 03:00:48
124244754;10248839;2026-10-02 16:45;2026-09-11 03:00:48
124244754;10248839;2026-10-02 14:45;2026-09-11 03:00:48
124244754;10248839;2026-10-02 15:00;2026-09-11 03:00:48
124244754;10248839;2026-10-02 15:30;2026-09-11 03:00:48
124244754;10248839;2026-10-02 15:45;2026-09-11 03:00:48
124244754;10248839;2026-10-02 15:15;2026-09-11 03:00:48
124244754;10248839;2026-10-02 17:45;2026-09-11 03:00:48
124244754;10248839;2026-10-02 14:15;2026-09-11 03:00:48
124244754;10248839;2026-10-02 14:30;2026-09-11 03:00:48
124244754;10248839;2026-10-02 17:00;2026-09-11 03:00:48
124244754;10248839;2026-10-02 17:30;2026-09-11 03:00:48
124244754;10248839;2026-10-02 14:00;2026-09-11 03:00:48
124244754;10248839;2026-10-02 17:15;2026-09-11 03:00:48
124244754;10248839;2026-10-02 18:00;2026-09-11 03:00:48
124244754;10248839;2026-10-02 18:15;2026-09-11 03:00:48
124244754;10248839;2026-10-02 18:30;2026-09-11 03:00:48
124244754;10248839;2026-10-06 16:30;2026-09-11 03:00:48
124244754;10248839;2026-10-06 16:45;2026-09-11 03:00:48
124244754;10248839;2026-10-06 17:45;2026-09-11 03:00:48
124244754;10248839;2026-10-06 14:15;2026-09-11 03:00:48
124244754;10248839;2026-10-06 14:30;2026-09-11 03:00:48
124244754;10248839;2026-10-06 17:00;2026-09-11 03:00:48
124244754;10248839;2026-10-06 17:30;2026-09-11 03:00:48
124244754;10248839;2026-10-06 14:00;2026-09-11 03:00:48
124244754;10248839;2026-10-06 17:15;2026-09-11 03:00:48
124244754;10248839;2026-10-06 18:00;2026-09-11 03:00:48
124244754;10248839;2026-10-06 18:15;2026-09-11 03:00:48
124244754;10248839;2026-10-06 18:30;2026-09-11 03:00:48
124244754;10248839;2026-10-06 18:45;2026-09-11 03:00:48
124244754;10248839;2026-10-06 14:45;2026-09-11 03:00:48
124244754;10248839;2026-10-06 15:00;2026-09-11 03:00:48
124244754;10248839;2026-10-06 15:30;2026-09-11 03:00:48
124244754;10248839;2026-10-06 15:45;2026-09-11 03:00:48
124244754;10248839;2026-10-06 15:15;2026-09-11 03:00:48
124244754;10248839;2026-10-08 17:45;2026-09-11 03:00:48
124244754;10248839;2026-10-08 18:00;2026-09-11 03:00:48
124244754;10248839;2026-10-08 16:30;2026-09-11 03:00:48
124244754;10248839;2026-10-08 16:45;2026-09-11 03:00:48
124244754;10248839;2026-10-08 17:00;2026-09-11 03:00:48
124244754;10248839;2026-10-08 17:15;2026-09-11 03:00:48
124244754;10248839;2026-10-08 17:30;2026-09-11 03:00:48
124244754;10248839;2026-10-08 18:15;2026-09-11 03:00:48
124244754;10248839;2026-10-08 18:30;2026-09-11 03:00:48
124244754;10248839;2026-10-05 09:15;2026-09-11 03:00:48
124244754;10248839;2026-10-05 09:00;2026-09-11 03:00:48
124244754;10248839;2026-10-05 08:45;2026-09-11 03:00:48
124244754;10248839;2026-10-05 08:30;2026-09-11 03:00:48
124244754;10248839;2026-10-05 11:30;2026-09-11 03:00:48
124244754;10248839;2026-10-05 11:45;2026-09-11 03:00:48
124244754;10248839;2026-10-05 12:00;2026-09-11 03:00:48
124244754;10248839;2026-10-05 12:15;2026-09-11 03:00:48
124244754;10248839;2026-10-05 12:30;2026-09-11 03:00:48
124244754;10248839;2026-10-05 10:30;2026-09-11 03:00:48
124244754;10248839;2026-10-05 10:45;2026-09-11 03:00:48
124244754;10248839;2026-10-05 11:00;2026-09-11 03:00:48
124244754;10248839;2026-10-05 11:15;2026-09-11 03:00:48
124244754;10248839;2026-10-05 10:00;2026-09-11 03:00:48
124244754;10248839;2026-10-05 10:15;2026-09-11 03:00:48
124244754;10248839;2026-10-07 08:30;2026-09-11 03:00:48
124244754;10248839;2026-10-07 09:15;2026-09-11 03:00:48
124244754;10248839;2026-10-07 10:00;2026-09-11 03:00:48
124244754;10248839;2026-10-07 12:00;2026-09-11 03:00:48
124244754;10248839;2026-10-07 12:15;2026-09-11 03:00:48
124244754;10248839;2026-10-07 12:30;2026-09-11 03:00:48
124244754;10248839;2026-10-07 11:00;2026-09-11 03:00:48
124244754;10248839;2026-10-07 11:15;2026-09-11 03:00:48
124244754;10248839;2026-10-01 09:15;2026-09-11 03:00:48
124244754;10248839;2026-10-01 09:00;2026-09-11 03:00:48
124244754;10248839;2026-10-01 08:45;2026-09-11 03:00:48
124244754;10248839;2026-10-01 08:00;2026-09-11 03:00:48
124244754;10248839;2026-10-01 08:15;2026-09-11 03:00:48
124244754;10248839;2026-10-01 08:30;2026-09-11 03:00:48
124244754;10248839;2026-10-01 11:30;2026-09-11 03:00:48
124244754;10248839;2026-10-01 11:45;2026-09-11 03:00:48
124244754;10248839;2026-10-01 12:00;2026-09-11 03:00:48
124244754;10248839;2026-10-01 12:15;2026-09-11 03:00:48
124244754;10248839;2026-10-01 12:30;2026-09-11 03:00:48
124244754;10248839;2026-10-01 10:30;2026-09-11 03:00:48
124244754;10248839;2026-10-01 10:45;2026-09-11 03:00:48
124244754;10248839;2026-10-01 11:00;2026-09-11 03:00:48
124244754;10248839;2026-10-01 11:15;2026-09-11 03:00:48
124244754;10248839;2026-10-01 10:00;2026-09-11 03:00:48
124244754;10248839;2026-10-01 10:15;2026-09-11 03:00:48
124244754;10248839;2026-09-29 10:30;2026-09-11 03:00:48
124244754;10248839;2026-09-29 10:45;2026-09-11 03:00:48
124244754;10248839;2026-09-29 12:30;2026-09-11 03:00:48
124244754;10248839;2026-10-02 18:45;2026-09-11 03:00:48
124244754;10248839;2026-09-15 08:45;2026-09-11 03:00:48
124244754;10464763;2026-09-11 09:30;2026-09-11 03:00:48
124244754;10464763;2026-09-11 11:30;2026-09-11 03:00:48
124244754;10464763;2026-09-21 14:15;2026-09-11 03:00:48
124244754;10464763;2026-09-21 15:00;2026-09-11 03:00:48
124244754;10464763;2026-09-21 15:45;2026-09-11 03:00:48
124244754;10464763;2026-09-21 17:00;2026-09-11 03:00:48
124244754;10464763;2026-09-21 17:30;2026-09-11 03:00:48
124244754;10464763;2026-09-22 09:15;2026-09-11 03:00:48
124244754;10464763;2026-09-22 11:15;2026-09-11 03:00:48
124244754;10464763;2026-09-23 15:00;2026-09-11 03:00:48
124244754;10464763;2026-09-23 17:00;2026-09-11 03:00:48
124244754;10464763;2026-09-23 17:15;2026-09-11 03:00:48
124244754;10464763;2026-09-23 17:30;2026-09-11 03:00:48
124244754;10464763;2026-09-24 07:45;2026-09-11 03:00:48
124244754;10464763;2026-09-24 08:30;2026-09-11 03:00:48
124244754;10464763;2026-09-24 08:45;2026-09-11 03:00:48
124244754;10464763;2026-09-24 09:15;2026-09-11 03:00:48
124244754;10464763;2026-09-24 09:30;2026-09-11 03:00:48
124244754;10464763;2026-09-24 11:15;2026-09-11 03:00:48
124244754;10464763;2026-09-24 11:30;2026-09-11 03:00:48
124244754;10464763;2026-09-24 11:45;2026-09-11 03:00:48
124244754;10464763;2026-09-24 12:00;2026-09-11 03:00:48
124244754;10464763;2026-09-24 12:15;2026-09-11 03:00:48
124244754;10464763;2026-09-25 07:45;2026-09-11 03:00:48
124244754;10464763;2026-09-25 08:15;2026-09-11 03:00:48
124244754;10464763;2026-09-25 08:30;2026-09-11 03:00:48
124244754;10464763;2026-09-25 08:45;2026-09-11 03:00:48
124244754;10464763;2026-09-25 09:00;2026-09-11 03:00:48
124244754;10464763;2026-09-25 09:15;2026-09-11 03:00:48
124244754;10464763;2026-09-25 09:30;2026-09-11 03:00:48
124244754;10464763;2026-09-25 09:45;2026-09-11 03:00:48
124244754;10464763;2026-09-25 10:30;2026-09-11 03:00:48
124244754;10464763;2026-09-25 10:45;2026-09-11 03:00:48
124244754;10464763;2026-09-25 11:30;2026-09-11 03:00:48
124244754;10464763;2026-09-25 11:45;2026-09-11 03:00:48
124244754;10464763;2026-09-25 12:15;2026-09-11 03:00:48
124244754;10464763;2026-09-28 14:00;2026-09-11 03:00:48
124244754;10464763;2026-09-28 14:15;2026-09-11 03:00:48
124244754;10464763;2026-09-28 15:00;2026-09-11 03:00:48
124244754;10464763;2026-09-28 15:15;2026-09-11 03:00:48
124244754;10464763;2026-09-28 15:30;2026-09-11 03:00:48
124244754;10464763;2026-09-28 15:45;2026-09-11 03:00:48
124244754;10464763;2026-09-28 17:00;2026-09-11 03:00:48
124244754;10464763;2026-09-28 17:15;2026-09-11 03:00:48
124244754;10464763;2026-09-28 17:30;2026-09-11 03:00:48
124244754;10464763;2026-09-28 17:45;2026-09-11 03:00:48
124244754;10464763;2026-09-28 18:00;2026-09-11 03:00:48
124244754;10464763;2026-09-28 18:15;2026-09-11 03:00:48
124244754;10464763;2026-09-28 18:45;2026-09-11 03:00:48
124244754;10464763;2026-09-28 19:00;2026-09-11 03:00:48
124244754;10464763;2026-09-28 19:15;2026-09-11 03:00:48
124244754;10464763;2026-09-29 07:30;2026-09-11 03:00:48
124244754;10464763;2026-09-29 07:45;2026-09-11 03:00:48
124244754;10464763;2026-09-29 08:00;2026-09-11 03:00:48
124244754;10464763;2026-09-29 08:15;2026-09-11 03:00:48
124244754;10464763;2026-09-29 08:30;2026-09-11 03:00:48
124244754;10464763;2026-09-29 08:45;2026-09-11 03:00:48
124244754;10464763;2026-09-29 09:00;2026-09-11 03:00:48
124244754;10464763;2026-09-29 09:15;2026-09-11 03:00:48
124244754;10464763;2026-09-29 09:30;2026-09-11 03:00:48
124244754;10464763;2026-09-29 09:45;2026-09-11 03:00:48
124244754;10464763;2026-09-29 11:00;2026-09-11 03:00:48
124244754;10464763;2026-09-29 11:15;2026-09-11 03:00:48
124244754;10464763;2026-09-29 11:30;2026-09-11 03:00:48
124244754;10464763;2026-09-29 11:45;2026-09-11 03:00:48
124244754;10464763;2026-09-29 12:00;2026-09-11 03:00:48
124244754;10464763;2026-09-29 12:15;2026-09-11 03:00:48
124244754;10464763;2026-09-29 12:30;2026-09-11 03:00:48
124244754;10464763;2026-09-29 12:45;2026-09-11 03:00:48
124244754;10464763;2026-09-30 14:30;2026-09-11 03:00:48
124244754;10464763;2026-09-30 14:45;2026-09-11 03:00:48
124244754;10464763;2026-09-30 15:00;2026-09-11 03:00:48
124244754;10464763;2026-09-30 15:15;2026-09-11 03:00:48
124244754;10464763;2026-09-30 15:30;2026-09-11 03:00:48
124244754;10464763;2026-09-30 15:45;2026-09-11 03:00:48
124244754;10464763;2026-09-30 17:00;2026-09-11 03:00:48
124244754;10464763;2026-09-30 17:45;2026-09-11 03:00:48
124244754;10464763;2026-09-30 18:15;2026-09-11 03:00:48
124244754;10464763;2026-09-30 18:30;2026-09-11 03:00:48
124244754;10464763;2026-09-30 18:45;2026-09-11 03:00:48
124244754;10464763;2026-09-30 19:00;2026-09-11 03:00:48
124244754;10464763;2026-09-30 19:15;2026-09-11 03:00:48
124244754;10464763;2026-10-01 07:45;2026-09-11 03:00:48
124244754;10464763;2026-10-01 08:00;2026-09-11 03:00:48
124244754;10464763;2026-10-01 08:15;2026-09-11 03:00:48
124244754;10464763;2026-10-01 08:30;2026-09-11 03:00:48
124244754;10464763;2026-10-01 08:45;2026-09-11 03:00:48
124244754;10464763;2026-10-01 09:15;2026-09-11 03:00:48
124244754;10464763;2026-10-01 09:45;2026-09-11 03:00:48
124244754;10464763;2026-10-01 11:00;2026-09-11 03:00:48
124244754;10464763;2026-10-01 11:15;2026-09-11 03:00:48
124244754;10464763;2026-10-01 11:30;2026-09-11 03:00:48
124244754;10464763;2026-10-01 11:45;2026-09-11 03:00:48
124244754;10464763;2026-10-01 12:00;2026-09-11 03:00:48
124244754;10464763;2026-10-01 12:15;2026-09-11 03:00:48
124244754;10464763;2026-10-01 12:30;2026-09-11 03:00:48
124244754;10464763;2026-10-01 12:45;2026-09-11 03:00:48
124244754;10464763;2026-10-02 14:15;2026-09-11 03:00:48
124244754;10464763;2026-10-02 14:45;2026-09-11 03:00:48
124244754;10464763;2026-10-02 15:00;2026-09-11 03:00:48
124244754;10464763;2026-10-02 15:15;2026-09-11 03:00:48
124244754;10464763;2026-10-02 15:30;2026-09-11 03:00:48
124244754;10464763;2026-10-02 15:45;2026-09-11 03:00:48
124244754;10464763;2026-10-02 17:00;2026-09-11 03:00:48
124244754;10464763;2026-10-02 17:15;2026-09-11 03:00:48
124244754;10464763;2026-10-02 17:30;2026-09-11 03:00:48
124244754;10464763;2026-10-02 17:45;2026-09-11 03:00:48
124244754;10464763;2026-10-02 18:00;2026-09-11 03:00:48
124244754;10464763;2026-10-02 18:15;2026-09-11 03:00:48
124244754;10464763;2026-10-02 18:30;2026-09-11 03:00:48
124244754;10464763;2026-10-02 18:45;2026-09-11 03:00:48
124244754;10464763;2026-10-02 19:00;2026-09-11 03:00:48
124244754;10464763;2026-10-02 19:15;2026-09-11 03:00:48
124244754;10464763;2026-10-05 14:00;2026-09-11 03:00:48
124244754;10464763;2026-10-05 14:15;2026-09-11 03:00:48
124244754;10464763;2026-10-05 14:30;2026-09-11 03:00:48
124244754;10464763;2026-10-05 14:45;2026-09-11 03:00:48
124244754;10464763;2026-10-05 15:00;2026-09-11 03:00:48
124244754;10464763;2026-10-05 15:15;2026-09-11 03:00:48
124244754;10464763;2026-10-05 15:30;2026-09-11 03:00:48
124244754;10464763;2026-10-05 15:45;2026-09-11 03:00:48
124244754;10464763;2026-10-05 17:00;2026-09-11 03:00:48
124244754;10464763;2026-10-05 17:15;2026-09-11 03:00:48
124244754;10464763;2026-10-05 17:30;2026-09-11 03:00:48
124244754;10464763;2026-10-05 17:45;2026-09-11 03:00:48
124244754;10464763;2026-10-05 18:00;2026-09-11 03:00:48
124244754;10464763;2026-10-05 18:15;2026-09-11 03:00:48
124244754;10464763;2026-10-05 18:30;2026-09-11 03:00:48
124244754;10464763;2026-10-05 18:45;2026-09-11 03:00:48
124244754;10464763;2026-10-05 19:00;2026-09-11 03:00:48
124244754;10464763;2026-10-05 19:15;2026-09-11 03:00:48
124244754;10464763;2026-10-06 07:30;2026-09-11 03:00:48
124244754;10464763;2026-10-06 07:45;2026-09-11 03:00:48
124244754;10464763;2026-10-06 08:15;2026-09-11 03:00:48
124244754;10464763;2026-10-06 08:30;2026-09-11 03:00:48
124244754;10464763;2026-10-06 08:45;2026-09-11 03:00:48
124244754;10464763;2026-10-06 09:15;2026-09-11 03:00:48
124244754;10464763;2026-10-06 09:30;2026-09-11 03:00:48
124244754;10464763;2026-10-06 09:45;2026-09-11 03:00:48
124244754;10464763;2026-10-06 11:15;2026-09-11 03:00:48
124244754;10464763;2026-10-06 11:30;2026-09-11 03:00:48
124244754;10464763;2026-10-06 12:00;2026-09-11 03:00:48
124244754;10464763;2026-10-06 12:15;2026-09-11 03:00:48
124244754;10464763;2026-10-06 12:30;2026-09-11 03:00:48
124244754;10464763;2026-10-06 12:45;2026-09-11 03:00:48
124244754;10464763;2026-10-07 14:00;2026-09-11 03:00:48
124244754;10464763;2026-10-07 14:15;2026-09-11 03:00:48
124244754;10464763;2026-10-07 14:30;2026-09-11 03:00:48
124244754;10464763;2026-10-07 14:45;2026-09-11 03:00:48
124244754;10464763;2026-10-07 15:00;2026-09-11 03:00:48
124244754;10464763;2026-10-07 15:15;2026-09-11 03:00:48
124244754;10464763;2026-10-07 15:30;2026-09-11 03:00:48
124244754;10464763;2026-10-07 15:45;2026-09-11 03:00:48
124244754;10464763;2026-10-07 17:00;2026-09-11 03:00:48
124244754;10464763;2026-10-07 17:15;2026-09-11 03:00:48
124244754;10464763;2026-10-07 17:30;2026-09-11 03:00:48
124244754;10464763;2026-10-07 17:45;2026-09-11 03:00:48
124244754;10464763;2026-10-07 18:00;2026-09-11 03:00:48
124244754;10464763;2026-10-07 18:15;2026-09-11 03:00:48
124244754;10464763;2026-10-07 18:30;2026-09-11 03:00:48
124244754;10464763;2026-10-07 18:45;2026-09-11 03:00:48
124244754;10464763;2026-10-07 19:00;2026-09-11 03:00:48
124244754;10464763;2026-10-07 19:15;2026-09-11 03:00:48
124244754;10464763;2026-10-08 07:30;2026-09-11 03:00:48
124244754;10464763;2026-10-08 07:45;2026-09-11 03:00:48
124244754;10464763;2026-10-08 08:00;2026-09-11 03:00:48
124244754;10464763;2026-10-08 08:15;2026-09-11 03:00:48
124244754;10464763;2026-10-08 08:30;2026-09-11 03:00:48
124244754;10464763;2026-10-08 08:45;2026-09-11 03:00:48
124244754;10464763;2026-10-08 09:00;2026-09-11 03:00:48
124244754;10464763;2026-10-08 09:15;2026-09-11 03:00:48
124244754;10464763;2026-10-08 09:30;2026-09-11 03:00:48
124244754;10464763;2026-10-08 09:45;2026-09-11 03:00:48
124244754;10464763;2026-10-08 11:00;2026-09-11 03:00:48
124244754;10464763;2026-10-08 11:15;2026-09-11 03:00:48
124244754;10464763;2026-10-08 11:30;2026-09-11 03:00:48
124244754;10464763;2026-10-08 11:45;2026-09-11 03:00:48
124244754;10464763;2026-10-08 12:00;2026-09-11 03:00:48
124244754;10464763;2026-10-08 12:15;2026-09-11 03:00:48
124244754;10464763;2026-10-08 12:30;2026-09-11 03:00:48
124244754;10464763;2026-10-08 12:45;2026-09-11 03:00:48
124244754;10464763;2026-10-09 07:30;2026-09-11 03:00:48
124244754;10464763;2026-10-09 07:45;2026-09-11 03:00:48
124244754;10464763;2026-10-09 08:00;2026-09-11 03:00:48
124244754;10464763;2026-10-09 08:15;2026-09-11 03:00:48
124244754;10464763;2026-10-09 08:30;2026-09-11 03:00:48
124244754;10464763;2026-10-09 08:45;2026-09-11 03:00:48
124244754;10464763;2026-10-09 09:00;2026-09-11 03:00:48
124244754;10464763;2026-10-09 09:15;2026-09-11 03:00:48
124244754;10464763;2026-10-09 09:30;2026-09-11 03:00:48
124244754;10464763;2026-10-09 10:45;2026-09-11 03:00:48
124244754;10464763;2026-10-09 11:15;2026-09-11 03:00:48
124244754;10464763;2026-10-09 11:30;2026-09-11 03:00:48
124244754;10464763;2026-10-09 11:45;2026-09-11 03:00:48
124244754;10464763;2026-10-09 12:00;2026-09-11 03:00:48
124244754;10464763;2026-10-09 12:15;2026-09-11 03:00:48
124244754;10382275;2026-09-21 18:45;2026-09-11 03:00:48
124244754;10382275;2026-09-21 19:00;2026-09-11 03:00:48
124244754;10382275;2026-09-21 17:45;2026-09-11 03:00:48
124244754;10382275;2026-09-21 18:00;2026-09-11 03:00:48
124244754;10382275;2026-09-21 19:15;2026-09-11 03:00:48
124244754;10382275;2026-09-21 14:15;2026-09-11 03:00:48
124244754;10382275;2026-09-21 14:30;2026-09-11 03:00:48
124244754;10382275;2026-09-21 14:45;2026-09-11 03:00:48
124244754;10382275;2026-09-21 15:00;2026-09-11 03:00:48
124244754;10382275;2026-09-21 15:15;2026-09-11 03:00:48
124244754;10382275;2026-09-21 15:30;2026-09-11 03:00:48
124244754;10382275;2026-09-21 16:30;2026-09-11 03:00:48
124244754;10382275;2026-09-21 16:45;2026-09-11 03:00:48
124244754;10382275;2026-09-14 11:00;2026-09-11 03:00:48
124244754;10382275;2026-09-14 11:15;2026-09-11 03:00:48
124244754;10382275;2026-09-14 11:30;2026-09-11 03:00:48
124244754;10382275;2026-09-14 08:00;2026-09-11 03:00:48
124244754;10382275;2026-09-14 08:15;2026-09-11 03:00:48
124244754;10382275;2026-09-14 09:15;2026-09-11 03:00:48
124244754;10382275;2026-09-14 09:30;2026-09-11 03:00:48
124244754;10382275;2026-09-11 16:30;2026-09-11 03:00:48
124244754;10382275;2026-09-11 16:45;2026-09-11 03:00:48
124244754;10382275;2026-09-25 17:45;2026-09-11 03:00:48
124244754;10382275;2026-09-25 18:00;2026-09-11 03:00:48
124244754;10382275;2026-09-25 14:45;2026-09-11 03:00:48
124244754;10382275;2026-09-25 15:30;2026-09-11 03:00:48
124244754;10382275;2026-09-25 16:30;2026-09-11 03:00:48
124244754;10382275;2026-09-25 16:45;2026-09-11 03:00:48
124244754;10382275;2026-09-25 18:45;2026-09-11 03:00:48
124244754;10382275;2026-09-25 19:00;2026-09-11 03:00:48
124244754;10382275;2026-09-25 17:30;2026-09-11 03:00:48
124244754;10382275;2026-09-25 18:15;2026-09-11 03:00:48
124244754;10382275;2026-09-25 18:30;2026-09-11 03:00:48
124244754;10382275;2026-09-25 19:15;2026-09-11 03:00:48
124244754;10382275;2026-09-25 14:15;2026-09-11 03:00:48
124244754;10382275;2026-09-25 15:00;2026-09-11 03:00:48
124244754;10382275;2026-09-18 11:15;2026-09-11 03:00:48
124244754;10382275;2026-09-18 08:00;2026-09-11 03:00:48
124244754;10382275;2026-09-18 08:15;2026-09-11 03:00:48
124244754;10382275;2026-09-18 09:15;2026-09-11 03:00:48
124244754;10382275;2026-09-18 09:30;2026-09-11 03:00:48
124244754;10382275;2026-09-18 11:45;2026-09-11 03:00:48
124244754;10382275;2026-09-18 07:45;2026-09-11 03:00:48
124244754;10382275;2026-09-18 08:30;2026-09-11 03:00:48
124244754;10382275;2026-09-18 08:45;2026-09-11 03:00:48
124244754;10382275;2026-09-18 11:30;2026-09-11 03:00:48
124244754;10382275;2026-09-17 15:30;2026-09-11 03:00:48
124244754;10382275;2026-09-17 16:30;2026-09-11 03:00:48
124244754;10382275;2026-09-17 17:30;2026-09-11 03:00:48
124244754;10382275;2026-09-17 15:00;2026-09-11 03:00:48
124244754;10382275;2026-09-17 15:45;2026-09-11 03:00:48
124244754;10382275;2026-09-17 19:00;2026-09-11 03:00:48
124244754;10382275;2026-09-17 19:15;2026-09-11 03:00:48
124244754;10382275;2026-09-23 15:30;2026-09-11 03:00:48
124244754;10382275;2026-09-23 16:30;2026-09-11 03:00:48
124244754;10382275;2026-09-23 16:45;2026-09-11 03:00:48
124244754;10382275;2026-09-23 17:30;2026-09-11 03:00:48
124244754;10382275;2026-09-23 18:00;2026-09-11 03:00:48
124244754;10382275;2026-09-23 14:15;2026-09-11 03:00:48
124244754;10382275;2026-09-23 15:00;2026-09-11 03:00:48
124244754;10382275;2026-09-23 15:45;2026-09-11 03:00:48
124244754;10382275;2026-09-23 17:45;2026-09-11 03:00:48
124244754;10382275;2026-09-23 18:15;2026-09-11 03:00:48
124244754;10382275;2026-09-23 18:30;2026-09-11 03:00:48
124244754;10382275;2026-09-23 18:45;2026-09-11 03:00:48
124244754;10382275;2026-09-23 19:00;2026-09-11 03:00:48
124244754;10382275;2026-09-23 19:15;2026-09-11 03:00:48
124244754;10382275;2026-09-16 08:45;2026-09-11 03:00:48
124244754;10382275;2026-09-16 09:00;2026-09-11 03:00:48
124244754;10382275;2026-09-16 11:00;2026-09-11 03:00:48
124244754;10382275;2026-09-16 11:15;2026-09-11 03:00:48
124244754;10382275;2026-09-22 08:00;2026-09-11 03:00:48
124244754;10382275;2026-09-22 08:15;2026-09-11 03:00:48
124244754;10382275;2026-09-22 08:45;2026-09-11 03:00:48
124244754;10382275;2026-09-22 09:00;2026-09-11 03:00:48
124244754;10382275;2026-09-22 11:00;2026-09-11 03:00:48
124244754;10382275;2026-09-22 11:15;2026-09-11 03:00:48
124244754;10382275;2026-09-22 12:00;2026-09-11 03:00:48
124244754;10382275;2026-09-22 07:30;2026-09-11 03:00:48
124244754;10382275;2026-09-22 07:45;2026-09-11 03:00:48
124244754;10382275;2026-09-22 08:30;2026-09-11 03:00:48
124244754;10382275;2026-09-22 09:30;2026-09-11 03:00:48
124244754;10382275;2026-09-22 09:45;2026-09-11 03:00:48
124244754;10382275;2026-09-22 11:45;2026-09-11 03:00:48
124244754;10382275;2026-09-22 12:15;2026-09-11 03:00:48
124244754;10382275;2026-09-22 12:30;2026-09-11 03:00:48
124244754;10382275;2026-09-15 14:30;2026-09-11 03:00:48
124244754;10382275;2026-09-15 14:45;2026-09-11 03:00:48
124244754;10382275;2026-09-15 16:30;2026-09-11 03:00:48
124244754;10382275;2026-09-15 16:45;2026-09-11 03:00:48
124244754;10382275;2026-09-15 17:15;2026-09-11 03:00:48
124244754;10382275;2026-10-05 18:45;2026-09-11 03:00:48
124244754;10382275;2026-10-05 19:00;2026-09-11 03:00:48
124244754;10382275;2026-10-05 17:30;2026-09-11 03:00:48
124244754;10382275;2026-10-05 17:45;2026-09-11 03:00:48
124244754;10382275;2026-10-05 18:00;2026-09-11 03:00:48
124244754;10382275;2026-10-05 18:15;2026-09-11 03:00:48
124244754;10382275;2026-10-05 18:30;2026-09-11 03:00:48
124244754;10382275;2026-10-05 19:15;2026-09-11 03:00:48
124244754;10382275;2026-10-05 14:00;2026-09-11 03:00:48
124244754;10382275;2026-10-05 14:15;2026-09-11 03:00:48
124244754;10382275;2026-10-05 14:30;2026-09-11 03:00:48
124244754;10382275;2026-10-05 14:45;2026-09-11 03:00:48
124244754;10382275;2026-10-05 15:00;2026-09-11 03:00:48
124244754;10382275;2026-10-05 15:15;2026-09-11 03:00:48
124244754;10382275;2026-10-05 15:30;2026-09-11 03:00:48
124244754;10382275;2026-10-05 16:30;2026-09-11 03:00:48
124244754;10382275;2026-10-05 16:45;2026-09-11 03:00:48
124244754;10382275;2026-10-07 14:30;2026-09-11 03:00:48
124244754;10382275;2026-10-07 14:45;2026-09-11 03:00:48
124244754;10382275;2026-10-07 15:30;2026-09-11 03:00:48
124244754;10382275;2026-10-07 16:30;2026-09-11 03:00:48
124244754;10382275;2026-10-07 16:45;2026-09-11 03:00:48
124244754;10382275;2026-10-07 17:30;2026-09-11 03:00:48
124244754;10382275;2026-10-07 18:00;2026-09-11 03:00:48
124244754;10382275;2026-10-07 14:00;2026-09-11 03:00:48
124244754;10382275;2026-10-07 14:15;2026-09-11 03:00:48
124244754;10382275;2026-10-07 15:00;2026-09-11 03:00:48
124244754;10382275;2026-10-07 15:15;2026-09-11 03:00:48
124244754;10382275;2026-10-07 15:45;2026-09-11 03:00:48
124244754;10382275;2026-10-07 17:45;2026-09-11 03:00:48
124244754;10382275;2026-10-07 18:15;2026-09-11 03:00:48
124244754;10382275;2026-10-07 18:30;2026-09-11 03:00:48
124244754;10382275;2026-10-07 18:45;2026-09-11 03:00:48
124244754;10382275;2026-10-07 19:00;2026-09-11 03:00:48
124244754;10382275;2026-10-07 19:15;2026-09-11 03:00:48
124244754;10382275;2026-10-06 08:00;2026-09-11 03:00:48
124244754;10382275;2026-10-06 08:15;2026-09-11 03:00:48
124244754;10382275;2026-10-06 08:45;2026-09-11 03:00:48
124244754;10382275;2026-10-06 09:00;2026-09-11 03:00:48
124244754;10382275;2026-10-06 11:00;2026-09-11 03:00:48
124244754;10382275;2026-10-06 11:15;2026-09-11 03:00:48
124244754;10382275;2026-10-06 12:00;2026-09-11 03:00:48
124244754;10382275;2026-10-06 07:30;2026-09-11 03:00:48
124244754;10382275;2026-10-06 07:45;2026-09-11 03:00:48
124244754;10382275;2026-10-06 08:30;2026-09-11 03:00:48
124244754;10382275;2026-10-06 09:30;2026-09-11 03:00:48
124244754;10382275;2026-10-06 09:45;2026-09-11 03:00:48
124244754;10382275;2026-10-06 11:30;2026-09-11 03:00:48
124244754;10382275;2026-10-06 11:45;2026-09-11 03:00:48
124244754;10382275;2026-10-06 12:15;2026-09-11 03:00:48
124244754;10382275;2026-10-06 12:30;2026-09-11 03:00:48
124244754;10382275;2026-10-08 08:00;2026-09-11 03:00:48
124244754;10382275;2026-10-08 08:15;2026-09-11 03:00:48
124244754;10382275;2026-10-08 08:45;2026-09-11 03:00:48
124244754;10382275;2026-10-08 09:00;2026-09-11 03:00:48
124244754;10382275;2026-10-08 11:00;2026-09-11 03:00:48
124244754;10382275;2026-10-08 11:15;2026-09-11 03:00:48
124244754;10382275;2026-10-08 12:00;2026-09-11 03:00:48
124244754;10382275;2026-10-08 07:30;2026-09-11 03:00:48
124244754;10382275;2026-10-08 07:45;2026-09-11 03:00:48
124244754;10382275;2026-10-08 08:30;2026-09-11 03:00:48
124244754;10382275;2026-10-08 09:15;2026-09-11 03:00:48
124244754;10382275;2026-10-08 09:30;2026-09-11 03:00:48
124244754;10382275;2026-10-08 09:45;2026-09-11 03:00:48
124244754;10382275;2026-10-08 11:30;2026-09-11 03:00:48
124244754;10382275;2026-10-08 11:45;2026-09-11 03:00:48
124244754;10382275;2026-10-08 12:15;2026-09-11 03:00:48
124244754;10382275;2026-10-09 14:30;2026-09-11 03:00:48
124244754;10382275;2026-10-09 14:45;2026-09-11 03:00:48
124244754;10382275;2026-10-09 16:30;2026-09-11 03:00:48
124244754;10382275;2026-10-09 16:45;2026-09-11 03:00:48
124244754;10382275;2026-10-09 17:00;2026-09-11 03:00:48
124244754;10382275;2026-10-09 17:15;2026-09-11 03:00:48
124244754;10382275;2026-10-09 18:00;2026-09-11 03:00:48
124244754;10382275;2026-10-09 18:15;2026-09-11 03:00:48
124244754;10382275;2026-10-09 18:30;2026-09-11 03:00:48
124244754;10382275;2026-10-09 19:15;2026-09-11 03:00:48
124244754;10382275;2026-09-24 10:00;2026-09-11 03:00:48
124244754;10382275;2026-09-24 10:15;2026-09-11 03:00:48
124244754;10382275;2026-09-24 11:00;2026-09-11 03:00:48
124244754;10382275;2026-09-24 11:45;2026-09-11 03:00:48
124244754;10382275;2026-09-24 12:00;2026-09-11 03:00:48
124244754;10382275;2026-09-24 08:00;2026-09-11 03:00:48
124244754;10382275;2026-09-17 17:45;2026-09-11 03:00:48
124244754;10001991;2026-09-11 14:30;2026-09-11 03:00:48
124244754;10001991;2026-09-11 17:30;2026-09-11 03:00:48
124244754;10001991;2026-09-14 09:30;2026-09-11 03:00:48
124244754;10001991;2026-09-14 10:30;2026-09-11 03:00:48
124244754;10001991;2026-09-14 11:00;2026-09-11 03:00:48
124244754;10001991;2026-09-14 11:45;2026-09-11 03:00:48
124244754;10001991;2026-09-14 12:30;2026-09-11 03:00:48
124244754;10001991;2026-09-15 14:15;2026-09-11 03:00:48
124244754;10001991;2026-09-15 14:30;2026-09-11 03:00:48
124244754;10001991;2026-09-15 15:00;2026-09-11 03:00:48
124244754;10001991;2026-09-15 15:30;2026-09-11 03:00:48
124244754;10001991;2026-09-15 17:00;2026-09-11 03:00:48
124244754;10001991;2026-09-16 07:45;2026-09-11 03:00:48
124244754;10001991;2026-09-16 08:30;2026-09-11 03:00:48
124244754;10001991;2026-09-16 09:30;2026-09-11 03:00:48
124244754;10001991;2026-09-16 10:30;2026-09-11 03:00:48
124244754;10001991;2026-09-16 11:45;2026-09-11 03:00:48
124244754;10001991;2026-09-17 14:15;2026-09-11 03:00:48
124244754;10001991;2026-09-17 14:30;2026-09-11 03:00:48
124244754;10001991;2026-09-17 15:00;2026-09-11 03:00:48
124244754;10001991;2026-09-17 15:30;2026-09-11 03:00:48
124244754;10001991;2026-09-17 16:00;2026-09-11 03:00:48
124244754;10001991;2026-09-17 17:00;2026-09-11 03:00:48
124244754;10001991;2026-09-17 18:00;2026-09-11 03:00:48
124244754;10001991;2026-09-18 10:45;2026-09-11 03:00:48
124244754;10001991;2026-09-18 11:15;2026-09-11 03:00:48
124244754;10001991;2026-09-18 12:15;2026-09-11 03:00:48
124244754;10001991;2026-09-21 07:45;2026-09-11 03:00:48
124244754;10001991;2026-09-21 09:30;2026-09-11 03:00:48
124244754;10001991;2026-09-21 10:30;2026-09-11 03:00:48
124244754;10001991;2026-09-21 11:00;2026-09-11 03:00:48
124244754;10001991;2026-09-21 11:45;2026-09-11 03:00:48
124244754;10001991;2026-09-21 12:30;2026-09-11 03:00:48
124244754;10001991;2026-09-22 14:15;2026-09-11 03:00:48
124244754;10001991;2026-09-22 17:00;2026-09-11 03:00:48
124244754;10001991;2026-09-22 18:00;2026-09-11 03:00:48
124244754;10001991;2026-09-23 07:45;2026-09-11 03:00:48
124244754;10001991;2026-09-23 08:15;2026-09-11 03:00:48
124244754;10001991;2026-09-23 08:30;2026-09-11 03:00:48
124244754;10001991;2026-09-23 08:45;2026-09-11 03:00:48
124244754;10001991;2026-09-23 09:00;2026-09-11 03:00:48
124244754;10001991;2026-09-23 10:30;2026-09-11 03:00:48
124244754;10001991;2026-09-23 10:45;2026-09-11 03:00:48
124244754;10001991;2026-09-23 11:45;2026-09-11 03:00:48
124244754;10001991;2026-09-23 12:45;2026-09-11 03:00:48
124244754;10001991;2026-09-24 14:15;2026-09-11 03:00:48
124244754;10001991;2026-09-24 15:30;2026-09-11 03:00:48
124244754;10001991;2026-09-24 15:45;2026-09-11 03:00:48
124244754;10001991;2026-09-24 16:00;2026-09-11 03:00:48
124244754;10001991;2026-09-24 16:15;2026-09-11 03:00:48
124244754;10001991;2026-09-24 17:00;2026-09-11 03:00:48
124244754;10001991;2026-09-24 17:15;2026-09-11 03:00:48
124244754;10001991;2026-09-24 18:00;2026-09-11 03:00:48
124244754;10001991;2026-09-24 18:15;2026-09-11 03:00:48
124244754;10001991;2026-09-24 18:30;2026-09-11 03:00:48
124244754;10001991;2026-09-24 18:45;2026-09-11 03:00:48
124244754;10001991;2026-09-24 19:00;2026-09-11 03:00:48
124244754;10001991;2026-09-24 19:15;2026-09-11 03:00:48
124244754;10001991;2026-09-25 14:30;2026-09-11 03:00:48
124244754;10001991;2026-09-25 15:15;2026-09-11 03:00:48
124244754;10001991;2026-09-25 15:30;2026-09-11 03:00:48
124244754;10001991;2026-09-25 15:45;2026-09-11 03:00:48
124244754;10001991;2026-09-25 16:15;2026-09-11 03:00:48
124244754;10001991;2026-09-25 17:00;2026-09-11 03:00:48
124244754;10001991;2026-09-25 17:15;2026-09-11 03:00:48
124244754;10001991;2026-09-25 17:30;2026-09-11 03:00:48
124244754;10001991;2026-09-25 17:45;2026-09-11 03:00:48
124244754;10001991;2026-09-25 18:00;2026-09-11 03:00:48
124244754;10001991;2026-09-25 18:15;2026-09-11 03:00:48
124244754;10001991;2026-09-25 19:00;2026-09-11 03:00:48
124244754;10001991;2026-09-25 19:15;2026-09-11 03:00:48
124244754;10001991;2026-09-28 07:45;2026-09-11 03:00:48
124244754;10001991;2026-09-28 08:00;2026-09-11 03:00:48
124244754;10001991;2026-09-28 08:15;2026-09-11 03:00:48
124244754;10001991;2026-09-28 08:30;2026-09-11 03:00:48
124244754;10001991;2026-09-28 08:45;2026-09-11 03:00:48
124244754;10001991;2026-09-28 09:30;2026-09-11 03:00:48
124244754;10001991;2026-09-28 09:45;2026-09-11 03:00:48
124244754;10001991;2026-09-28 10:30;2026-09-11 03:00:48
124244754;10001991;2026-09-28 11:15;2026-09-11 03:00:48
124244754;10001991;2026-09-28 11:00;2026-09-11 03:00:48
124244754;10001991;2026-09-28 11:45;2026-09-11 03:00:48
124244754;10001991;2026-09-28 12:30;2026-09-11 03:00:48
124244754;10001991;2026-09-28 12:45;2026-09-11 03:00:48
124244754;10001991;2026-09-29 14:15;2026-09-11 03:00:48
124244754;10001991;2026-09-29 14:45;2026-09-11 03:00:48
124244754;10001991;2026-09-29 15:30;2026-09-11 03:00:48
124244754;10001991;2026-09-29 15:45;2026-09-11 03:00:48
124244754;10001991;2026-09-29 16:15;2026-09-11 03:00:48
124244754;10001991;2026-09-29 17:00;2026-09-11 03:00:48
124244754;10001991;2026-09-29 17:15;2026-09-11 03:00:48
124244754;10001991;2026-09-29 18:00;2026-09-11 03:00:48
124244754;10001991;2026-09-29 19:00;2026-09-11 03:00:48
124244754;10001991;2026-09-29 19:15;2026-09-11 03:00:48
124244754;10001991;2026-09-30 07:30;2026-09-11 03:00:48
124244754;10001991;2026-09-30 07:45;2026-09-11 03:00:48
124244754;10001991;2026-09-30 08:00;2026-09-11 03:00:48
124244754;10001991;2026-09-30 08:15;2026-09-11 03:00:48
124244754;10001991;2026-09-30 08:45;2026-09-11 03:00:48
124244754;10001991;2026-09-30 09:00;2026-09-11 03:00:48
124244754;10001991;2026-09-30 09:15;2026-09-11 03:00:48
124244754;10001991;2026-09-30 09:30;2026-09-11 03:00:48
124244754;10001991;2026-09-30 09:45;2026-09-11 03:00:48
124244754;10001991;2026-09-30 10:30;2026-09-11 03:00:48
124244754;10001991;2026-09-30 11:15;2026-09-11 03:00:48
124244754;10001991;2026-09-30 11:30;2026-09-11 03:00:48
124244754;10001991;2026-09-30 11:45;2026-09-11 03:00:48
124244754;10001991;2026-09-30 12:30;2026-09-11 03:00:48
124244754;10001991;2026-10-07 07:45;2026-09-11 03:00:48
124244754;10001991;2026-10-07 08:45;2026-09-11 03:00:48
124244754;10001991;2026-10-07 09:00;2026-09-11 03:00:48
124244754;10001991;2026-10-07 09:15;2026-09-11 03:00:48
124244754;10001991;2026-10-07 09:30;2026-09-11 03:00:48
124244754;10001991;2026-10-07 09:45;2026-09-11 03:00:48
124244754;10001991;2026-10-07 10:30;2026-09-11 03:00:48
124244754;10001991;2026-10-07 10:45;2026-09-11 03:00:48
124244754;10001991;2026-10-07 11:00;2026-09-11 03:00:48
124244754;10001991;2026-10-07 11:45;2026-09-11 03:00:48
124244754;10001991;2026-10-07 12:45;2026-09-11 03:00:48
124244754;10001991;2026-10-08 14:15;2026-09-11 03:00:48
124244754;10001991;2026-10-08 15:00;2026-09-11 03:00:48
124244754;10001991;2026-10-08 15:15;2026-09-11 03:00:48
124244754;10001991;2026-10-08 15:30;2026-09-11 03:00:48
124244754;10001991;2026-10-08 17:00;2026-09-11 03:00:48
124244754;10001991;2026-10-08 18:00;2026-09-11 03:00:48
124244754;10001991;2026-10-08 18:30;2026-09-11 03:00:48
124244754;10001991;2026-10-08 18:45;2026-09-11 03:00:48
124244754;10001991;2026-10-08 19:00;2026-09-11 03:00:48
124244754;10001991;2026-10-08 19:15;2026-09-11 03:00:48
124244754;10001991;2026-10-09 14:30;2026-09-11 03:00:48
124244754;10001991;2026-10-09 14:45;2026-09-11 03:00:48
124244754;10001991;2026-10-09 15:00;2026-09-11 03:00:48
124244754;10001991;2026-10-09 15:15;2026-09-11 03:00:48
124244754;10001991;2026-10-09 15:30;2026-09-11 03:00:48
124244754;10001991;2026-10-09 15:45;2026-09-11 03:00:48
124244754;10001991;2026-10-09 16:00;2026-09-11 03:00:48
124244754;10001991;2026-10-09 16:15;2026-09-11 03:00:48
124244754;10001991;2026-10-09 17:00;2026-09-11 03:00:48
124244754;10001991;2026-10-09 17:15;2026-09-11 03:00:48
124244754;10001991;2026-10-09 17:30;2026-09-11 03:00:48
124244754;10001991;2026-10-09 17:45;2026-09-11 03:00:48
124244754;10001991;2026-10-09 18:00;2026-09-11 03:00:48
124244754;10001991;2026-10-09 18:15;2026-09-11 03:00:48
124244754;10001991;2026-10-09 19:00;2026-09-11 03:00:48
124244754;10001991;2026-10-09 19:15;2026-09-11 03:00:48
124244754;10001991;2026-09-30 11:00;2026-09-11 03:00:48
124244754;10000424;2026-09-11 09:00;2026-09-11 03:00:48
124244754;10000424;2026-09-11 11:30;2026-09-11 03:00:48
124244754;10000424;2026-09-14 14:15;2026-09-11 03:00:48
124244754;10000424;2026-09-14 14:45;2026-09-11 03:00:48
124244754;10000424;2026-09-14 15:15;2026-09-11 03:00:48
124244754;10000424;2026-09-14 16:00;2026-09-11 03:00:48
124244754;10000424;2026-09-14 17:30;2026-09-11 03:00:48
124244754;10000424;2026-09-15 09:15;2026-09-11 03:00:48
124244754;10000424;2026-09-15 12:15;2026-09-11 03:00:48
124244754;10000424;2026-09-16 15:15;2026-09-11 03:00:48
124244754;10000424;2026-09-16 16:00;2026-09-11 03:00:48
124244754;10000424;2026-09-17 09:15;2026-09-11 03:00:48
124244754;10000424;2026-09-17 12:15;2026-09-11 03:00:48
124244754;10000424;2026-09-18 14:15;2026-09-11 03:00:48
124244754;10000424;2026-09-18 16:00;2026-09-11 03:00:48
124244754;10000424;2026-09-21 14:15;2026-09-11 03:00:48
124244754;10000424;2026-09-21 14:45;2026-09-11 03:00:48
124244754;10000424;2026-09-21 15:15;2026-09-11 03:00:48
124244754;10000424;2026-09-21 16:00;2026-09-11 03:00:48
124244754;10000424;2026-09-21 17:30;2026-09-11 03:00:48
124244754;10000424;2026-09-22 09:15;2026-09-11 03:00:48
124244754;10000424;2026-09-22 12:15;2026-09-11 03:00:48
124244754;10000424;2026-09-23 15:15;2026-09-11 03:00:48
124244754;10000424;2026-09-23 16:00;2026-09-11 03:00:48
124244754;10000424;2026-09-24 09:15;2026-09-11 03:00:48
124244754;10000424;2026-09-24 12:15;2026-09-11 03:00:48
124244754;10000424;2026-09-25 09:00;2026-09-11 03:00:48
124244754;10000424;2026-09-25 11:30;2026-09-11 03:00:48
124244754;10000424;2026-09-28 14:15;2026-09-11 03:00:48
124244754;10000424;2026-09-28 14:45;2026-09-11 03:00:48
124244754;10000424;2026-09-28 15:15;2026-09-11 03:00:48
124244754;10000424;2026-09-28 16:00;2026-09-11 03:00:48
124244754;10000424;2026-09-28 17:30;2026-09-11 03:00:48
124244754;10000424;2026-09-28 19:00;2026-09-11 03:00:48
124244754;10000424;2026-09-28 19:15;2026-09-11 03:00:48
124244754;10000424;2026-09-29 07:45;2026-09-11 03:00:48
124244754;10000424;2026-09-29 08:00;2026-09-11 03:00:48
124244754;10000424;2026-09-29 08:30;2026-09-11 03:00:48
124244754;10000424;2026-09-29 08:45;2026-09-11 03:00:48
124244754;10000424;2026-09-29 09:15;2026-09-11 03:00:48
124244754;10000424;2026-09-29 09:30;2026-09-11 03:00:48
124244754;10000424;2026-09-29 11:00;2026-09-11 03:00:48
124244754;10000424;2026-09-29 11:15;2026-09-11 03:00:48
124244754;10000424;2026-09-29 11:30;2026-09-11 03:00:48
124244754;10000424;2026-09-29 12:00;2026-09-11 03:00:48
124244754;10000424;2026-09-29 12:15;2026-09-11 03:00:48
124244754;10000424;2026-09-29 12:30;2026-09-11 03:00:48
124244754;10000424;2026-09-29 12:45;2026-09-11 03:00:48
124244754;10000424;2026-09-30 14:15;2026-09-11 03:00:48
124244754;10000424;2026-09-30 14:30;2026-09-11 03:00:48
124244754;10000424;2026-09-30 14:45;2026-09-11 03:00:48
124244754;10000424;2026-09-30 15:00;2026-09-11 03:00:48
124244754;10000424;2026-09-30 15:15;2026-09-11 03:00:48
124244754;10000424;2026-09-30 15:30;2026-09-11 03:00:48
124244754;10000424;2026-09-30 15:45;2026-09-11 03:00:48
124244754;10000424;2026-09-30 16:00;2026-09-11 03:00:48
124244754;10000424;2026-09-30 16:15;2026-09-11 03:00:48
124244754;10000424;2026-09-30 17:45;2026-09-11 03:00:48
124244754;10000424;2026-09-30 18:00;2026-09-11 03:00:48
124244754;10000424;2026-09-30 18:15;2026-09-11 03:00:48
124244754;10000424;2026-09-30 18:30;2026-09-11 03:00:48
124244754;10000424;2026-09-30 19:00;2026-09-11 03:00:48
124244754;10000424;2026-09-30 19:15;2026-09-11 03:00:48
124244754;10000424;2026-09-30 18:45;2026-09-11 03:00:48
124244754;10000424;2026-10-01 07:45;2026-09-11 03:00:48
124244754;10000424;2026-10-01 08:00;2026-09-11 03:00:48
124244754;10000424;2026-10-01 08:45;2026-09-11 03:00:48
124244754;10000424;2026-10-01 09:15;2026-09-11 03:00:48
124244754;10000424;2026-10-01 09:45;2026-09-11 03:00:48
124244754;10000424;2026-10-01 11:00;2026-09-11 03:00:48
124244754;10000424;2026-10-01 11:15;2026-09-11 03:00:48
124244754;10000424;2026-10-01 11:30;2026-09-11 03:00:48
124244754;10000424;2026-10-01 11:45;2026-09-11 03:00:48
124244754;10000424;2026-10-01 12:15;2026-09-11 03:00:48
124244754;10000424;2026-10-01 12:30;2026-09-11 03:00:48
124244754;10000424;2026-10-02 14:00;2026-09-11 03:00:48
124244754;10000424;2026-10-02 14:15;2026-09-11 03:00:48
124244754;10000424;2026-10-02 14:30;2026-09-11 03:00:48
124244754;10000424;2026-10-02 14:45;2026-09-11 03:00:48
124244754;10000424;2026-10-02 15:00;2026-09-11 03:00:48
124244754;10000424;2026-10-02 15:15;2026-09-11 03:00:48
124244754;10000424;2026-10-02 15:30;2026-09-11 03:00:48
124244754;10000424;2026-10-02 15:45;2026-09-11 03:00:48
124244754;10000424;2026-10-02 16:00;2026-09-11 03:00:48
124244754;10000424;2026-10-02 16:15;2026-09-11 03:00:48
124244754;10000424;2026-10-02 17:30;2026-09-11 03:00:48
124244754;10000424;2026-10-02 17:45;2026-09-11 03:00:48
124244754;10000424;2026-10-02 18:00;2026-09-11 03:00:48
124244754;10000424;2026-10-02 18:15;2026-09-11 03:00:48
124244754;10000424;2026-10-02 18:30;2026-09-11 03:00:48
124244754;10000424;2026-10-02 18:45;2026-09-11 03:00:48
124244754;10000424;2026-10-02 19:00;2026-09-11 03:00:48
124244754;10000424;2026-10-02 19:15;2026-09-11 03:00:48
124244754;10000424;2026-10-05 14:15;2026-09-11 03:00:48
124244754;10000424;2026-10-05 14:45;2026-09-11 03:00:48
124244754;10000424;2026-10-05 15:00;2026-09-11 03:00:48
124244754;10000424;2026-10-05 15:15;2026-09-11 03:00:48
124244754;10000424;2026-10-05 15:30;2026-09-11 03:00:48
124244754;10000424;2026-10-05 15:45;2026-09-11 03:00:48
124244754;10000424;2026-10-05 16:00;2026-09-11 03:00:48
124244754;10000424;2026-10-05 16:15;2026-09-11 03:00:48
124244754;10000424;2026-10-05 17:30;2026-09-11 03:00:48
124244754;10000424;2026-10-05 17:45;2026-09-11 03:00:48
124244754;10000424;2026-10-05 18:00;2026-09-11 03:00:48
124244754;10000424;2026-10-05 18:15;2026-09-11 03:00:48
124244754;10000424;2026-10-05 18:30;2026-09-11 03:00:48
124244754;10000424;2026-10-05 18:45;2026-09-11 03:00:48
124244754;10000424;2026-10-05 19:00;2026-09-11 03:00:48
124244754;10000424;2026-10-05 19:15;2026-09-11 03:00:48
124244754;10000424;2026-10-06 07:30;2026-09-11 03:00:48
124244754;10000424;2026-10-06 07:45;2026-09-11 03:00:48
124244754;10000424;2026-10-06 08:00;2026-09-11 03:00:48
124244754;10000424;2026-10-06 08:15;2026-09-11 03:00:48
124244754;10000424;2026-10-06 08:30;2026-09-11 03:00:48
124244754;10000424;2026-10-06 08:45;2026-09-11 03:00:48
124244754;10000424;2026-10-06 09:00;2026-09-11 03:00:48
124244754;10000424;2026-10-06 09:15;2026-09-11 03:00:48
124244754;10000424;2026-10-06 09:45;2026-09-11 03:00:48
124244754;10000424;2026-10-06 11:00;2026-09-11 03:00:48
124244754;10000424;2026-10-06 11:15;2026-09-11 03:00:48
124244754;10000424;2026-10-06 11:30;2026-09-11 03:00:48
124244754;10000424;2026-10-06 11:45;2026-09-11 03:00:48
124244754;10000424;2026-10-06 12:00;2026-09-11 03:00:48
124244754;10000424;2026-10-06 12:15;2026-09-11 03:00:48
124244754;10000424;2026-10-06 12:30;2026-09-11 03:00:48
124244754;10000424;2026-10-07 14:00;2026-09-11 03:00:48
124244754;10000424;2026-10-07 14:15;2026-09-11 03:00:48
124244754;10000424;2026-10-07 14:30;2026-09-11 03:00:48
124244754;10000424;2026-10-07 14:45;2026-09-11 03:00:48
124244754;10000424;2026-10-07 15:00;2026-09-11 03:00:48
124244754;10000424;2026-10-07 15:15;2026-09-11 03:00:48
124244754;10000424;2026-10-07 15:30;2026-09-11 03:00:48
124244754;10000424;2026-10-07 15:45;2026-09-11 03:00:48
124244754;10000424;2026-10-07 16:00;2026-09-11 03:00:48
124244754;10000424;2026-10-07 16:15;2026-09-11 03:00:48
124244754;10000424;2026-10-07 17:30;2026-09-11 03:00:48
124244754;10000424;2026-10-07 17:45;2026-09-11 03:00:48
124244754;10000424;2026-10-07 18:00;2026-09-11 03:00:48
124244754;10000424;2026-10-07 18:15;2026-09-11 03:00:48
124244754;10000424;2026-10-07 18:30;2026-09-11 03:00:48
124244754;10000424;2026-10-07 19:00;2026-09-11 03:00:48
124244754;10000424;2026-10-07 19:15;2026-09-11 03:00:48
124244754;10000424;2026-10-07 18:45;2026-09-11 03:00:48
124244754;10000424;2026-10-08 07:30;2026-09-11 03:00:48
124244754;10000424;2026-10-08 07:45;2026-09-11 03:00:48
124244754;10000424;2026-10-08 08:00;2026-09-11 03:00:48
124244754;10000424;2026-10-08 08:15;2026-09-11 03:00:48
124244754;10000424;2026-10-08 08:30;2026-09-11 03:00:48
124244754;10000424;2026-10-08 08:45;2026-09-11 03:00:48
124244754;10000424;2026-10-08 09:00;2026-09-11 03:00:48
124244754;10000424;2026-10-08 09:15;2026-09-11 03:00:48
124244754;10000424;2026-10-08 09:30;2026-09-11 03:00:48
124244754;10000424;2026-10-08 09:45;2026-09-11 03:00:48
124244754;10000424;2026-10-08 11:00;2026-09-11 03:00:48
124244754;10000424;2026-10-08 11:15;2026-09-11 03:00:48
124244754;10000424;2026-10-08 11:30;2026-09-11 03:00:48
124244754;10000424;2026-10-08 11:45;2026-09-11 03:00:48
124244754;10000424;2026-10-08 12:00;2026-09-11 03:00:48
124244754;10000424;2026-10-08 12:15;2026-09-11 03:00:48
124244754;10000424;2026-10-08 12:30;2026-09-11 03:00:48
124244754;10000424;2026-10-09 08:00;2026-09-11 03:00:48
124244754;10000424;2026-10-09 08:15;2026-09-11 03:00:48
124244754;10000424;2026-10-09 08:30;2026-09-11 03:00:48
124244754;10000424;2026-10-09 08:45;2026-09-11 03:00:48
124244754;10000424;2026-10-09 09:00;2026-09-11 03:00:48
124244754;10000424;2026-10-09 09:15;2026-09-11 03:00:48
124244754;10000424;2026-10-09 09:30;2026-09-11 03:00:48
124244754;10000424;2026-10-09 09:45;2026-09-11 03:00:48
124244754;10000424;2026-10-09 10:30;2026-09-11 03:00:48
124244754;10000424;2026-10-09 10:45;2026-09-11 03:00:48
124244754;10000424;2026-10-09 11:30;2026-09-11 03:00:48
124244754;10000424;2026-10-09 11:45;2026-09-11 03:00:48
124244754;10000424;2026-10-09 12:00;2026-09-11 03:00:48
124244754;10000424;2026-10-09 12:15;2026-09-11 03:00:48
124244754;10000424;2026-10-09 12:30;2026-09-11 03:00:48
124244754;10000424;2026-10-09 12:45;2026-09-11 03:00:48
124244754;10000424;2026-10-09 07:45;2026-09-11 03:00:48
124244754;10007860;2026-09-15 14:15;2026-09-11 03:00:48
124244754;10007860;2026-09-15 16:15;2026-09-11 03:00:48
124244754;10007860;2026-09-16 14:15;2026-09-11 03:00:48
124244754;10007860;2026-09-16 16:15;2026-09-11 03:00:48
124244754;10007860;2026-09-17 09:45;2026-09-11 03:00:48
124244754;10007860;2026-09-17 12:15;2026-09-11 03:00:48
124244754;10007860;2026-09-18 14:15;2026-09-11 03:00:48
124244754;10007860;2026-09-18 16:15;2026-09-11 03:00:48
124244754;10007860;2026-09-21 14:30;2026-09-11 03:00:48
124244754;10007860;2026-09-21 15:15;2026-09-11 03:00:48
124244754;10007860;2026-09-21 16:00;2026-09-11 03:00:48
124244754;10007860;2026-09-21 17:15;2026-09-11 03:00:48
124244754;10007860;2026-09-21 17:45;2026-09-11 03:00:48
124244754;10007860;2026-09-22 14:15;2026-09-11 03:00:48
124244754;10007860;2026-09-22 15:45;2026-09-11 03:00:48
124244754;10007860;2026-09-22 16:15;2026-09-11 03:00:48
124244754;10007860;2026-09-22 17:00;2026-09-11 03:00:48
124244754;10007860;2026-09-22 17:30;2026-09-11 03:00:48
124244754;10007860;2026-09-22 17:45;2026-09-11 03:00:48
124244754;10007860;2026-09-22 18:00;2026-09-11 03:00:48
124244754;10007860;2026-09-22 18:15;2026-09-11 03:00:48
124244754;10007860;2026-09-22 19:15;2026-09-11 03:00:48
124244754;10007860;2026-09-22 17:15;2026-09-11 03:00:48
124244754;10007860;2026-09-23 14:15;2026-09-11 03:00:48
124244754;10007860;2026-09-23 14:45;2026-09-11 03:00:48
124244754;10007860;2026-09-23 15:00;2026-09-11 03:00:48
124244754;10007860;2026-09-23 15:15;2026-09-11 03:00:48
124244754;10007860;2026-09-23 15:30;2026-09-11 03:00:48
124244754;10007860;2026-09-23 15:45;2026-09-11 03:00:48
124244754;10007860;2026-09-23 16:00;2026-09-11 03:00:48
124244754;10007860;2026-09-23 16:15;2026-09-11 03:00:48
124244754;10007860;2026-09-23 17:00;2026-09-11 03:00:48
124244754;10007860;2026-09-23 17:30;2026-09-11 03:00:48
124244754;10007860;2026-09-23 17:45;2026-09-11 03:00:48
124244754;10007860;2026-09-23 18:00;2026-09-11 03:00:48
124244754;10007860;2026-09-23 18:15;2026-09-11 03:00:48
124244754;10007860;2026-09-23 19:00;2026-09-11 03:00:48
124244754;10007860;2026-09-23 19:15;2026-09-11 03:00:48
124244754;10007860;2026-09-23 17:15;2026-09-11 03:00:48
124244754;10007860;2026-09-24 07:45;2026-09-11 03:00:48
124244754;10007860;2026-09-24 08:15;2026-09-11 03:00:48
124244754;10007860;2026-09-24 08:45;2026-09-11 03:00:48
124244754;10007860;2026-09-24 09:00;2026-09-11 03:00:48
124244754;10007860;2026-09-24 09:15;2026-09-11 03:00:48
124244754;10007860;2026-09-24 09:45;2026-09-11 03:00:48
124244754;10007860;2026-09-24 10:30;2026-09-11 03:00:48
124244754;10007860;2026-09-24 10:45;2026-09-11 03:00:48
124244754;10007860;2026-09-24 11:00;2026-09-11 03:00:48
124244754;10007860;2026-09-24 11:15;2026-09-11 03:00:48
124244754;10007860;2026-09-24 11:30;2026-09-11 03:00:48
124244754;10007860;2026-09-24 12:15;2026-09-11 03:00:48
124244754;10007860;2026-09-25 14:15;2026-09-11 03:00:48
124244754;10007860;2026-09-25 14:30;2026-09-11 03:00:48
124244754;10007860;2026-09-25 14:45;2026-09-11 03:00:48
124244754;10007860;2026-09-25 15:00;2026-09-11 03:00:48
124244754;10007860;2026-09-25 15:15;2026-09-11 03:00:48
124244754;10007860;2026-09-25 15:30;2026-09-11 03:00:48
124244754;10007860;2026-09-25 15:45;2026-09-11 03:00:48
124244754;10007860;2026-09-25 16:00;2026-09-11 03:00:48
124244754;10007860;2026-09-25 16:15;2026-09-11 03:00:48
124244754;10007860;2026-09-25 17:00;2026-09-11 03:00:48
124244754;10007860;2026-09-25 17:30;2026-09-11 03:00:48
124244754;10007860;2026-09-25 17:45;2026-09-11 03:00:48
124244754;10007860;2026-09-25 18:15;2026-09-11 03:00:48
124244754;10007860;2026-09-25 19:00;2026-09-11 03:00:48
124244754;10007860;2026-09-25 19:15;2026-09-11 03:00:48
124244754;10007860;2026-09-25 17:15;2026-09-11 03:00:48
124244754;10007860;2026-09-28 14:00;2026-09-11 03:00:48
124244754;10007860;2026-09-28 14:15;2026-09-11 03:00:48
124244754;10007860;2026-09-28 14:30;2026-09-11 03:00:48
124244754;10007860;2026-09-28 14:45;2026-09-11 03:00:48
124244754;10007860;2026-09-28 15:00;2026-09-11 03:00:48
124244754;10007860;2026-09-28 15:15;2026-09-11 03:00:48
124244754;10007860;2026-09-28 15:30;2026-09-11 03:00:48
124244754;10007860;2026-09-28 15:45;2026-09-11 03:00:48
124244754;10007860;2026-09-28 16:00;2026-09-11 03:00:48
124244754;10007860;2026-09-28 16:15;2026-09-11 03:00:48
124244754;10007860;2026-09-28 17:15;2026-09-11 03:00:48
124244754;10007860;2026-09-28 17:30;2026-09-11 03:00:48
124244754;10007860;2026-09-28 17:45;2026-09-11 03:00:48
124244754;10007860;2026-09-28 18:00;2026-09-11 03:00:48
124244754;10007860;2026-09-28 18:15;2026-09-11 03:00:48
124244754;10007860;2026-09-28 18:30;2026-09-11 03:00:48
124244754;10007860;2026-09-28 18:45;2026-09-11 03:00:48
124244754;10007860;2026-09-29 14:00;2026-09-11 03:00:48
124244754;10007860;2026-09-29 14:15;2026-09-11 03:00:48
124244754;10007860;2026-09-29 14:30;2026-09-11 03:00:48
124244754;10007860;2026-09-29 14:45;2026-09-11 03:00:48
124244754;10007860;2026-09-29 15:00;2026-09-11 03:00:48
124244754;10007860;2026-09-29 15:15;2026-09-11 03:00:48
124244754;10007860;2026-09-29 15:30;2026-09-11 03:00:48
124244754;10007860;2026-09-29 15:45;2026-09-11 03:00:48
124244754;10007860;2026-09-29 16:00;2026-09-11 03:00:48
124244754;10007860;2026-09-29 16:15;2026-09-11 03:00:48
124244754;10007860;2026-09-29 17:00;2026-09-11 03:00:48
124244754;10007860;2026-09-29 17:30;2026-09-11 03:00:48
124244754;10007860;2026-09-29 17:45;2026-09-11 03:00:48
124244754;10007860;2026-09-29 18:00;2026-09-11 03:00:48
124244754;10007860;2026-09-29 19:00;2026-09-11 03:00:48
124244754;10007860;2026-09-29 19:15;2026-09-11 03:00:48
124244754;10007860;2026-09-29 17:15;2026-09-11 03:00:48
124244754;10007860;2026-09-30 14:00;2026-09-11 03:00:48
124244754;10007860;2026-09-30 14:15;2026-09-11 03:00:48
124244754;10007860;2026-09-30 14:30;2026-09-11 03:00:48
124244754;10007860;2026-09-30 14:45;2026-09-11 03:00:48
124244754;10007860;2026-09-30 15:00;2026-09-11 03:00:48
124244754;10007860;2026-09-30 15:15;2026-09-11 03:00:48
124244754;10007860;2026-09-30 15:30;2026-09-11 03:00:48
124244754;10007860;2026-09-30 15:45;2026-09-11 03:00:48
124244754;10007860;2026-09-30 16:00;2026-09-11 03:00:48
124244754;10007860;2026-09-30 16:15;2026-09-11 03:00:48
124244754;10007860;2026-09-30 17:00;2026-09-11 03:00:48
124244754;10007860;2026-09-30 17:30;2026-09-11 03:00:48
124244754;10007860;2026-09-30 17:45;2026-09-11 03:00:48
124244754;10007860;2026-09-30 18:00;2026-09-11 03:00:48
124244754;10007860;2026-09-30 18:15;2026-09-11 03:00:48
124244754;10007860;2026-09-30 19:00;2026-09-11 03:00:48
124244754;10007860;2026-09-30 19:15;2026-09-11 03:00:48
124244754;10007860;2026-09-30 17:15;2026-09-11 03:00:48
124244754;10007860;2026-10-01 07:30;2026-09-11 03:00:48
124244754;10007860;2026-10-01 07:45;2026-09-11 03:00:48
124244754;10007860;2026-10-01 08:00;2026-09-11 03:00:48
124244754;10007860;2026-10-01 08:15;2026-09-11 03:00:48
124244754;10007860;2026-10-01 08:30;2026-09-11 03:00:48
124244754;10007860;2026-10-01 08:45;2026-09-11 03:00:48
124244754;10007860;2026-10-01 09:00;2026-09-11 03:00:48
124244754;10007860;2026-10-01 09:15;2026-09-11 03:00:48
124244754;10007860;2026-10-01 09:30;2026-09-11 03:00:48
124244754;10007860;2026-10-01 09:45;2026-09-11 03:00:48
124244754;10007860;2026-10-01 10:30;2026-09-11 03:00:48
124244754;10007860;2026-10-01 10:45;2026-09-11 03:00:48
124244754;10007860;2026-10-01 11:15;2026-09-11 03:00:48
124244754;10007860;2026-10-01 11:30;2026-09-11 03:00:48
124244754;10007860;2026-10-01 11:45;2026-09-11 03:00:48
124244754;10007860;2026-10-01 12:00;2026-09-11 03:00:48
124244754;10007860;2026-10-01 12:15;2026-09-11 03:00:48
124244754;10007860;2026-10-02 14:15;2026-09-11 03:00:48
124244754;10007860;2026-10-02 14:30;2026-09-11 03:00:48
124244754;10007860;2026-10-02 14:45;2026-09-11 03:00:48
124244754;10007860;2026-10-02 15:00;2026-09-11 03:00:48
124244754;10007860;2026-10-02 15:15;2026-09-11 03:00:48
124244754;10007860;2026-10-02 15:30;2026-09-11 03:00:48
124244754;10007860;2026-10-02 15:45;2026-09-11 03:00:48
124244754;10007860;2026-10-02 16:00;2026-09-11 03:00:48
124244754;10007860;2026-10-02 16:15;2026-09-11 03:00:48
124244754;10007860;2026-10-02 17:00;2026-09-11 03:00:48
124244754;10007860;2026-10-02 17:30;2026-09-11 03:00:48
124244754;10007860;2026-10-02 17:45;2026-09-11 03:00:48
124244754;10007860;2026-10-02 18:00;2026-09-11 03:00:48
124244754;10007860;2026-10-02 18:15;2026-09-11 03:00:48
124244754;10007860;2026-10-02 19:00;2026-09-11 03:00:48
124244754;10007860;2026-10-02 19:15;2026-09-11 03:00:48
124244754;10007860;2026-10-02 17:15;2026-09-11 03:00:48
124244754;10007860;2026-10-05 14:15;2026-09-11 03:00:48
124244754;10007860;2026-10-05 14:30;2026-09-11 03:00:48
124244754;10007860;2026-10-05 14:45;2026-09-11 03:00:48
124244754;10007860;2026-10-05 15:00;2026-09-11 03:00:48
124244754;10007860;2026-10-05 15:15;2026-09-11 03:00:48
124244754;10007860;2026-10-05 15:30;2026-09-11 03:00:48
124244754;10007860;2026-10-05 15:45;2026-09-11 03:00:48
124244754;10007860;2026-10-05 16:00;2026-09-11 03:00:48
124244754;10007860;2026-10-05 16:15;2026-09-11 03:00:48
124244754;10007860;2026-10-05 17:00;2026-09-11 03:00:48
124244754;10007860;2026-10-05 17:15;2026-09-11 03:00:48
124244754;10007860;2026-10-05 17:30;2026-09-11 03:00:48
124244754;10007860;2026-10-05 17:45;2026-09-11 03:00:48
124244754;10007860;2026-10-05 18:00;2026-09-11 03:00:48
124244754;10007860;2026-10-05 18:15;2026-09-11 03:00:48
124244754;10007860;2026-10-05 18:30;2026-09-11 03:00:48
124244754;10007860;2026-10-05 18:45;2026-09-11 03:00:48
124244754;10007860;2026-10-06 14:15;2026-09-11 03:00:48
124244754;10007860;2026-10-06 14:30;2026-09-11 03:00:48
124244754;10007860;2026-10-06 14:45;2026-09-11 03:00:48
124244754;10007860;2026-10-06 15:00;2026-09-11 03:00:48
124244754;10007860;2026-10-06 15:15;2026-09-11 03:00:48
124244754;10007860;2026-10-06 15:30;2026-09-11 03:00:48
124244754;10007860;2026-10-06 15:45;2026-09-11 03:00:48
124244754;10007860;2026-10-06 16:00;2026-09-11 03:00:48
124244754;10007860;2026-10-06 16:15;2026-09-11 03:00:48
124244754;10007860;2026-10-06 17:00;2026-09-11 03:00:48
124244754;10007860;2026-10-06 17:30;2026-09-11 03:00:48
124244754;10007860;2026-10-06 18:00;2026-09-11 03:00:48
124244754;10007860;2026-10-06 18:15;2026-09-11 03:00:48
124244754;10007860;2026-10-06 19:00;2026-09-11 03:00:48
124244754;10007860;2026-10-06 19:15;2026-09-11 03:00:48
124244754;10007860;2026-10-06 17:15;2026-09-11 03:00:48
124244754;10007860;2026-10-07 14:00;2026-09-11 03:00:48
124244754;10007860;2026-10-07 14:15;2026-09-11 03:00:48
124244754;10007860;2026-10-07 14:30;2026-09-11 03:00:48
124244754;10007860;2026-10-07 14:45;2026-09-11 03:00:48
124244754;10007860;2026-10-07 15:00;2026-09-11 03:00:48
124244754;10007860;2026-10-07 15:15;2026-09-11 03:00:48
124244754;10007860;2026-10-07 15:30;2026-09-11 03:00:48
124244754;10007860;2026-10-07 15:45;2026-09-11 03:00:48
124244754;10007860;2026-10-07 16:00;2026-09-11 03:00:48
124244754;10007860;2026-10-07 16:15;2026-09-11 03:00:48
124244754;10007860;2026-10-07 17:00;2026-09-11 03:00:48
124244754;10007860;2026-10-07 17:30;2026-09-11 03:00:48
124244754;10007860;2026-10-07 17:45;2026-09-11 03:00:48
124244754;10007860;2026-10-07 18:00;2026-09-11 03:00:48
124244754;10007860;2026-10-07 18:15;2026-09-11 03:00:48
124244754;10007860;2026-10-07 19:00;2026-09-11 03:00:48
124244754;10007860;2026-10-07 19:15;2026-09-11 03:00:48
124244754;10007860;2026-10-07 17:15;2026-09-11 03:00:48
124244754;10007860;2026-10-08 07:30;2026-09-11 03:00:48
124244754;10007860;2026-10-08 07:45;2026-09-11 03:00:48
124244754;10007860;2026-10-08 08:00;2026-09-11 03:00:48
124244754;10007860;2026-10-08 08:15;2026-09-11 03:00:48
124244754;10007860;2026-10-08 08:30;2026-09-11 03:00:48
124244754;10007860;2026-10-08 08:45;2026-09-11 03:00:48
124244754;10007860;2026-10-08 09:00;2026-09-11 03:00:48
124244754;10007860;2026-10-08 09:15;2026-09-11 03:00:48
124244754;10007860;2026-10-08 09:30;2026-09-11 03:00:48
124244754;10007860;2026-10-08 09:45;2026-09-11 03:00:48
124244754;10007860;2026-10-08 10:30;2026-09-11 03:00:48
124244754;10007860;2026-10-08 10:45;2026-09-11 03:00:48
124244754;10007860;2026-10-08 11:00;2026-09-11 03:00:48
124244754;10007860;2026-10-08 11:15;2026-09-11 03:00:48
124244754;10007860;2026-10-08 11:30;2026-09-11 03:00:48
124244754;10007860;2026-10-08 11:45;2026-09-11 03:00:48
124244754;10007860;2026-10-08 12:00;2026-09-11 03:00:48
124244754;10007860;2026-10-08 12:15;2026-09-11 03:00:48
124244754;10007860;2026-10-09 14:15;2026-09-11 03:00:48
124244754;10007860;2026-10-09 14:30;2026-09-11 03:00:48
124244754;10007860;2026-10-09 14:45;2026-09-11 03:00:48
124244754;10007860;2026-10-09 15:00;2026-09-11 03:00:48
124244754;10007860;2026-10-09 15:15;2026-09-11 03:00:48
124244754;10007860;2026-10-09 15:30;2026-09-11 03:00:48
124244754;10007860;2026-10-09 15:45;2026-09-11 03:00:48
124244754;10007860;2026-10-09 16:00;2026-09-11 03:00:48
124244754;10007860;2026-10-09 16:15;2026-09-11 03:00:48
124244754;10007860;2026-10-09 17:00;2026-09-11 03:00:48
124244754;10007860;2026-10-09 17:30;2026-09-11 03:00:48
124244754;10007860;2026-10-09 17:45;2026-09-11 03:00:48
124244754;10007860;2026-10-09 18:00;2026-09-11 03:00:48
124244754;10007860;2026-10-09 18:15;2026-09-11 03:00:48
124244754;10007860;2026-10-09 19:00;2026-09-11 03:00:48
124244754;10007860;2026-10-09 19:15;2026-09-11 03:00:48
124244754;10007860;2026-10-09 17:15;2026-09-11 03:00:48
124244754;10007860;2026-10-06 14:00;2026-09-11 03:00:48
124244754;10008287;2026-09-11 15:00;2026-09-11 03:00:48
124244754;10008287;2026-09-11 15:15;2026-09-11 03:00:48
124244754;10008287;2026-09-14 08:45;2026-09-11 03:00:48
124244754;10008287;2026-09-14 09:00;2026-09-11 03:00:48
124244754;10008287;2026-09-14 09:15;2026-09-11 03:00:48
124244754;10008287;2026-09-14 09:30;2026-09-11 03:00:48
124244754;10008287;2026-09-14 09:45;2026-09-11 03:00:48
124244754;10008287;2026-09-15 16:00;2026-09-11 03:00:48
124244754;10008287;2026-09-15 16:15;2026-09-11 03:00:48
124244754;10008287;2026-09-16 09:15;2026-09-11 03:00:48
124244754;10008287;2026-09-16 09:30;2026-09-11 03:00:48
124244754;10008287;2026-09-16 09:45;2026-09-11 03:00:48
124244754;10008287;2026-09-17 14:00;2026-09-11 03:00:48
124244754;10008287;2026-09-17 14:15;2026-09-11 03:00:48
124244754;10008287;2026-09-18 12:00;2026-09-11 03:00:48
124244754;10008287;2026-09-18 12:15;2026-09-11 03:00:48
124244754;10008287;2026-09-21 08:45;2026-09-11 03:00:48
124244754;10008287;2026-09-21 09:00;2026-09-11 03:00:48
124244754;10008287;2026-09-21 09:15;2026-09-11 03:00:48
124244754;10008287;2026-09-21 09:30;2026-09-11 03:00:48
124244754;10008287;2026-09-21 09:45;2026-09-11 03:00:48
124244754;10008287;2026-09-23 09:15;2026-09-11 03:00:48
124244754;10008287;2026-09-23 09:30;2026-09-11 03:00:48
124244754;10008287;2026-09-23 09:45;2026-09-11 03:00:48
124244754;10008287;2026-09-23 11:45;2026-09-11 03:00:48
124244754;10008287;2026-09-24 13:30;2026-09-11 03:00:48
124244754;10008287;2026-09-24 14:00;2026-09-11 03:00:48
124244754;10008287;2026-09-24 14:15;2026-09-11 03:00:48
124244754;10008287;2026-09-24 17:45;2026-09-11 03:00:48
124244754;10008287;2026-09-24 18:15;2026-09-11 03:00:48
124244754;10008287;2026-09-25 14:15;2026-09-11 03:00:48
124244754;10008287;2026-09-25 14:45;2026-09-11 03:00:48
124244754;10008287;2026-09-25 15:00;2026-09-11 03:00:48
124244754;10008287;2026-09-25 15:15;2026-09-11 03:00:48
124244754;10008287;2026-09-25 15:30;2026-09-11 03:00:48
124244754;10008287;2026-09-25 15:45;2026-09-11 03:00:48
124244754;10008287;2026-09-25 16:15;2026-09-11 03:00:48
124244754;10008287;2026-09-25 17:00;2026-09-11 03:00:48
124244754;10008287;2026-09-25 18:15;2026-09-11 03:00:48
124244754;10008287;2026-09-25 18:30;2026-09-11 03:00:48
124244754;10008287;2026-09-25 18:45;2026-09-11 03:00:48
124244754;10008287;2026-09-28 08:00;2026-09-11 03:00:48
124244754;10008287;2026-09-28 08:15;2026-09-11 03:00:48
124244754;10008287;2026-09-28 08:30;2026-09-11 03:00:48
124244754;10008287;2026-09-28 08:45;2026-09-11 03:00:48
124244754;10008287;2026-09-28 09:00;2026-09-11 03:00:48
124244754;10008287;2026-09-28 09:15;2026-09-11 03:00:48
124244754;10008287;2026-09-28 09:30;2026-09-11 03:00:48
124244754;10008287;2026-09-28 09:45;2026-09-11 03:00:48
124244754;10008287;2026-09-28 10:45;2026-09-11 03:00:48
124244754;10008287;2026-09-28 11:15;2026-09-11 03:00:48
124244754;10008287;2026-09-28 11:30;2026-09-11 03:00:48
124244754;10008287;2026-09-28 11:45;2026-09-11 03:00:48
124244754;10008287;2026-09-28 12:00;2026-09-11 03:00:48
124244754;10008287;2026-09-28 12:15;2026-09-11 03:00:48
124244754;10008287;2026-09-29 14:30;2026-09-11 03:00:48
124244754;10008287;2026-09-29 14:45;2026-09-11 03:00:48
124244754;10008287;2026-09-29 15:00;2026-09-11 03:00:48
124244754;10008287;2026-09-29 15:15;2026-09-11 03:00:48
124244754;10008287;2026-09-29 15:30;2026-09-11 03:00:48
124244754;10008287;2026-09-29 15:45;2026-09-11 03:00:48
124244754;10008287;2026-09-29 16:00;2026-09-11 03:00:48
124244754;10008287;2026-09-29 16:15;2026-09-11 03:00:48
124244754;10008287;2026-09-29 17:00;2026-09-11 03:00:48
124244754;10008287;2026-09-29 17:15;2026-09-11 03:00:48
124244754;10008287;2026-09-29 17:30;2026-09-11 03:00:48
124244754;10008287;2026-09-29 17:45;2026-09-11 03:00:48
124244754;10008287;2026-09-29 18:00;2026-09-11 03:00:48
124244754;10008287;2026-09-29 18:15;2026-09-11 03:00:48
124244754;10008287;2026-09-29 18:30;2026-09-11 03:00:48
124244754;10008287;2026-09-30 07:45;2026-09-11 03:00:48
124244754;10008287;2026-09-30 08:00;2026-09-11 03:00:48
124244754;10008287;2026-09-30 08:15;2026-09-11 03:00:48
124244754;10008287;2026-09-30 08:30;2026-09-11 03:00:48
124244754;10008287;2026-09-30 08:45;2026-09-11 03:00:48
124244754;10008287;2026-09-30 09:15;2026-09-11 03:00:48
124244754;10008287;2026-09-30 09:30;2026-09-11 03:00:48
124244754;10008287;2026-09-30 09:45;2026-09-11 03:00:48
124244754;10008287;2026-09-30 10:30;2026-09-11 03:00:48
124244754;10008287;2026-09-30 10:45;2026-09-11 03:00:48
124244754;10008287;2026-09-30 11:00;2026-09-11 03:00:48
124244754;10008287;2026-09-30 11:15;2026-09-11 03:00:48
124244754;10008287;2026-09-30 11:30;2026-09-11 03:00:48
124244754;10008287;2026-09-30 11:45;2026-09-11 03:00:48
124244754;10008287;2026-09-30 12:15;2026-09-11 03:00:48
124244754;10008287;2026-10-01 13:30;2026-09-11 03:00:48
124244754;10008287;2026-10-01 14:00;2026-09-11 03:00:48
124244754;10008287;2026-10-01 14:15;2026-09-11 03:00:48
124244754;10008287;2026-10-01 14:30;2026-09-11 03:00:48
124244754;10008287;2026-10-01 14:45;2026-09-11 03:00:48
124244754;10008287;2026-10-01 15:00;2026-09-11 03:00:48
124244754;10008287;2026-10-01 15:15;2026-09-11 03:00:48
124244754;10008287;2026-10-01 16:00;2026-09-11 03:00:48
124244754;10008287;2026-10-01 16:15;2026-09-11 03:00:48
124244754;10008287;2026-10-01 16:30;2026-09-11 03:00:48
124244754;10008287;2026-10-01 16:45;2026-09-11 03:00:48
124244754;10008287;2026-10-01 17:00;2026-09-11 03:00:48
124244754;10008287;2026-10-01 17:15;2026-09-11 03:00:48
124244754;10008287;2026-10-01 17:30;2026-09-11 03:00:48
124244754;10008287;2026-10-01 17:45;2026-09-11 03:00:48
124244754;10008287;2026-10-01 18:00;2026-09-11 03:00:48
124244754;10008287;2026-10-01 18:15;2026-09-11 03:00:48
124244754;10008287;2026-10-02 07:45;2026-09-11 03:00:48
124244754;10008287;2026-10-02 08:15;2026-09-11 03:00:48
124244754;10008287;2026-10-02 08:30;2026-09-11 03:00:48
124244754;10008287;2026-10-02 08:45;2026-09-11 03:00:48
124244754;10008287;2026-10-02 09:00;2026-09-11 03:00:48
124244754;10008287;2026-10-02 09:15;2026-09-11 03:00:48
124244754;10008287;2026-10-02 09:30;2026-09-11 03:00:48
124244754;10008287;2026-10-02 09:45;2026-09-11 03:00:48
124244754;10008287;2026-10-02 10:30;2026-09-11 03:00:48
124244754;10008287;2026-10-02 10:45;2026-09-11 03:00:48
124244754;10008287;2026-10-02 11:00;2026-09-11 03:00:48
124244754;10008287;2026-10-02 11:15;2026-09-11 03:00:48
124244754;10008287;2026-10-02 11:30;2026-09-11 03:00:48
124244754;10008287;2026-10-02 11:45;2026-09-11 03:00:48
124244754;10008287;2026-10-02 12:00;2026-09-11 03:00:48
124244754;10008287;2026-10-02 12:15;2026-09-11 03:00:48
124244754;10008287;2026-10-05 07:30;2026-09-11 03:00:48
124244754;10008287;2026-10-05 07:45;2026-09-11 03:00:48
124244754;10008287;2026-10-05 08:00;2026-09-11 03:00:48
124244754;10008287;2026-10-05 08:15;2026-09-11 03:00:48
124244754;10008287;2026-10-05 08:30;2026-09-11 03:00:48
124244754;10008287;2026-10-05 08:45;2026-09-11 03:00:48
124244754;10008287;2026-10-05 09:00;2026-09-11 03:00:48
124244754;10008287;2026-10-05 09:15;2026-09-11 03:00:48
124244754;10008287;2026-10-05 09:30;2026-09-11 03:00:48
124244754;10008287;2026-10-05 09:45;2026-09-11 03:00:48
124244754;10008287;2026-10-05 10:45;2026-09-11 03:00:48
124244754;10008287;2026-10-05 11:00;2026-09-11 03:00:48
124244754;10008287;2026-10-05 11:15;2026-09-11 03:00:48
124244754;10008287;2026-10-05 11:30;2026-09-11 03:00:48
124244754;10008287;2026-10-05 11:45;2026-09-11 03:00:48
124244754;10008287;2026-10-05 12:00;2026-09-11 03:00:48
124244754;10008287;2026-10-05 12:15;2026-09-11 03:00:48
124244754;10008287;2026-10-06 14:00;2026-09-11 03:00:48
124244754;10008287;2026-10-06 14:15;2026-09-11 03:00:48
124244754;10008287;2026-10-06 14:30;2026-09-11 03:00:48
124244754;10008287;2026-10-06 14:45;2026-09-11 03:00:48
124244754;10008287;2026-10-06 15:00;2026-09-11 03:00:48
124244754;10008287;2026-10-06 15:15;2026-09-11 03:00:48
124244754;10008287;2026-10-06 15:30;2026-09-11 03:00:48
124244754;10008287;2026-10-06 15:45;2026-09-11 03:00:48
124244754;10008287;2026-10-06 16:00;2026-09-11 03:00:48
124244754;10008287;2026-10-06 16:15;2026-09-11 03:00:48
124244754;10008287;2026-10-06 17:00;2026-09-11 03:00:48
124244754;10008287;2026-10-06 17:15;2026-09-11 03:00:48
124244754;10008287;2026-10-06 17:30;2026-09-11 03:00:48
124244754;10008287;2026-10-06 17:45;2026-09-11 03:00:48
124244754;10008287;2026-10-06 18:00;2026-09-11 03:00:48
124244754;10008287;2026-10-06 18:15;2026-09-11 03:00:48
124244754;10008287;2026-10-06 18:30;2026-09-11 03:00:48
124244754;10008287;2026-10-06 18:45;2026-09-11 03:00:48
124244754;10008287;2026-10-07 07:30;2026-09-11 03:00:48
124244754;10008287;2026-10-07 07:45;2026-09-11 03:00:48
124244754;10008287;2026-10-07 08:00;2026-09-11 03:00:48
124244754;10008287;2026-10-07 08:15;2026-09-11 03:00:48
124244754;10008287;2026-10-07 08:30;2026-09-11 03:00:48
124244754;10008287;2026-10-07 09:00;2026-09-11 03:00:48
124244754;10008287;2026-10-07 09:15;2026-09-11 03:00:48
124244754;10008287;2026-10-07 09:30;2026-09-11 03:00:48
124244754;10008287;2026-10-07 09:45;2026-09-11 03:00:48
124244754;10008287;2026-10-07 10:30;2026-09-11 03:00:48
124244754;10008287;2026-10-07 10:45;2026-09-11 03:00:48
124244754;10008287;2026-10-07 11:00;2026-09-11 03:00:48
124244754;10008287;2026-10-07 11:15;2026-09-11 03:00:48
124244754;10008287;2026-10-07 11:30;2026-09-11 03:00:48
124244754;10008287;2026-10-07 11:45;2026-09-11 03:00:48
124244754;10008287;2026-10-07 12:00;2026-09-11 03:00:48
124244754;10008287;2026-10-07 12:15;2026-09-11 03:00:48
124244754;10008287;2026-10-08 13:30;2026-09-11 03:00:48
124244754;10008287;2026-10-08 13:45;2026-09-11 03:00:48
124244754;10008287;2026-10-08 14:00;2026-09-11 03:00:48
124244754;10008287;2026-10-08 14:15;2026-09-11 03:00:48
124244754;10008287;2026-10-08 14:30;2026-09-11 03:00:48
124244754;10008287;2026-10-08 14:45;2026-09-11 03:00:48
124244754;10008287;2026-10-08 15:00;2026-09-11 03:00:48
124244754;10008287;2026-10-08 15:15;2026-09-11 03:00:48
124244754;10008287;2026-10-08 16:00;2026-09-11 03:00:48
124244754;10008287;2026-10-08 16:15;2026-09-11 03:00:48
124244754;10008287;2026-10-08 16:30;2026-09-11 03:00:48
124244754;10008287;2026-10-08 16:45;2026-09-11 03:00:48
124244754;10008287;2026-10-08 17:00;2026-09-11 03:00:48
124244754;10008287;2026-10-08 17:15;2026-09-11 03:00:48
124244754;10008287;2026-10-08 17:30;2026-09-11 03:00:48
124244754;10008287;2026-10-08 17:45;2026-09-11 03:00:48
124244754;10008287;2026-10-08 18:00;2026-09-11 03:00:48
124244754;10008287;2026-10-09 14:00;2026-09-11 03:00:48
124244754;10008287;2026-10-09 14:15;2026-09-11 03:00:48
124244754;10008287;2026-10-09 14:30;2026-09-11 03:00:48
124244754;10008287;2026-10-09 14:45;2026-09-11 03:00:48
124244754;10008287;2026-10-09 15:00;2026-09-11 03:00:48
124244754;10008287;2026-10-09 15:15;2026-09-11 03:00:48
124244754;10008287;2026-10-09 15:30;2026-09-11 03:00:48
124244754;10008287;2026-10-09 15:45;2026-09-11 03:00:48
124244754;10008287;2026-10-09 16:00;2026-09-11 03:00:48
124244754;10008287;2026-10-09 16:15;2026-09-11 03:00:48
124244754;10008287;2026-10-09 17:00;2026-09-11 03:00:48
124244754;10008287;2026-10-09 17:15;2026-09-11 03:00:48
124244754;10008287;2026-10-09 17:30;2026-09-11 03:00:48
124244754;10008287;2026-10-09 17:45;2026-09-11 03:00:48
124244754;10008287;2026-10-09 18:15;2026-09-11 03:00:48
124244754;10008287;2026-10-09 18:30;2026-09-11 03:00:48
124244754;10008287;2026-10-09 18:45;2026-09-11 03:00:48
124244754;10008287;2026-09-28 07:30;2026-09-11 03:00:48
124244754;10008287;2026-09-22 09:15;2026-09-11 03:00:48
124244754;10008287;2026-09-22 09:30;2026-09-11 03:00:48
124244754;10008287;2026-09-22 09:45;2026-09-11 03:00:48
124244754;10008287;2026-09-24 17:30;2026-09-11 03:00:48
124244754;10008287;2026-10-08 18:15;2026-09-11 03:00:48
124244754;10003931;2026-09-11 15:15;2026-09-11 03:00:48
124244754;10003931;2026-09-11 17:00;2026-09-11 03:00:48
124244754;10003931;2026-09-14 09:30;2026-09-11 03:00:48
124244754;10003931;2026-09-14 10:30;2026-09-11 03:00:48
124244754;10003931;2026-09-14 11:15;2026-09-11 03:00:48
124244754;10003931;2026-09-14 12:00;2026-09-11 03:00:48
124244754;10003931;2026-09-14 12:30;2026-09-11 03:00:48
124244754;10003931;2026-09-15 14:30;2026-09-11 03:00:48
124244754;10003931;2026-09-15 17:00;2026-09-11 03:00:48
124244754;10003931;2026-09-16 10:30;2026-09-11 03:00:48
124244754;10003931;2026-09-16 12:15;2026-09-11 03:00:48
124244754;10003931;2026-09-17 14:30;2026-09-11 03:00:48
124244754;10003931;2026-09-17 15:00;2026-09-11 03:00:48
124244754;10003931;2026-09-17 16:00;2026-09-11 03:00:48
124244754;10003931;2026-09-17 17:00;2026-09-11 03:00:48
124244754;10003931;2026-09-17 17:30;2026-09-11 03:00:48
124244754;10003931;2026-09-18 09:15;2026-09-11 03:00:48
124244754;10003931;2026-09-18 09:45;2026-09-11 03:00:48
124244754;10003931;2026-09-18 10:45;2026-09-11 03:00:48
124244754;10003931;2026-09-18 11:15;2026-09-11 03:00:48
124244754;10003931;2026-09-18 11:30;2026-09-11 03:00:48
124244754;10003931;2026-09-21 09:15;2026-09-11 03:00:48
124244754;10003931;2026-09-21 09:30;2026-09-11 03:00:48
124244754;10003931;2026-09-21 10:30;2026-09-11 03:00:48
124244754;10003931;2026-09-21 10:45;2026-09-11 03:00:48
124244754;10003931;2026-09-21 11:00;2026-09-11 03:00:48
124244754;10003931;2026-09-21 11:15;2026-09-11 03:00:48
124244754;10003931;2026-09-21 11:30;2026-09-11 03:00:48
124244754;10003931;2026-09-21 11:45;2026-09-11 03:00:48
124244754;10003931;2026-09-21 12:00;2026-09-11 03:00:48
124244754;10003931;2026-09-21 12:15;2026-09-11 03:00:48
124244754;10003931;2026-09-21 12:30;2026-09-11 03:00:48
124244754;10003931;2026-09-21 12:45;2026-09-11 03:00:48
124244754;10003931;2026-09-22 14:15;2026-09-11 03:00:48
124244754;10003931;2026-09-22 14:30;2026-09-11 03:00:48
124244754;10003931;2026-09-22 14:45;2026-09-11 03:00:48
124244754;10003931;2026-09-22 15:00;2026-09-11 03:00:48
124244754;10003931;2026-09-22 15:15;2026-09-11 03:00:48
124244754;10003931;2026-09-22 17:00;2026-09-11 03:00:48
124244754;10003931;2026-09-22 17:30;2026-09-11 03:00:48
124244754;10003931;2026-09-22 17:45;2026-09-11 03:00:48
124244754;10003931;2026-09-22 18:45;2026-09-11 03:00:48
124244754;10003931;2026-09-22 19:15;2026-09-11 03:00:48
124244754;10003931;2026-09-23 08:15;2026-09-11 03:00:48
124244754;10003931;2026-09-23 08:30;2026-09-11 03:00:48
124244754;10003931;2026-09-23 09:00;2026-09-11 03:00:48
124244754;10003931;2026-09-23 09:15;2026-09-11 03:00:48
124244754;10003931;2026-09-23 09:30;2026-09-11 03:00:48
124244754;10003931;2026-09-23 09:45;2026-09-11 03:00:48
124244754;10003931;2026-09-23 10:30;2026-09-11 03:00:48
124244754;10003931;2026-09-23 11:15;2026-09-11 03:00:48
124244754;10003931;2026-09-23 11:30;2026-09-11 03:00:48
124244754;10003931;2026-09-23 11:45;2026-09-11 03:00:48
124244754;10003931;2026-09-23 12:15;2026-09-11 03:00:48
124244754;10003931;2026-09-23 12:30;2026-09-11 03:00:48
124244754;10003931;2026-09-23 12:45;2026-09-11 03:00:48
124244754;10003931;2026-09-23 08:45;2026-09-11 03:00:48
124244754;10003931;2026-09-24 14:30;2026-09-11 03:00:48
124244754;10003931;2026-09-24 14:45;2026-09-11 03:00:48
124244754;10003931;2026-09-24 15:00;2026-09-11 03:00:48
124244754;10003931;2026-09-24 15:15;2026-09-11 03:00:48
124244754;10003931;2026-09-24 16:00;2026-09-11 03:00:48
124244754;10003931;2026-09-24 16:15;2026-09-11 03:00:48
124244754;10003931;2026-09-24 17:00;2026-09-11 03:00:48
124244754;10003931;2026-09-24 17:15;2026-09-11 03:00:48
124244754;10003931;2026-09-24 17:30;2026-09-11 03:00:48
124244754;10003931;2026-09-24 17:45;2026-09-11 03:00:48
124244754;10003931;2026-09-24 18:00;2026-09-11 03:00:48
124244754;10003931;2026-09-24 18:15;2026-09-11 03:00:48
124244754;10003931;2026-09-24 18:30;2026-09-11 03:00:48
124244754;10003931;2026-09-24 18:45;2026-09-11 03:00:48
124244754;10003931;2026-09-24 19:00;2026-09-11 03:00:48
124244754;10003931;2026-09-24 19:15;2026-09-11 03:00:48
124244754;10003931;2026-09-25 14:30;2026-09-11 03:00:48
124244754;10003931;2026-09-25 14:45;2026-09-11 03:00:48
124244754;10003931;2026-09-25 15:00;2026-09-11 03:00:48
124244754;10003931;2026-09-25 15:15;2026-09-11 03:00:48
124244754;10003931;2026-09-25 15:30;2026-09-11 03:00:48
124244754;10003931;2026-09-25 15:45;2026-09-11 03:00:48
124244754;10003931;2026-09-25 16:00;2026-09-11 03:00:48
124244754;10003931;2026-09-25 17:00;2026-09-11 03:00:48
124244754;10003931;2026-09-25 18:00;2026-09-11 03:00:48
124244754;10003931;2026-09-25 18:15;2026-09-11 03:00:48
124244754;10003931;2026-09-25 18:30;2026-09-11 03:00:48
124244754;10003931;2026-09-25 18:45;2026-09-11 03:00:48
124244754;10003931;2026-09-25 19:00;2026-09-11 03:00:48
124244754;10003931;2026-09-25 19:15;2026-09-11 03:00:48
124244754;10003931;2026-09-28 08:45;2026-09-11 03:00:48
124244754;10003931;2026-09-28 09:00;2026-09-11 03:00:48
124244754;10003931;2026-09-28 09:15;2026-09-11 03:00:48
124244754;10003931;2026-09-28 09:30;2026-09-11 03:00:48
124244754;10003931;2026-09-28 09:45;2026-09-11 03:00:48
124244754;10003931;2026-09-28 10:30;2026-09-11 03:00:48
124244754;10003931;2026-09-28 11:15;2026-09-11 03:00:48
124244754;10003931;2026-09-28 12:00;2026-09-11 03:00:48
124244754;10003931;2026-09-28 12:30;2026-09-11 03:00:48
124244754;10003931;2026-09-29 14:30;2026-09-11 03:00:48
124244754;10003931;2026-09-29 14:45;2026-09-11 03:00:48
124244754;10003931;2026-09-29 15:00;2026-09-11 03:00:48
124244754;10003931;2026-09-29 16:00;2026-09-11 03:00:48
124244754;10003931;2026-09-29 16:15;2026-09-11 03:00:48
124244754;10003931;2026-09-29 17:00;2026-09-11 03:00:48
124244754;10003931;2026-09-29 17:15;2026-09-11 03:00:48
124244754;10003931;2026-09-29 17:30;2026-09-11 03:00:48
124244754;10003931;2026-09-29 17:45;2026-09-11 03:00:48
124244754;10003931;2026-09-29 18:00;2026-09-11 03:00:48
124244754;10003931;2026-09-29 18:45;2026-09-11 03:00:48
124244754;10003931;2026-09-29 19:00;2026-09-11 03:00:48
124244754;10003931;2026-09-29 19:15;2026-09-11 03:00:48
124244754;10003931;2026-09-30 08:00;2026-09-11 03:00:48
124244754;10003931;2026-09-30 08:15;2026-09-11 03:00:48
124244754;10003931;2026-09-30 08:30;2026-09-11 03:00:48
124244754;10003931;2026-09-30 09:00;2026-09-11 03:00:48
124244754;10003931;2026-09-30 09:15;2026-09-11 03:00:48
124244754;10003931;2026-09-30 09:30;2026-09-11 03:00:48
124244754;10003931;2026-09-30 09:45;2026-09-11 03:00:48
124244754;10003931;2026-09-30 10:30;2026-09-11 03:00:48
124244754;10003931;2026-09-30 11:15;2026-09-11 03:00:48
124244754;10003931;2026-09-30 11:30;2026-09-11 03:00:48
124244754;10003931;2026-09-30 11:45;2026-09-11 03:00:48
124244754;10003931;2026-09-30 12:00;2026-09-11 03:00:48
124244754;10003931;2026-09-30 12:15;2026-09-11 03:00:48
124244754;10003931;2026-09-30 12:30;2026-09-11 03:00:48
124244754;10003931;2026-09-30 12:45;2026-09-11 03:00:48
124244754;10003931;2026-10-01 14:15;2026-09-11 03:00:48
124244754;10003931;2026-10-01 14:30;2026-09-11 03:00:48
124244754;10003931;2026-10-01 14:45;2026-09-11 03:00:48
124244754;10003931;2026-10-01 15:00;2026-09-11 03:00:48
124244754;10003931;2026-10-01 15:15;2026-09-11 03:00:48
124244754;10003931;2026-10-01 16:00;2026-09-11 03:00:48
124244754;10003931;2026-10-01 16:15;2026-09-11 03:00:48
124244754;10003931;2026-10-01 17:00;2026-09-11 03:00:48
124244754;10003931;2026-10-01 17:15;2026-09-11 03:00:48
124244754;10003931;2026-10-01 17:30;2026-09-11 03:00:48
124244754;10003931;2026-10-01 17:45;2026-09-11 03:00:48
124244754;10003931;2026-10-01 18:00;2026-09-11 03:00:48
124244754;10003931;2026-10-01 18:15;2026-09-11 03:00:48
124244754;10003931;2026-10-01 18:45;2026-09-11 03:00:48
124244754;10003931;2026-10-01 19:00;2026-09-11 03:00:48
124244754;10003931;2026-10-01 19:15;2026-09-11 03:00:48
124244754;10003931;2026-10-02 07:30;2026-09-11 03:00:48
124244754;10003931;2026-10-02 07:45;2026-09-11 03:00:48
124244754;10003931;2026-10-02 08:15;2026-09-11 03:00:48
124244754;10003931;2026-10-02 08:30;2026-09-11 03:00:48
124244754;10003931;2026-10-02 08:45;2026-09-11 03:00:48
124244754;10003931;2026-10-02 09:00;2026-09-11 03:00:48
124244754;10003931;2026-10-02 09:15;2026-09-11 03:00:48
124244754;10003931;2026-10-02 09:30;2026-09-11 03:00:48
124244754;10003931;2026-10-02 09:45;2026-09-11 03:00:48
124244754;10003931;2026-10-02 10:30;2026-09-11 03:00:48
124244754;10003931;2026-10-02 10:45;2026-09-11 03:00:48
124244754;10003931;2026-10-02 11:15;2026-09-11 03:00:48
124244754;10003931;2026-10-02 11:30;2026-09-11 03:00:48
124244754;10003931;2026-10-02 11:45;2026-09-11 03:00:48
124244754;10003931;2026-10-05 08:00;2026-09-11 03:00:48
124244754;10003931;2026-10-05 08:15;2026-09-11 03:00:48
124244754;10003931;2026-10-05 08:30;2026-09-11 03:00:48
124244754;10003931;2026-10-05 08:45;2026-09-11 03:00:48
124244754;10003931;2026-10-05 09:00;2026-09-11 03:00:48
124244754;10003931;2026-10-05 09:15;2026-09-11 03:00:48
124244754;10003931;2026-10-05 09:30;2026-09-11 03:00:48
124244754;10003931;2026-10-05 09:45;2026-09-11 03:00:48
124244754;10003931;2026-10-05 10:30;2026-09-11 03:00:48
124244754;10003931;2026-10-05 10:45;2026-09-11 03:00:48
124244754;10003931;2026-10-05 11:15;2026-09-11 03:00:48
124244754;10003931;2026-10-05 11:30;2026-09-11 03:00:48
124244754;10003931;2026-10-05 11:45;2026-09-11 03:00:48
124244754;10003931;2026-10-05 12:00;2026-09-11 03:00:48
124244754;10003931;2026-10-05 12:15;2026-09-11 03:00:48
124244754;10003931;2026-10-05 12:30;2026-09-11 03:00:48
124244754;10003931;2026-10-05 12:45;2026-09-11 03:00:48
124244754;10003931;2026-10-06 14:15;2026-09-11 03:00:48
124244754;10003931;2026-10-06 14:30;2026-09-11 03:00:48
124244754;10003931;2026-10-06 14:45;2026-09-11 03:00:48
124244754;10003931;2026-10-06 15:00;2026-09-11 03:00:48
124244754;10003931;2026-10-06 15:15;2026-09-11 03:00:48
124244754;10003931;2026-10-06 16:00;2026-09-11 03:00:48
124244754;10003931;2026-10-06 16:15;2026-09-11 03:00:48
124244754;10003931;2026-10-06 17:00;2026-09-11 03:00:48
124244754;10003931;2026-10-06 17:15;2026-09-11 03:00:48
124244754;10003931;2026-10-06 17:30;2026-09-11 03:00:48
124244754;10003931;2026-10-06 17:45;2026-09-11 03:00:48
124244754;10003931;2026-10-06 18:00;2026-09-11 03:00:48
124244754;10003931;2026-10-06 18:15;2026-09-11 03:00:48
124244754;10003931;2026-10-06 18:30;2026-09-11 03:00:48
124244754;10003931;2026-10-06 18:45;2026-09-11 03:00:48
124244754;10003931;2026-10-06 19:00;2026-09-11 03:00:48
124244754;10003931;2026-10-06 19:15;2026-09-11 03:00:48
124244754;10003931;2026-10-07 08:00;2026-09-11 03:00:48
124244754;10003931;2026-10-07 08:15;2026-09-11 03:00:48
124244754;10003931;2026-10-07 08:30;2026-09-11 03:00:48
124244754;10003931;2026-10-07 09:00;2026-09-11 03:00:48
124244754;10003931;2026-10-07 09:15;2026-09-11 03:00:48
124244754;10003931;2026-10-07 09:30;2026-09-11 03:00:48
124244754;10003931;2026-10-07 09:45;2026-09-11 03:00:48
124244754;10003931;2026-10-07 10:30;2026-09-11 03:00:48
124244754;10003931;2026-10-07 10:45;2026-09-11 03:00:48
124244754;10003931;2026-10-07 11:00;2026-09-11 03:00:48
124244754;10003931;2026-10-07 11:15;2026-09-11 03:00:48
124244754;10003931;2026-10-07 11:30;2026-09-11 03:00:48
124244754;10003931;2026-10-07 11:45;2026-09-11 03:00:48
124244754;10003931;2026-10-07 12:15;2026-09-11 03:00:48
124244754;10003931;2026-10-07 12:30;2026-09-11 03:00:48
124244754;10003931;2026-10-07 12:45;2026-09-11 03:00:48
124244754;10003931;2026-10-07 08:45;2026-09-11 03:00:48
124244754;10003931;2026-10-08 14:00;2026-09-11 03:00:48
124244754;10003931;2026-10-08 14:15;2026-09-11 03:00:48
124244754;10003931;2026-10-08 14:30;2026-09-11 03:00:48
124244754;10003931;2026-10-08 14:45;2026-09-11 03:00:48
124244754;10003931;2026-10-08 15:00;2026-09-11 03:00:48
124244754;10003931;2026-10-08 15:15;2026-09-11 03:00:48
124244754;10003931;2026-10-08 16:00;2026-09-11 03:00:48
124244754;10003931;2026-10-08 16:15;2026-09-11 03:00:48
124244754;10003931;2026-10-08 17:00;2026-09-11 03:00:48
124244754;10003931;2026-10-08 17:15;2026-09-11 03:00:48
124244754;10003931;2026-10-08 17:30;2026-09-11 03:00:48
124244754;10003931;2026-10-08 17:45;2026-09-11 03:00:48
124244754;10003931;2026-10-08 18:00;2026-09-11 03:00:48
124244754;10003931;2026-10-08 18:15;2026-09-11 03:00:48
124244754;10003931;2026-10-08 18:30;2026-09-11 03:00:48
124244754;10003931;2026-10-08 18:45;2026-09-11 03:00:48
124244754;10003931;2026-10-08 19:00;2026-09-11 03:00:48
124244754;10003931;2026-10-08 19:15;2026-09-11 03:00:48
124244754;10003931;2026-10-09 14:15;2026-09-11 03:00:48
124244754;10003931;2026-10-09 14:30;2026-09-11 03:00:48
124244754;10003931;2026-10-09 14:45;2026-09-11 03:00:48
124244754;10003931;2026-10-09 15:00;2026-09-11 03:00:48
124244754;10003931;2026-10-09 15:15;2026-09-11 03:00:48
124244754;10003931;2026-10-09 15:30;2026-09-11 03:00:48
124244754;10003931;2026-10-09 15:45;2026-09-11 03:00:48
124244754;10003931;2026-10-09 16:00;2026-09-11 03:00:48
124244754;10003931;2026-10-09 16:15;2026-09-11 03:00:48
124244754;10003931;2026-10-09 17:00;2026-09-11 03:00:48
124244754;10003931;2026-10-09 17:15;2026-09-11 03:00:48
124244754;10003931;2026-10-09 18:00;2026-09-11 03:00:48
124244754;10003931;2026-10-09 18:15;2026-09-11 03:00:48
124244754;10003931;2026-10-09 18:30;2026-09-11 03:00:48
124244754;10003931;2026-10-09 18:45;2026-09-11 03:00:48
124244754;10003931;2026-10-09 19:00;2026-09-11 03:00:48
124244754;10003931;2026-10-09 19:15;2026-09-11 03:00:48
124244754;10003931;2026-09-30 11:00;2026-09-11 03:00:48
124244754;10003931;2026-09-25 14:00;2026-09-11 03:00:48
124244754;10003931;2026-09-23 10:45;2026-09-11 03:00:48
124244754;10003931;2026-09-18 12:00;2026-09-11 03:00:48
124244754;10003931;2026-09-28 12:15;2026-09-11 03:00:48
124244754;10004507;2026-09-11 09:00;2026-09-11 03:00:48
124244754;10004507;2026-09-11 11:00;2026-09-11 03:00:48
124244754;10004507;2026-09-14 14:30;2026-09-11 03:00:48
124244754;10004507;2026-09-14 15:00;2026-09-11 03:00:48
124244754;10004507;2026-09-14 15:30;2026-09-11 03:00:48
124244754;10004507;2026-09-14 16:00;2026-09-11 03:00:48
124244754;10004507;2026-09-14 17:15;2026-09-11 03:00:48
124244754;10004507;2026-09-15 09:00;2026-09-11 03:00:48
124244754;10004507;2026-09-15 11:30;2026-09-11 03:00:48
124244754;10004507;2026-09-16 15:15;2026-09-11 03:00:48
124244754;10004507;2026-09-16 17:15;2026-09-11 03:00:48
124244754;10004507;2026-09-17 09:15;2026-09-11 03:00:48
124244754;10004507;2026-09-17 10:45;2026-09-11 03:00:48
124244754;10004507;2026-09-18 15:00;2026-09-11 03:00:48
124244754;10004507;2026-09-18 17:00;2026-09-11 03:00:48
124244754;10004507;2026-09-21 14:30;2026-09-11 03:00:48
124244754;10004507;2026-09-21 15:00;2026-09-11 03:00:48
124244754;10004507;2026-09-21 15:30;2026-09-11 03:00:48
124244754;10004507;2026-09-21 16:00;2026-09-11 03:00:48
124244754;10004507;2026-09-21 17:15;2026-09-11 03:00:48
124244754;10004507;2026-09-23 15:15;2026-09-11 03:00:48
124244754;10004507;2026-09-23 15:45;2026-09-11 03:00:48
124244754;10004507;2026-09-23 17:00;2026-09-11 03:00:48
124244754;10004507;2026-09-23 17:15;2026-09-11 03:00:48
124244754;10004507;2026-09-23 17:45;2026-09-11 03:00:48
124244754;10004507;2026-09-24 09:15;2026-09-11 03:00:48
124244754;10004507;2026-09-24 10:45;2026-09-11 03:00:48
124244754;10004507;2026-09-28 14:30;2026-09-11 03:00:48
124244754;10004507;2026-09-28 15:00;2026-09-11 03:00:48
124244754;10004507;2026-09-28 15:30;2026-09-11 03:00:48
124244754;10004507;2026-09-28 16:00;2026-09-11 03:00:48
124244754;10004507;2026-09-28 17:15;2026-09-11 03:00:48
124244754;10004507;2026-09-29 08:30;2026-09-11 03:00:48
124244754;10004507;2026-09-29 09:00;2026-09-11 03:00:48
124244754;10004507;2026-09-29 11:30;2026-09-11 03:00:48
124244754;10004507;2026-09-30 15:15;2026-09-11 03:00:48
124244754;10004507;2026-09-30 16:00;2026-09-11 03:00:48
124244754;10004507;2026-09-30 17:15;2026-09-11 03:00:48
124244754;10004507;2026-10-01 08:00;2026-09-11 03:00:48
124244754;10004507;2026-10-02 15:00;2026-09-11 03:00:48
124244754;10004507;2026-10-02 17:00;2026-09-11 03:00:48
124244754;10004507;2026-10-02 17:15;2026-09-11 03:00:48
124244754;10000089;2026-09-30 17:45;2026-09-11 03:00:48
124244754;10000089;2026-09-30 18:00;2026-09-11 03:00:48
124244754;10000089;2026-09-30 16:45;2026-09-11 03:00:48
124244754;10000089;2026-09-30 17:00;2026-09-11 03:00:48
124244754;10000089;2026-09-30 17:15;2026-09-11 03:00:48
124244754;10000089;2026-09-29 16:30;2026-09-11 03:00:48
124244754;10000089;2026-09-29 18:00;2026-09-11 03:00:48
124244754;10000089;2026-09-29 16:45;2026-09-11 03:00:48
124244754;10000089;2026-09-29 17:00;2026-09-11 03:00:48
124244754;10000089;2026-09-29 18:15;2026-09-11 03:00:48
124244754;10000089;2026-09-28 14:15;2026-09-11 03:00:48
124244754;10000089;2026-09-28 15:15;2026-09-11 03:00:48
124244754;10000089;2026-09-28 17:00;2026-09-11 03:00:48
124244754;10000089;2026-09-28 17:15;2026-09-11 03:00:48
124244754;10000089;2026-09-28 17:30;2026-09-11 03:00:48
124244754;10000089;2026-09-28 17:45;2026-09-11 03:00:48
124244754;10000089;2026-09-28 14:45;2026-09-11 03:00:48
124244754;10000089;2026-09-25 11:45;2026-09-11 03:00:48
124244754;10000089;2026-09-25 08:45;2026-09-11 03:00:48
124244754;10000089;2026-09-25 11:30;2026-09-11 03:00:48
124244754;10000089;2026-09-25 09:45;2026-09-11 03:00:48
124244754;10000089;2026-09-25 10:00;2026-09-11 03:00:48
124244754;10000089;2026-09-25 10:30;2026-09-11 03:00:48
124244754;10000089;2026-10-02 14:15;2026-09-11 03:00:48
124244754;10000089;2026-10-02 15:15;2026-09-11 03:00:48
124244754;10000089;2026-10-02 17:00;2026-09-11 03:00:48
124244754;10000089;2026-10-02 17:15;2026-09-11 03:00:48
124244754;10000089;2026-10-02 17:30;2026-09-11 03:00:48
124244754;10000089;2026-10-02 17:45;2026-09-11 03:00:48
124244754;10000089;2026-10-02 14:45;2026-09-11 03:00:48
124244754;10000089;2026-10-05 11:45;2026-09-11 03:00:48
124244754;10000089;2026-10-05 08:45;2026-09-11 03:00:48
124244754;10000089;2026-10-05 11:30;2026-09-11 03:00:48
124244754;10000089;2026-10-05 09:45;2026-09-11 03:00:48
124244754;10000089;2026-10-05 08:30;2026-09-11 03:00:48
124244754;10000089;2026-10-05 10:00;2026-09-11 03:00:48
124244754;10000089;2026-10-05 10:30;2026-09-11 03:00:48
124244754;10000089;2026-10-09 11:45;2026-09-11 03:00:48
124244754;10000089;2026-10-09 08:45;2026-09-11 03:00:48
124244754;10000089;2026-10-09 11:30;2026-09-11 03:00:48
124244754;10000089;2026-10-09 09:45;2026-09-11 03:00:48
124244754;10000089;2026-10-09 10:15;2026-09-11 03:00:48
124244754;10000089;2026-10-09 08:30;2026-09-11 03:00:48
124244754;10000089;2026-10-09 10:00;2026-09-11 03:00:48
124244754;10000089;2026-10-09 12:00;2026-09-11 03:00:48
124244754;10000089;2026-10-09 12:15;2026-09-11 03:00:48
124244754;10000089;2026-10-09 10:30;2026-09-11 03:00:48
124244754;10000089;2026-10-09 10:45;2026-09-11 03:00:48
124244754;10000089;2026-10-06 17:45;2026-09-11 03:00:48
124244754;10000089;2026-10-06 16:45;2026-09-11 03:00:48
124244754;10000089;2026-10-06 17:00;2026-09-11 03:00:48
124244754;10000089;2026-10-06 17:15;2026-09-11 03:00:48
124244754;10000089;2026-10-06 17:30;2026-09-11 03:00:48
124244754;10000089;2026-10-08 17:45;2026-09-11 03:00:48
124244754;10000089;2026-10-08 16:45;2026-09-11 03:00:48
124244754;10000089;2026-10-08 17:00;2026-09-11 03:00:48
124244754;10000089;2026-10-08 17:15;2026-09-11 03:00:48
124244754;10000089;2026-10-08 17:30;2026-09-11 03:00:48
124244754;10000089;2026-10-08 18:00;2026-09-11 03:00:48
124244754;10000089;2026-10-01 11:45;2026-09-11 03:00:48
124244754;10000089;2026-10-01 08:45;2026-09-11 03:00:48
124244754;10000089;2026-10-01 11:30;2026-09-11 03:00:48
124244754;10000089;2026-10-01 10:15;2026-09-11 03:00:48
124244754;10000089;2026-10-01 10:30;2026-09-11 03:00:48
124244754;10000089;2026-10-07 11:45;2026-09-11 03:00:48
124244754;10000089;2026-10-07 08:45;2026-09-11 03:00:48
124244754;10000089;2026-10-07 11:30;2026-09-11 03:00:48
124244754;10000089;2026-10-07 10:15;2026-09-11 03:00:48
124244754;10000089;2026-10-07 10:30;2026-09-11 03:00:48
124244754;10000089;2026-10-09 12:30;2026-09-11 03:00:48
124244754;10000087;2026-09-24 17:45;2026-09-11 03:00:48
124244754;10000087;2026-09-24 18:00;2026-09-11 03:00:48
124244754;10000087;2026-09-24 16:45;2026-09-11 03:00:48
124244754;10000087;2026-09-24 17:00;2026-09-11 03:00:48
124244754;10000087;2026-09-24 17:15;2026-09-11 03:00:48
124244754;10000087;2026-09-24 17:30;2026-09-11 03:00:48
124244754;10000087;2026-09-24 18:15;2026-09-11 03:00:48
124244754;10000087;2026-09-24 18:45;2026-09-11 03:00:48
124244754;10000087;2026-09-14 18:00;2026-09-11 03:00:48
124244754;10000087;2026-09-14 16:45;2026-09-11 03:00:48
124244754;10000087;2026-09-14 17:00;2026-09-11 03:00:48
124244754;10000087;2026-09-14 17:15;2026-09-11 03:00:48
124244754;10000087;2026-09-14 18:15;2026-09-11 03:00:48
124244754;10000087;2026-09-14 18:30;2026-09-11 03:00:48
124244754;10000087;2026-09-22 18:00;2026-09-11 03:00:48
124244754;10000087;2026-09-22 16:45;2026-09-11 03:00:48
124244754;10000087;2026-09-22 17:00;2026-09-11 03:00:48
124244754;10000087;2026-09-22 17:15;2026-09-11 03:00:48
124244754;10000087;2026-09-22 18:15;2026-09-11 03:00:48
124244754;10000087;2026-09-22 18:30;2026-09-11 03:00:48
124244754;10000087;2026-09-22 19:15;2026-09-11 03:00:48
124244754;10000087;2026-09-18 15:15;2026-09-11 03:00:48
124244754;10000087;2026-09-18 16:30;2026-09-11 03:00:48
124244754;10000087;2026-09-18 16:45;2026-09-11 03:00:48
124244754;10000087;2026-09-18 17:00;2026-09-11 03:00:48
124244754;10000087;2026-09-18 17:15;2026-09-11 03:00:48
124244754;10000087;2026-09-18 17:30;2026-09-11 03:00:48
124244754;10000087;2026-09-18 17:45;2026-09-11 03:00:48
124244754;10000087;2026-09-18 19:15;2026-09-11 03:00:48
124244754;10000087;2026-09-18 18:00;2026-09-11 03:00:48
124244754;10000087;2026-09-18 18:15;2026-09-11 03:00:48
124244754;10000087;2026-09-18 18:45;2026-09-11 03:00:48
124244754;10000087;2026-09-18 15:00;2026-09-11 03:00:48
124244754;10000087;2026-09-11 10:15;2026-09-11 03:00:48
124244754;10000087;2026-09-11 11:30;2026-09-11 03:00:48
124244754;10000087;2026-09-11 11:45;2026-09-11 03:00:48
124244754;10000087;2026-09-11 09:15;2026-09-11 03:00:48
124244754;10000087;2026-09-21 08:00;2026-09-11 03:00:48
124244754;10000087;2026-09-21 09:30;2026-09-11 03:00:48
124244754;10000087;2026-09-21 09:45;2026-09-11 03:00:48
124244754;10000087;2026-09-21 10:15;2026-09-11 03:00:48
124244754;10000087;2026-09-21 11:30;2026-09-11 03:00:48
124244754;10000087;2026-09-21 11:45;2026-09-11 03:00:48
124244754;10000087;2026-09-21 09:15;2026-09-11 03:00:48
124244754;10000087;2026-09-21 09:00;2026-09-11 03:00:48
124244754;10000087;2026-09-21 12:00;2026-09-11 03:00:48
124244754;10000087;2026-09-21 12:15;2026-09-11 03:00:48
124244754;10000087;2026-09-21 12:30;2026-09-11 03:00:48
124244754;10000087;2026-09-21 11:15;2026-09-11 03:00:48
124244754;10000087;2026-09-15 11:45;2026-09-11 03:00:48
124244754;10000087;2026-09-15 09:30;2026-09-11 03:00:48
124244754;10000087;2026-09-15 11:30;2026-09-11 03:00:48
124244754;10000087;2026-09-15 09:00;2026-09-11 03:00:48
124244754;10000087;2026-09-15 11:00;2026-09-11 03:00:48
124244754;10000087;2026-09-17 11:45;2026-09-11 03:00:48
124244754;10000087;2026-09-17 09:30;2026-09-11 03:00:48
124244754;10000087;2026-09-17 11:30;2026-09-11 03:00:48
124244754;10000087;2026-09-17 07:45;2026-09-11 03:00:48
124244754;10000087;2026-09-17 09:00;2026-09-11 03:00:48
124244754;10000087;2026-09-17 12:00;2026-09-11 03:00:48
124244754;10000087;2026-09-17 12:15;2026-09-11 03:00:48
124244754;10000087;2026-09-17 12:30;2026-09-11 03:00:48
124244754;10000087;2026-09-17 11:00;2026-09-11 03:00:48
124244754;10000087;2026-09-23 11:45;2026-09-11 03:00:48
124244754;10000087;2026-09-23 08:45;2026-09-11 03:00:48
124244754;10000087;2026-09-23 09:30;2026-09-11 03:00:48
124244754;10000087;2026-09-23 09:45;2026-09-11 03:00:48
124244754;10000087;2026-09-23 10:15;2026-09-11 03:00:48
124244754;10000087;2026-09-23 11:30;2026-09-11 03:00:48
124244754;10000087;2026-09-23 09:15;2026-09-11 03:00:48
124244754;10000087;2026-09-23 07:45;2026-09-11 03:00:48
124244754;10000087;2026-09-23 08:30;2026-09-11 03:00:48
124244754;10000087;2026-09-23 09:00;2026-09-11 03:00:48
124244754;10000087;2026-09-23 10:00;2026-09-11 03:00:48
124244754;10000087;2026-09-23 12:00;2026-09-11 03:00:48
124244754;10000087;2026-09-23 12:15;2026-09-11 03:00:48
124244754;10000087;2026-09-23 11:00;2026-09-11 03:00:48
124244754;10000087;2026-09-23 11:15;2026-09-11 03:00:48
124244754;10000087;2026-09-16 17:45;2026-09-11 03:00:48
124244754;10000087;2026-09-16 17:00;2026-09-11 03:00:48
124244754;10000087;2026-09-16 17:15;2026-09-11 03:00:48
124244754;10000087;2026-09-16 17:30;2026-09-11 03:00:48
124244754;10000087;2026-09-16 18:00;2026-09-11 03:00:48
124244754;10000087;2026-10-02 14:15;2026-09-11 03:00:48
124244754;10000087;2026-10-02 15:15;2026-09-11 03:00:48
124244754;10000087;2026-10-02 16:30;2026-09-11 03:00:48
124244754;10000087;2026-10-02 16:45;2026-09-11 03:00:48
124244754;10000087;2026-10-02 17:00;2026-09-11 03:00:48
124244754;10000087;2026-10-02 17:15;2026-09-11 03:00:48
124244754;10000087;2026-10-02 17:30;2026-09-11 03:00:48
124244754;10000087;2026-10-02 17:45;2026-09-11 03:00:48
124244754;10000087;2026-10-02 19:15;2026-09-11 03:00:48
124244754;10000087;2026-10-02 18:00;2026-09-11 03:00:48
124244754;10000087;2026-10-02 18:15;2026-09-11 03:00:48
124244754;10000087;2026-10-02 18:30;2026-09-11 03:00:48
124244754;10000087;2026-10-02 18:45;2026-09-11 03:00:48
124244754;10000087;2026-10-02 19:00;2026-09-11 03:00:48
124244754;10000087;2026-10-02 15:00;2026-09-11 03:00:48
124244754;10000087;2026-10-02 14:30;2026-09-11 03:00:48
124244754;10000087;2026-10-02 14:45;2026-09-11 03:00:48
124244754;10000087;2026-10-05 08:00;2026-09-11 03:00:48
124244754;10000087;2026-10-05 09:30;2026-09-11 03:00:48
124244754;10000087;2026-10-05 09:45;2026-09-11 03:00:48
124244754;10000087;2026-10-05 10:15;2026-09-11 03:00:48
124244754;10000087;2026-10-05 11:30;2026-09-11 03:00:48
124244754;10000087;2026-10-05 11:45;2026-09-11 03:00:48
124244754;10000087;2026-10-05 09:15;2026-09-11 03:00:48
124244754;10000087;2026-10-05 07:30;2026-09-11 03:00:48
124244754;10000087;2026-10-05 07:45;2026-09-11 03:00:48
124244754;10000087;2026-10-05 09:00;2026-09-11 03:00:48
124244754;10000087;2026-10-05 10:00;2026-09-11 03:00:48
124244754;10000087;2026-10-05 12:00;2026-09-11 03:00:48
124244754;10000087;2026-10-05 12:15;2026-09-11 03:00:48
124244754;10000087;2026-10-05 11:15;2026-09-11 03:00:48
124244754;10000087;2026-10-09 08:00;2026-09-11 03:00:48
124244754;10000087;2026-10-09 09:30;2026-09-11 03:00:48
124244754;10000087;2026-10-09 09:45;2026-09-11 03:00:48
124244754;10000087;2026-10-09 10:15;2026-09-11 03:00:48
124244754;10000087;2026-10-09 11:30;2026-09-11 03:00:48
124244754;10000087;2026-10-09 11:45;2026-09-11 03:00:48
124244754;10000087;2026-10-09 09:15;2026-09-11 03:00:48
124244754;10000087;2026-10-09 07:30;2026-09-11 03:00:48
124244754;10000087;2026-10-09 07:45;2026-09-11 03:00:48
124244754;10000087;2026-10-09 08:15;2026-09-11 03:00:48
124244754;10000087;2026-10-09 09:00;2026-09-11 03:00:48
124244754;10000087;2026-10-09 10:00;2026-09-11 03:00:48
124244754;10000087;2026-10-09 12:00;2026-09-11 03:00:48
124244754;10000087;2026-10-09 12:15;2026-09-11 03:00:48
124244754;10000087;2026-10-09 12:30;2026-09-11 03:00:48
124244754;10000087;2026-10-09 11:00;2026-09-11 03:00:48
124244754;10000087;2026-10-09 11:15;2026-09-11 03:00:48
124244754;10000087;2026-10-01 11:45;2026-09-11 03:00:48
124244754;10000087;2026-10-01 08:45;2026-09-11 03:00:48
124244754;10000087;2026-10-01 09:45;2026-09-11 03:00:48
124244754;10000087;2026-10-01 10:15;2026-09-11 03:00:48
124244754;10000087;2026-10-01 11:30;2026-09-11 03:00:48
124244754;10000087;2026-10-01 09:15;2026-09-11 03:00:48
124244754;10000087;2026-10-01 09:00;2026-09-11 03:00:48
124244754;10000087;2026-10-01 10:00;2026-09-11 03:00:48
124244754;10000087;2026-10-01 12:00;2026-09-11 03:00:48
124244754;10000087;2026-10-01 12:15;2026-09-11 03:00:48
124244754;10000087;2026-10-01 12:30;2026-09-11 03:00:48
124244754;10000087;2026-10-01 11:00;2026-09-11 03:00:48
124244754;10000087;2026-10-01 11:15;2026-09-11 03:00:48
124244754;10000087;2026-10-07 11:45;2026-09-11 03:00:48
124244754;10000087;2026-10-07 08:45;2026-09-11 03:00:48
124244754;10000087;2026-10-07 09:30;2026-09-11 03:00:48
124244754;10000087;2026-10-07 09:45;2026-09-11 03:00:48
124244754;10000087;2026-10-07 10:15;2026-09-11 03:00:48
124244754;10000087;2026-10-07 11:30;2026-09-11 03:00:48
124244754;10000087;2026-10-07 09:15;2026-09-11 03:00:48
124244754;10000087;2026-10-07 07:30;2026-09-11 03:00:48
124244754;10000087;2026-10-07 07:45;2026-09-11 03:00:48
124244754;10000087;2026-10-07 08:30;2026-09-11 03:00:48
124244754;10000087;2026-10-07 09:00;2026-09-11 03:00:48
124244754;10000087;2026-10-07 10:00;2026-09-11 03:00:48
124244754;10000087;2026-10-07 12:00;2026-09-11 03:00:48
124244754;10000087;2026-10-07 12:15;2026-09-11 03:00:48
124244754;10000087;2026-10-07 12:30;2026-09-11 03:00:48
124244754;10000087;2026-10-07 11:00;2026-09-11 03:00:48
124244754;10000087;2026-10-07 11:15;2026-09-11 03:00:48
124244754;10000087;2026-10-06 16:00;2026-09-11 03:00:48
124244754;10000087;2026-10-06 17:45;2026-09-11 03:00:48
124244754;10000087;2026-10-06 14:45;2026-09-11 03:00:48
124244754;10000087;2026-10-06 16:15;2026-09-11 03:00:48
124244754;10000087;2026-10-06 16:30;2026-09-11 03:00:48
124244754;10000087;2026-10-06 16:45;2026-09-11 03:00:48
124244754;10000087;2026-10-06 17:00;2026-09-11 03:00:48
124244754;10000087;2026-10-06 17:15;2026-09-11 03:00:48
124244754;10000087;2026-10-06 17:30;2026-09-11 03:00:48
124244754;10000087;2026-10-06 19:15;2026-09-11 03:00:48
124244754;10000087;2026-10-06 18:00;2026-09-11 03:00:48
124244754;10000087;2026-10-06 18:15;2026-09-11 03:00:48
124244754;10000087;2026-10-06 18:30;2026-09-11 03:00:48
124244754;10000087;2026-10-06 18:45;2026-09-11 03:00:48
124244754;10000087;2026-10-06 19:00;2026-09-11 03:00:48
124244754;10000087;2026-10-08 16:00;2026-09-11 03:00:48
124244754;10000087;2026-10-08 17:45;2026-09-11 03:00:48
124244754;10000087;2026-10-08 14:15;2026-09-11 03:00:48
124244754;10000087;2026-10-08 14:30;2026-09-11 03:00:48
124244754;10000087;2026-10-08 14:45;2026-09-11 03:00:48
124244754;10000087;2026-10-08 14:00;2026-09-11 03:00:48
124244754;10000087;2026-10-08 16:15;2026-09-11 03:00:48
124244754;10000087;2026-10-08 16:30;2026-09-11 03:00:48
124244754;10000087;2026-10-08 16:45;2026-09-11 03:00:48
124244754;10000087;2026-10-08 17:00;2026-09-11 03:00:48
124244754;10000087;2026-10-08 17:15;2026-09-11 03:00:48
124244754;10000087;2026-10-08 17:30;2026-09-11 03:00:48
124244754;10000087;2026-10-08 19:15;2026-09-11 03:00:48
124244754;10000087;2026-10-08 18:00;2026-09-11 03:00:48
124244754;10000087;2026-10-08 18:15;2026-09-11 03:00:48
124244754;10000087;2026-10-08 18:30;2026-09-11 03:00:48
124244754;10000087;2026-10-08 18:45;2026-09-11 03:00:48
124244754;10000087;2026-10-08 19:00;2026-09-11 03:00:48
124244754;10000087;2026-09-11 07:30;2026-09-11 03:00:48
124244754;10003072;2026-09-11 14:15;2026-09-11 03:00:48
124244754;10003072;2026-09-11 14:30;2026-09-11 03:00:48
124244754;10003072;2026-09-11 14:45;2026-09-11 03:00:48
124244754;10003072;2026-09-11 15:00;2026-09-11 03:00:48
124244754;10003072;2026-09-11 15:15;2026-09-11 03:00:48
124244754;10003072;2026-09-11 15:30;2026-09-11 03:00:48
124244754;10003072;2026-09-14 09:15;2026-09-11 03:00:48
124244754;10003072;2026-09-14 09:30;2026-09-11 03:00:48
124244754;10003072;2026-09-14 09:45;2026-09-11 03:00:48
124244754;10003072;2026-09-14 10:00;2026-09-11 03:00:48
124244754;10003072;2026-09-14 10:15;2026-09-11 03:00:48
124244754;10003072;2026-09-14 10:30;2026-09-11 03:00:48
124244754;10003072;2026-09-15 14:15;2026-09-11 03:00:48
124244754;10003072;2026-09-15 14:30;2026-09-11 03:00:48
124244754;10003072;2026-09-15 14:45;2026-09-11 03:00:48
124244754;10003072;2026-09-15 15:00;2026-09-11 03:00:48
124244754;10003072;2026-09-15 15:15;2026-09-11 03:00:48
124244754;10003072;2026-09-15 19:00;2026-09-11 03:00:48
124244754;10003072;2026-09-16 09:15;2026-09-11 03:00:48
124244754;10003072;2026-09-16 09:30;2026-09-11 03:00:48
124244754;10003072;2026-09-16 09:45;2026-09-11 03:00:48
124244754;10003072;2026-09-16 10:00;2026-09-11 03:00:48
124244754;10003072;2026-09-16 10:15;2026-09-11 03:00:48
124244754;10003072;2026-09-16 10:30;2026-09-11 03:00:48
124244754;10003072;2026-09-16 13:45;2026-09-11 03:00:48
124244754;10003072;2026-09-17 14:15;2026-09-11 03:00:48
124244754;10003072;2026-09-17 14:30;2026-09-11 03:00:48
124244754;10003072;2026-09-17 14:45;2026-09-11 03:00:48
124244754;10003072;2026-09-17 15:00;2026-09-11 03:00:48
124244754;10003072;2026-09-17 15:15;2026-09-11 03:00:48
124244754;10003072;2026-09-17 15:45;2026-09-11 03:00:48
124244754;10003072;2026-09-18 08:15;2026-09-11 03:00:48
124244754;10003072;2026-09-18 08:30;2026-09-11 03:00:48
124244754;10003072;2026-09-18 08:45;2026-09-11 03:00:48
124244754;10003072;2026-09-18 09:00;2026-09-11 03:00:48
124244754;10003072;2026-09-18 09:15;2026-09-11 03:00:48
124244754;10003072;2026-09-18 09:30;2026-09-11 03:00:48
124244754;10003072;2026-09-18 09:45;2026-09-11 03:00:48
124244754;10003072;2026-09-18 10:00;2026-09-11 03:00:48
124244754;10003072;2026-09-18 10:15;2026-09-11 03:00:48
124244754;10003072;2026-09-18 10:30;2026-09-11 03:00:48
124244754;10003072;2026-09-18 11:30;2026-09-11 03:00:48
124244754;10003072;2026-09-18 11:45;2026-09-11 03:00:48
124244754;10003072;2026-09-18 12:00;2026-09-11 03:00:48
124244754;10003072;2026-09-18 12:15;2026-09-11 03:00:48
124244754;10003072;2026-09-18 13:30;2026-09-11 03:00:48
124244754;10003072;2026-09-21 08:30;2026-09-11 03:00:48
124244754;10003072;2026-09-21 08:45;2026-09-11 03:00:48
124244754;10003072;2026-09-21 09:00;2026-09-11 03:00:48
124244754;10003072;2026-09-21 09:15;2026-09-11 03:00:48
124244754;10003072;2026-09-21 09:30;2026-09-11 03:00:48
124244754;10003072;2026-09-21 09:45;2026-09-11 03:00:48
124244754;10003072;2026-09-21 10:00;2026-09-11 03:00:48
124244754;10003072;2026-09-21 10:15;2026-09-11 03:00:48
124244754;10003072;2026-09-21 10:30;2026-09-11 03:00:48
124244754;10003072;2026-09-21 10:45;2026-09-11 03:00:48
124244754;10003072;2026-09-21 11:30;2026-09-11 03:00:48
124244754;10003072;2026-09-21 11:45;2026-09-11 03:00:48
124244754;10003072;2026-09-21 12:00;2026-09-11 03:00:48
124244754;10003072;2026-09-21 12:15;2026-09-11 03:00:48
124244754;10003072;2026-09-21 12:30;2026-09-11 03:00:48
124244754;10003072;2026-09-21 12:45;2026-09-11 03:00:48
124244754;10003072;2026-09-21 13:00;2026-09-11 03:00:48
124244754;10003072;2026-09-21 13:15;2026-09-11 03:00:48
124244754;10003072;2026-09-21 13:30;2026-09-11 03:00:48
124244754;10003072;2026-09-21 13:45;2026-09-11 03:00:48
124244754;10003072;2026-09-22 13:45;2026-09-11 03:00:48
124244754;10003072;2026-09-22 14:00;2026-09-11 03:00:48
124244754;10003072;2026-09-22 14:15;2026-09-11 03:00:48
124244754;10003072;2026-09-22 14:30;2026-09-11 03:00:48
124244754;10003072;2026-09-22 14:45;2026-09-11 03:00:48
124244754;10003072;2026-09-22 15:00;2026-09-11 03:00:48
124244754;10003072;2026-09-22 15:15;2026-09-11 03:00:48
124244754;10003072;2026-09-22 15:30;2026-09-11 03:00:48
124244754;10003072;2026-09-22 15:45;2026-09-11 03:00:48
124244754;10003072;2026-09-22 16:00;2026-09-11 03:00:48
124244754;10003072;2026-09-22 16:15;2026-09-11 03:00:48
124244754;10003072;2026-09-22 17:00;2026-09-11 03:00:48
124244754;10003072;2026-09-22 17:45;2026-09-11 03:00:48
124244754;10003072;2026-09-22 18:00;2026-09-11 03:00:48
124244754;10003072;2026-09-22 18:15;2026-09-11 03:00:48
124244754;10003072;2026-09-22 18:30;2026-09-11 03:00:48
124244754;10003072;2026-09-22 18:45;2026-09-11 03:00:48
124244754;10003072;2026-09-22 19:00;2026-09-11 03:00:48
124244754;10003072;2026-09-23 08:30;2026-09-11 03:00:48
124244754;10003072;2026-09-23 08:45;2026-09-11 03:00:48
124244754;10003072;2026-09-23 09:00;2026-09-11 03:00:48
124244754;10003072;2026-09-23 09:15;2026-09-11 03:00:48
124244754;10003072;2026-09-23 09:30;2026-09-11 03:00:48
124244754;10003072;2026-09-23 09:45;2026-09-11 03:00:48
124244754;10003072;2026-09-23 10:00;2026-09-11 03:00:48
124244754;10003072;2026-09-23 10:15;2026-09-11 03:00:48
124244754;10003072;2026-09-23 10:30;2026-09-11 03:00:48
124244754;10003072;2026-09-23 10:45;2026-09-11 03:00:48
124244754;10003072;2026-09-23 11:30;2026-09-11 03:00:48
124244754;10003072;2026-09-23 11:45;2026-09-11 03:00:48
124244754;10003072;2026-09-23 12:00;2026-09-11 03:00:48
124244754;10003072;2026-09-23 12:15;2026-09-11 03:00:48
124244754;10003072;2026-09-23 12:30;2026-09-11 03:00:48
124244754;10003072;2026-09-23 12:45;2026-09-11 03:00:48
124244754;10003072;2026-09-23 13:00;2026-09-11 03:00:48
124244754;10003072;2026-09-23 13:15;2026-09-11 03:00:48
124244754;10003072;2026-09-23 13:30;2026-09-11 03:00:48
124244754;10003072;2026-09-23 13:45;2026-09-11 03:00:48
124244754;10003072;2026-09-24 14:00;2026-09-11 03:00:48
124244754;10003072;2026-09-24 14:15;2026-09-11 03:00:48
124244754;10003072;2026-09-24 14:30;2026-09-11 03:00:48
124244754;10003072;2026-09-24 14:45;2026-09-11 03:00:48
124244754;10003072;2026-09-24 15:00;2026-09-11 03:00:48
124244754;10003072;2026-09-24 15:15;2026-09-11 03:00:48
124244754;10003072;2026-09-24 15:30;2026-09-11 03:00:48
124244754;10003072;2026-09-24 15:45;2026-09-11 03:00:48
124244754;10003072;2026-09-24 16:00;2026-09-11 03:00:48
124244754;10003072;2026-09-24 16:15;2026-09-11 03:00:48
124244754;10003072;2026-09-24 17:00;2026-09-11 03:00:48
124244754;10003072;2026-09-24 17:15;2026-09-11 03:00:48
124244754;10003072;2026-09-24 17:45;2026-09-11 03:00:48
124244754;10003072;2026-09-24 18:00;2026-09-11 03:00:48
124244754;10003072;2026-09-24 18:15;2026-09-11 03:00:48
124244754;10003072;2026-09-24 18:30;2026-09-11 03:00:48
124244754;10003072;2026-09-24 18:45;2026-09-11 03:00:48
124244754;10003072;2026-09-24 19:00;2026-09-11 03:00:48
124244754;10003072;2026-09-28 08:30;2026-09-11 03:00:48
124244754;10003072;2026-09-28 08:45;2026-09-11 03:00:48
124244754;10003072;2026-09-28 09:00;2026-09-11 03:00:48
124244754;10003072;2026-09-28 09:15;2026-09-11 03:00:48
124244754;10003072;2026-09-28 09:30;2026-09-11 03:00:48
124244754;10003072;2026-09-28 09:45;2026-09-11 03:00:48
124244754;10003072;2026-09-28 10:00;2026-09-11 03:00:48
124244754;10003072;2026-09-28 10:15;2026-09-11 03:00:48
124244754;10003072;2026-09-28 10:30;2026-09-11 03:00:48
124244754;10003072;2026-09-28 11:30;2026-09-11 03:00:48
124244754;10003072;2026-09-28 11:45;2026-09-11 03:00:48
124244754;10003072;2026-09-28 12:00;2026-09-11 03:00:48
124244754;10003072;2026-09-28 12:15;2026-09-11 03:00:48
124244754;10003072;2026-09-28 12:30;2026-09-11 03:00:48
124244754;10003072;2026-09-28 12:45;2026-09-11 03:00:48
124244754;10003072;2026-09-28 13:00;2026-09-11 03:00:48
124244754;10003072;2026-09-28 13:15;2026-09-11 03:00:48
124244754;10003072;2026-09-28 13:30;2026-09-11 03:00:48
124244754;10003072;2026-09-28 13:45;2026-09-11 03:00:48
124244754;10003072;2026-09-29 13:45;2026-09-11 03:00:48
124244754;10003072;2026-09-29 14:00;2026-09-11 03:00:48
124244754;10003072;2026-09-29 14:15;2026-09-11 03:00:48
124244754;10003072;2026-09-29 14:30;2026-09-11 03:00:48
124244754;10003072;2026-09-29 14:45;2026-09-11 03:00:48
124244754;10003072;2026-09-29 15:00;2026-09-11 03:00:48
124244754;10003072;2026-09-29 15:15;2026-09-11 03:00:48
124244754;10003072;2026-09-29 15:30;2026-09-11 03:00:48
124244754;10003072;2026-09-29 15:45;2026-09-11 03:00:48
124244754;10003072;2026-09-29 16:00;2026-09-11 03:00:48
124244754;10003072;2026-09-29 16:15;2026-09-11 03:00:48
124244754;10003072;2026-09-29 17:00;2026-09-11 03:00:48
124244754;10003072;2026-09-29 17:15;2026-09-11 03:00:48
124244754;10003072;2026-09-29 17:30;2026-09-11 03:00:48
124244754;10003072;2026-09-29 17:45;2026-09-11 03:00:48
124244754;10003072;2026-09-29 18:00;2026-09-11 03:00:48
124244754;10003072;2026-09-29 18:15;2026-09-11 03:00:48
124244754;10003072;2026-09-29 18:30;2026-09-11 03:00:48
124244754;10003072;2026-09-29 18:45;2026-09-11 03:00:48
124244754;10003072;2026-09-29 19:00;2026-09-11 03:00:48
124244754;10003072;2026-09-30 08:30;2026-09-11 03:00:48
124244754;10003072;2026-09-30 08:45;2026-09-11 03:00:48
124244754;10003072;2026-09-30 09:00;2026-09-11 03:00:48
124244754;10003072;2026-09-30 09:15;2026-09-11 03:00:48
124244754;10003072;2026-09-30 09:30;2026-09-11 03:00:48
124244754;10003072;2026-09-30 09:45;2026-09-11 03:00:48
124244754;10003072;2026-09-30 10:00;2026-09-11 03:00:48
124244754;10003072;2026-09-30 10:15;2026-09-11 03:00:48
124244754;10003072;2026-09-30 10:30;2026-09-11 03:00:48
124244754;10003072;2026-09-30 10:45;2026-09-11 03:00:48
124244754;10003072;2026-09-30 11:30;2026-09-11 03:00:48
124244754;10003072;2026-09-30 11:45;2026-09-11 03:00:48
124244754;10003072;2026-09-30 12:00;2026-09-11 03:00:48
124244754;10003072;2026-09-30 12:15;2026-09-11 03:00:48
124244754;10003072;2026-09-30 12:30;2026-09-11 03:00:48
124244754;10003072;2026-09-30 12:45;2026-09-11 03:00:48
124244754;10003072;2026-09-30 13:00;2026-09-11 03:00:48
124244754;10003072;2026-09-30 13:15;2026-09-11 03:00:48
124244754;10003072;2026-09-30 13:30;2026-09-11 03:00:48
124244754;10003072;2026-09-30 13:45;2026-09-11 03:00:48
124244754;10003072;2026-10-01 13:45;2026-09-11 03:00:48
124244754;10003072;2026-10-01 14:00;2026-09-11 03:00:48
124244754;10003072;2026-10-01 14:15;2026-09-11 03:00:48
124244754;10003072;2026-10-01 14:30;2026-09-11 03:00:48
124244754;10003072;2026-10-01 14:45;2026-09-11 03:00:48
124244754;10003072;2026-10-01 15:00;2026-09-11 03:00:48
124244754;10003072;2026-10-01 15:15;2026-09-11 03:00:48
124244754;10003072;2026-10-01 15:30;2026-09-11 03:00:48
124244754;10003072;2026-10-01 15:45;2026-09-11 03:00:48
124244754;10003072;2026-10-01 16:00;2026-09-11 03:00:48
124244754;10003072;2026-10-01 16:15;2026-09-11 03:00:48
124244754;10003072;2026-10-01 17:00;2026-09-11 03:00:48
124244754;10003072;2026-10-01 17:45;2026-09-11 03:00:48
124244754;10003072;2026-10-01 18:15;2026-09-11 03:00:48
124244754;10003072;2026-10-01 18:30;2026-09-11 03:00:48
124244754;10003072;2026-10-01 18:45;2026-09-11 03:00:48
124244754;10003072;2026-10-01 19:00;2026-09-11 03:00:48
124244754;10003072;2026-10-02 08:15;2026-09-11 03:00:48
124244754;10003072;2026-10-02 08:30;2026-09-11 03:00:48
124244754;10003072;2026-10-02 08:45;2026-09-11 03:00:48
124244754;10003072;2026-10-02 09:00;2026-09-11 03:00:48
124244754;10003072;2026-10-02 09:15;2026-09-11 03:00:48
124244754;10003072;2026-10-02 09:30;2026-09-11 03:00:48
124244754;10003072;2026-10-02 09:45;2026-09-11 03:00:48
124244754;10003072;2026-10-02 10:00;2026-09-11 03:00:48
124244754;10003072;2026-10-02 10:15;2026-09-11 03:00:48
124244754;10003072;2026-10-02 10:30;2026-09-11 03:00:48
124244754;10003072;2026-10-02 10:45;2026-09-11 03:00:48
124244754;10003072;2026-10-02 11:30;2026-09-11 03:00:48
124244754;10003072;2026-10-02 11:45;2026-09-11 03:00:48
124244754;10003072;2026-10-02 12:00;2026-09-11 03:00:48
124244754;10003072;2026-10-02 12:15;2026-09-11 03:00:48
124244754;10003072;2026-10-02 12:45;2026-09-11 03:00:48
124244754;10003072;2026-10-02 13:00;2026-09-11 03:00:48
124244754;10003072;2026-10-02 13:15;2026-09-11 03:00:48
124244754;10003072;2026-10-02 13:30;2026-09-11 03:00:48
124244754;10003072;2026-10-05 08:30;2026-09-11 03:00:48
124244754;10003072;2026-10-05 08:45;2026-09-11 03:00:48
124244754;10003072;2026-10-05 09:00;2026-09-11 03:00:48
124244754;10003072;2026-10-05 09:15;2026-09-11 03:00:48
124244754;10003072;2026-10-05 09:30;2026-09-11 03:00:48
124244754;10003072;2026-10-05 09:45;2026-09-11 03:00:48
124244754;10003072;2026-10-05 10:00;2026-09-11 03:00:48
124244754;10003072;2026-10-05 10:15;2026-09-11 03:00:48
124244754;10003072;2026-10-05 10:30;2026-09-11 03:00:48
124244754;10003072;2026-10-05 10:45;2026-09-11 03:00:48
124244754;10003072;2026-10-05 11:30;2026-09-11 03:00:48
124244754;10003072;2026-10-05 11:45;2026-09-11 03:00:48
124244754;10003072;2026-10-05 12:00;2026-09-11 03:00:48
124244754;10003072;2026-10-05 12:15;2026-09-11 03:00:48
124244754;10003072;2026-10-05 12:30;2026-09-11 03:00:48
124244754;10003072;2026-10-05 12:45;2026-09-11 03:00:48
124244754;10003072;2026-10-05 13:00;2026-09-11 03:00:48
124244754;10003072;2026-10-05 13:15;2026-09-11 03:00:48
124244754;10003072;2026-10-05 13:45;2026-09-11 03:00:48
124244754;10003072;2026-10-06 13:45;2026-09-11 03:00:48
124244754;10003072;2026-10-06 14:15;2026-09-11 03:00:48
124244754;10003072;2026-10-06 14:30;2026-09-11 03:00:48
124244754;10003072;2026-10-06 14:45;2026-09-11 03:00:48
124244754;10003072;2026-10-06 15:00;2026-09-11 03:00:48
124244754;10003072;2026-10-06 15:15;2026-09-11 03:00:48
124244754;10003072;2026-10-06 15:45;2026-09-11 03:00:48
124244754;10003072;2026-10-06 16:00;2026-09-11 03:00:48
124244754;10003072;2026-10-06 16:15;2026-09-11 03:00:48
124244754;10003072;2026-10-06 17:00;2026-09-11 03:00:48
124244754;10003072;2026-10-06 17:15;2026-09-11 03:00:48
124244754;10003072;2026-10-06 17:30;2026-09-11 03:00:48
124244754;10003072;2026-10-06 17:45;2026-09-11 03:00:48
124244754;10003072;2026-10-06 18:15;2026-09-11 03:00:48
124244754;10003072;2026-10-06 18:30;2026-09-11 03:00:48
124244754;10003072;2026-10-06 18:45;2026-09-11 03:00:48
124244754;10003072;2026-10-06 19:00;2026-09-11 03:00:48
124244754;10003072;2026-10-07 08:30;2026-09-11 03:00:48
124244754;10003072;2026-10-07 08:45;2026-09-11 03:00:48
124244754;10003072;2026-10-07 09:15;2026-09-11 03:00:48
124244754;10003072;2026-10-07 09:30;2026-09-11 03:00:48
124244754;10003072;2026-10-07 09:45;2026-09-11 03:00:48
124244754;10003072;2026-10-07 10:00;2026-09-11 03:00:48
124244754;10003072;2026-10-07 10:15;2026-09-11 03:00:48
124244754;10003072;2026-10-07 10:30;2026-09-11 03:00:48
124244754;10003072;2026-10-07 10:45;2026-09-11 03:00:48
124244754;10003072;2026-10-07 11:30;2026-09-11 03:00:48
124244754;10003072;2026-10-07 11:45;2026-09-11 03:00:48
124244754;10003072;2026-10-07 12:00;2026-09-11 03:00:48
124244754;10003072;2026-10-07 12:15;2026-09-11 03:00:48
124244754;10003072;2026-10-07 12:30;2026-09-11 03:00:48
124244754;10003072;2026-10-07 12:45;2026-09-11 03:00:48
124244754;10003072;2026-10-07 13:00;2026-09-11 03:00:48
124244754;10003072;2026-10-07 13:15;2026-09-11 03:00:48
124244754;10003072;2026-10-07 13:30;2026-09-11 03:00:48
124244754;10003072;2026-10-07 13:45;2026-09-11 03:00:48
124244754;10003072;2026-10-08 13:45;2026-09-11 03:00:48
124244754;10003072;2026-10-08 14:00;2026-09-11 03:00:48
124244754;10003072;2026-10-08 14:15;2026-09-11 03:00:48
124244754;10003072;2026-10-08 14:30;2026-09-11 03:00:48
124244754;10003072;2026-10-08 14:45;2026-09-11 03:00:48
124244754;10003072;2026-10-08 15:00;2026-09-11 03:00:48
124244754;10003072;2026-10-08 15:15;2026-09-11 03:00:48
124244754;10003072;2026-10-08 15:30;2026-09-11 03:00:48
124244754;10003072;2026-10-08 15:45;2026-09-11 03:00:48
124244754;10003072;2026-10-08 16:00;2026-09-11 03:00:48
124244754;10003072;2026-10-08 16:15;2026-09-11 03:00:48
124244754;10003072;2026-10-08 17:00;2026-09-11 03:00:48
124244754;10003072;2026-10-08 17:15;2026-09-11 03:00:48
124244754;10003072;2026-10-08 17:30;2026-09-11 03:00:48
124244754;10003072;2026-10-08 17:45;2026-09-11 03:00:48
124244754;10003072;2026-10-08 18:00;2026-09-11 03:00:48
124244754;10003072;2026-10-08 18:15;2026-09-11 03:00:48
124244754;10003072;2026-10-08 18:30;2026-09-11 03:00:48
124244754;10003072;2026-10-08 18:45;2026-09-11 03:00:48
124244754;10003072;2026-10-08 19:00;2026-09-11 03:00:48
124244754;10003072;2026-10-09 13:45;2026-09-11 03:00:48
124244754;10003072;2026-10-09 14:00;2026-09-11 03:00:48
124244754;10003072;2026-10-09 14:15;2026-09-11 03:00:48
124244754;10003072;2026-10-09 14:30;2026-09-11 03:00:48
124244754;10003072;2026-10-09 14:45;2026-09-11 03:00:48
124244754;10003072;2026-10-09 15:00;2026-09-11 03:00:48
124244754;10003072;2026-10-09 15:15;2026-09-11 03:00:48
124244754;10003072;2026-10-09 15:30;2026-09-11 03:00:48
124244754;10003072;2026-10-09 15:45;2026-09-11 03:00:48
124244754;10003072;2026-10-09 16:00;2026-09-11 03:00:48
124244754;10003072;2026-10-09 16:15;2026-09-11 03:00:48
124244754;10003072;2026-10-09 17:00;2026-09-11 03:00:48
124244754;10003072;2026-10-09 17:15;2026-09-11 03:00:48
124244754;10003072;2026-10-09 17:30;2026-09-11 03:00:48
124244754;10003072;2026-10-09 17:45;2026-09-11 03:00:48
124244754;10003072;2026-10-09 18:00;2026-09-11 03:00:48
124244754;10003072;2026-10-09 18:15;2026-09-11 03:00:48
124244754;10003072;2026-10-09 18:30;2026-09-11 03:00:48
124244754;10003072;2026-10-09 18:45;2026-09-11 03:00:48
124244754;10003072;2026-10-09 19:00;2026-09-11 03:00:48
124244754;10003072;2026-10-06 18:00;2026-09-11 03:00:48
124244754;10213192;2026-09-11 13:30;2026-09-11 03:00:48
124244754;10213192;2026-09-11 13:45;2026-09-11 03:00:48
124244754;10213192;2026-09-11 14:00;2026-09-11 03:00:48
124244754;10213192;2026-09-14 11:00;2026-09-11 03:00:48
124244754;10213192;2026-09-14 11:15;2026-09-11 03:00:48
124244754;10213192;2026-09-14 11:30;2026-09-11 03:00:48
124244754;10213192;2026-09-14 11:45;2026-09-11 03:00:48
124244754;10213192;2026-09-14 12:00;2026-09-11 03:00:48
124244754;10213192;2026-09-14 12:15;2026-09-11 03:00:48
124244754;10213192;2026-09-14 12:30;2026-09-11 03:00:48
124244754;10213192;2026-09-14 12:45;2026-09-11 03:00:48
124244754;10213192;2026-09-15 13:30;2026-09-11 03:00:48
124244754;10213192;2026-09-15 13:45;2026-09-11 03:00:48
124244754;10213192;2026-09-15 14:00;2026-09-11 03:00:48
124244754;10213192;2026-09-15 14:15;2026-09-11 03:00:48
124244754;10213192;2026-09-15 14:30;2026-09-11 03:00:48
124244754;10213192;2026-09-15 14:45;2026-09-11 03:00:48
124244754;10213192;2026-09-16 11:30;2026-09-11 03:00:48
124244754;10213192;2026-09-16 11:45;2026-09-11 03:00:48
124244754;10213192;2026-09-16 12:00;2026-09-11 03:00:48
124244754;10213192;2026-09-16 12:15;2026-09-11 03:00:48
124244754;10213192;2026-09-16 12:30;2026-09-11 03:00:48
124244754;10213192;2026-09-16 12:45;2026-09-11 03:00:48
124244754;10213192;2026-09-17 13:30;2026-09-11 03:00:48
124244754;10213192;2026-09-17 13:45;2026-09-11 03:00:48
124244754;10213192;2026-09-17 14:00;2026-09-11 03:00:48
124244754;10213192;2026-09-17 14:15;2026-09-11 03:00:48
124244754;10213192;2026-09-17 14:30;2026-09-11 03:00:48
124244754;10213192;2026-09-17 14:45;2026-09-11 03:00:48
124244754;10213192;2026-09-18 11:30;2026-09-11 03:00:48
124244754;10213192;2026-09-18 11:45;2026-09-11 03:00:48
124244754;10213192;2026-09-18 12:00;2026-09-11 03:00:48
124244754;10213192;2026-09-18 12:15;2026-09-11 03:00:48
124244754;10213192;2026-09-18 12:30;2026-09-11 03:00:48
124244754;10213192;2026-09-18 12:45;2026-09-11 03:00:48
124244754;10213192;2026-09-21 13:30;2026-09-11 03:00:48
124244754;10213192;2026-09-21 13:45;2026-09-11 03:00:48
124244754;10213192;2026-09-21 14:00;2026-09-11 03:00:48
124244754;10213192;2026-09-21 14:15;2026-09-11 03:00:48
124244754;10213192;2026-09-21 14:30;2026-09-11 03:00:48
124244754;10213192;2026-09-21 14:45;2026-09-11 03:00:48
124244754;10213192;2026-09-21 15:00;2026-09-11 03:00:48
124244754;10213192;2026-09-21 15:15;2026-09-11 03:00:48
124244754;10213192;2026-09-22 11:30;2026-09-11 03:00:48
124244754;10213192;2026-09-22 11:45;2026-09-11 03:00:48
124244754;10213192;2026-09-22 12:00;2026-09-11 03:00:48
124244754;10213192;2026-09-22 12:15;2026-09-11 03:00:48
124244754;10213192;2026-09-22 12:30;2026-09-11 03:00:48
124244754;10213192;2026-09-22 12:45;2026-09-11 03:00:48
124244754;10213192;2026-09-23 13:30;2026-09-11 03:00:48
124244754;10213192;2026-09-23 13:45;2026-09-11 03:00:48
124244754;10213192;2026-09-23 14:00;2026-09-11 03:00:48
124244754;10213192;2026-09-23 14:15;2026-09-11 03:00:48
124244754;10213192;2026-09-23 14:30;2026-09-11 03:00:48
124244754;10213192;2026-09-23 14:45;2026-09-11 03:00:48
124244754;10213192;2026-09-24 08:45;2026-09-11 03:00:48
124244754;10213192;2026-09-24 09:15;2026-09-11 03:00:48
124244754;10213192;2026-09-24 10:45;2026-09-11 03:00:48
124244754;10213192;2026-09-24 11:30;2026-09-11 03:00:48
124244754;10213192;2026-09-24 11:45;2026-09-11 03:00:48
124244754;10213192;2026-09-24 12:00;2026-09-11 03:00:48
124244754;10213192;2026-09-24 12:15;2026-09-11 03:00:48
124244754;10213192;2026-09-24 12:30;2026-09-11 03:00:48
124244754;10213192;2026-09-24 12:45;2026-09-11 03:00:48
124244754;10213192;2026-09-25 13:30;2026-09-11 03:00:48
124244754;10213192;2026-09-25 13:45;2026-09-11 03:00:48
124244754;10213192;2026-09-25 14:00;2026-09-11 03:00:48
124244754;10213192;2026-09-25 14:15;2026-09-11 03:00:48
124244754;10213192;2026-09-25 14:30;2026-09-11 03:00:48
124244754;10213192;2026-09-25 14:45;2026-09-11 03:00:48
124244754;10213192;2026-09-25 15:00;2026-09-11 03:00:48
124244754;10213192;2026-09-25 15:15;2026-09-11 03:00:48
124244754;10213192;2026-09-25 16:15;2026-09-11 03:00:48
124244754;10213192;2026-09-25 17:45;2026-09-11 03:00:48
124244754;10213192;2026-09-28 07:30;2026-09-11 03:00:48
124244754;10213192;2026-09-28 07:45;2026-09-11 03:00:48
124244754;10213192;2026-09-28 08:00;2026-09-11 03:00:48
124244754;10213192;2026-09-28 08:15;2026-09-11 03:00:48
124244754;10213192;2026-09-28 08:30;2026-09-11 03:00:48
124244754;10213192;2026-09-28 08:45;2026-09-11 03:00:48
124244754;10213192;2026-09-28 09:00;2026-09-11 03:00:48
124244754;10213192;2026-09-28 09:15;2026-09-11 03:00:48
124244754;10213192;2026-09-28 09:30;2026-09-11 03:00:48
124244754;10213192;2026-09-28 10:45;2026-09-11 03:00:48
124244754;10213192;2026-09-28 11:00;2026-09-11 03:00:48
124244754;10213192;2026-09-28 11:15;2026-09-11 03:00:48
124244754;10213192;2026-09-28 11:30;2026-09-11 03:00:48
124244754;10213192;2026-09-28 11:45;2026-09-11 03:00:48
124244754;10213192;2026-09-28 12:00;2026-09-11 03:00:48
124244754;10213192;2026-09-28 12:15;2026-09-11 03:00:48
124244754;10213192;2026-09-28 12:30;2026-09-11 03:00:48
124244754;10213192;2026-09-28 12:45;2026-09-11 03:00:48
124244754;10213192;2026-09-30 07:30;2026-09-11 03:00:48
124244754;10213192;2026-09-30 07:45;2026-09-11 03:00:48
124244754;10213192;2026-09-30 08:00;2026-09-11 03:00:48
124244754;10213192;2026-09-30 08:15;2026-09-11 03:00:48
124244754;10213192;2026-09-30 08:30;2026-09-11 03:00:48
124244754;10213192;2026-09-30 08:45;2026-09-11 03:00:48
124244754;10213192;2026-09-30 09:00;2026-09-11 03:00:48
124244754;10213192;2026-09-30 09:15;2026-09-11 03:00:48
124244754;10213192;2026-09-30 09:45;2026-09-11 03:00:48
124244754;10213192;2026-09-30 10:45;2026-09-11 03:00:48
124244754;10213192;2026-09-30 11:00;2026-09-11 03:00:48
124244754;10213192;2026-09-30 11:30;2026-09-11 03:00:48
124244754;10213192;2026-09-30 11:45;2026-09-11 03:00:48
124244754;10213192;2026-09-30 12:00;2026-09-11 03:00:48
124244754;10213192;2026-09-30 12:15;2026-09-11 03:00:48
124244754;10213192;2026-09-30 12:30;2026-09-11 03:00:48
124244754;10213192;2026-09-30 12:45;2026-09-11 03:00:48
124244754;10213192;2026-10-01 13:30;2026-09-11 03:00:48
124244754;10213192;2026-10-01 13:45;2026-09-11 03:00:48
124244754;10213192;2026-10-01 14:00;2026-09-11 03:00:48
124244754;10213192;2026-10-01 14:15;2026-09-11 03:00:48
124244754;10213192;2026-10-01 14:30;2026-09-11 03:00:48
124244754;10213192;2026-10-01 14:45;2026-09-11 03:00:48
124244754;10213192;2026-10-01 15:00;2026-09-11 03:00:48
124244754;10213192;2026-10-01 15:15;2026-09-11 03:00:48
124244754;10213192;2026-10-01 15:45;2026-09-11 03:00:48
124244754;10213192;2026-10-01 16:00;2026-09-11 03:00:48
124244754;10213192;2026-10-01 16:15;2026-09-11 03:00:48
124244754;10213192;2026-10-01 17:00;2026-09-11 03:00:48
124244754;10213192;2026-10-01 17:15;2026-09-11 03:00:48
124244754;10213192;2026-10-01 18:15;2026-09-11 03:00:48
124244754;10213192;2026-10-01 18:30;2026-09-11 03:00:48
124244754;10213192;2026-10-02 07:30;2026-09-11 03:00:48
124244754;10213192;2026-10-02 07:45;2026-09-11 03:00:48
124244754;10213192;2026-10-02 08:00;2026-09-11 03:00:48
124244754;10213192;2026-10-02 08:15;2026-09-11 03:00:48
124244754;10213192;2026-10-02 08:30;2026-09-11 03:00:48
124244754;10213192;2026-10-02 09:00;2026-09-11 03:00:48
124244754;10213192;2026-10-02 09:15;2026-09-11 03:00:48
124244754;10213192;2026-10-02 09:30;2026-09-11 03:00:48
124244754;10213192;2026-10-02 09:45;2026-09-11 03:00:48
124244754;10213192;2026-10-02 10:30;2026-09-11 03:00:48
124244754;10213192;2026-10-02 11:00;2026-09-11 03:00:48
124244754;10213192;2026-10-02 11:15;2026-09-11 03:00:48
124244754;10213192;2026-10-02 11:30;2026-09-11 03:00:48
124244754;10213192;2026-10-02 11:45;2026-09-11 03:00:48
124244754;10213192;2026-10-02 12:00;2026-09-11 03:00:48
124244754;10213192;2026-10-02 12:15;2026-09-11 03:00:48
124244754;10213192;2026-10-02 12:30;2026-09-11 03:00:48
124244754;10213192;2026-10-02 12:45;2026-09-11 03:00:48
124244754;10213192;2026-10-05 13:30;2026-09-11 03:00:48
124244754;10213192;2026-10-05 13:45;2026-09-11 03:00:48
124244754;10213192;2026-10-05 14:00;2026-09-11 03:00:48
124244754;10213192;2026-10-05 14:15;2026-09-11 03:00:48
124244754;10213192;2026-10-05 14:30;2026-09-11 03:00:48
124244754;10213192;2026-10-05 14:45;2026-09-11 03:00:48
124244754;10213192;2026-10-05 15:00;2026-09-11 03:00:48
124244754;10213192;2026-10-05 15:15;2026-09-11 03:00:48
124244754;10213192;2026-10-05 15:45;2026-09-11 03:00:48
124244754;10213192;2026-10-05 16:00;2026-09-11 03:00:48
124244754;10213192;2026-10-05 17:15;2026-09-11 03:00:48
124244754;10213192;2026-10-05 17:45;2026-09-11 03:00:48
124244754;10213192;2026-10-05 18:00;2026-09-11 03:00:48
124244754;10213192;2026-10-05 18:15;2026-09-11 03:00:48
124244754;10213192;2026-10-05 18:30;2026-09-11 03:00:48
124244754;10213192;2026-10-06 07:30;2026-09-11 03:00:48
124244754;10213192;2026-10-06 07:45;2026-09-11 03:00:48
124244754;10213192;2026-10-06 08:00;2026-09-11 03:00:48
124244754;10213192;2026-10-06 08:15;2026-09-11 03:00:48
124244754;10213192;2026-10-06 08:30;2026-09-11 03:00:48
124244754;10213192;2026-10-06 08:45;2026-09-11 03:00:48
124244754;10213192;2026-10-06 09:00;2026-09-11 03:00:48
124244754;10213192;2026-10-06 09:15;2026-09-11 03:00:48
124244754;10213192;2026-10-06 09:30;2026-09-11 03:00:48
124244754;10213192;2026-10-06 10:30;2026-09-11 03:00:48
124244754;10213192;2026-10-06 10:45;2026-09-11 03:00:48
124244754;10213192;2026-10-06 11:15;2026-09-11 03:00:48
124244754;10213192;2026-10-06 11:30;2026-09-11 03:00:48
124244754;10213192;2026-10-06 11:45;2026-09-11 03:00:48
124244754;10213192;2026-10-06 12:00;2026-09-11 03:00:48
124244754;10213192;2026-10-06 12:15;2026-09-11 03:00:48
124244754;10213192;2026-10-06 12:30;2026-09-11 03:00:48
124244754;10213192;2026-10-06 12:45;2026-09-11 03:00:48
124244754;10213192;2026-10-07 13:30;2026-09-11 03:00:48
124244754;10213192;2026-10-07 13:45;2026-09-11 03:00:48
124244754;10213192;2026-10-07 14:00;2026-09-11 03:00:48
124244754;10213192;2026-10-07 14:15;2026-09-11 03:00:48
124244754;10213192;2026-10-07 14:30;2026-09-11 03:00:48
124244754;10213192;2026-10-07 14:45;2026-09-11 03:00:48
124244754;10213192;2026-10-07 15:00;2026-09-11 03:00:48
124244754;10213192;2026-10-07 15:15;2026-09-11 03:00:48
124244754;10213192;2026-10-07 15:30;2026-09-11 03:00:48
124244754;10213192;2026-10-07 15:45;2026-09-11 03:00:48
124244754;10213192;2026-10-07 17:00;2026-09-11 03:00:48
124244754;10213192;2026-10-07 17:15;2026-09-11 03:00:48
124244754;10213192;2026-10-07 17:30;2026-09-11 03:00:48
124244754;10213192;2026-10-07 17:45;2026-09-11 03:00:48
124244754;10213192;2026-10-07 18:00;2026-09-11 03:00:48
124244754;10213192;2026-10-07 18:15;2026-09-11 03:00:48
124244754;10213192;2026-10-07 18:30;2026-09-11 03:00:48
124244754;10213192;2026-10-08 07:30;2026-09-11 03:00:48
124244754;10213192;2026-10-08 07:45;2026-09-11 03:00:48
124244754;10213192;2026-10-08 08:00;2026-09-11 03:00:48
124244754;10213192;2026-10-08 08:15;2026-09-11 03:00:48
124244754;10213192;2026-10-08 08:30;2026-09-11 03:00:48
124244754;10213192;2026-10-08 08:45;2026-09-11 03:00:48
124244754;10213192;2026-10-08 09:00;2026-09-11 03:00:48
124244754;10213192;2026-10-08 09:15;2026-09-11 03:00:48
124244754;10213192;2026-10-08 09:30;2026-09-11 03:00:48
124244754;10213192;2026-10-08 09:45;2026-09-11 03:00:48
124244754;10213192;2026-10-08 10:45;2026-09-11 03:00:48
124244754;10213192;2026-10-08 11:00;2026-09-11 03:00:48
124244754;10213192;2026-10-08 11:15;2026-09-11 03:00:48
124244754;10213192;2026-10-08 11:30;2026-09-11 03:00:48
124244754;10213192;2026-10-08 11:45;2026-09-11 03:00:48
124244754;10213192;2026-10-08 12:00;2026-09-11 03:00:48
124244754;10213192;2026-10-08 12:15;2026-09-11 03:00:48
124244754;10213192;2026-10-08 12:30;2026-09-11 03:00:48
124244754;10213192;2026-10-08 12:45;2026-09-11 03:00:48
124244754;10213192;2026-10-09 13:30;2026-09-11 03:00:48
124244754;10213192;2026-10-09 13:45;2026-09-11 03:00:48
124244754;10213192;2026-10-09 14:00;2026-09-11 03:00:48
124244754;10213192;2026-10-09 14:15;2026-09-11 03:00:48
124244754;10213192;2026-10-09 14:30;2026-09-11 03:00:48
124244754;10213192;2026-10-09 14:45;2026-09-11 03:00:48
124244754;10213192;2026-10-09 15:15;2026-09-11 03:00:48
124244754;10213192;2026-10-09 15:30;2026-09-11 03:00:48
124244754;10213192;2026-10-09 15:45;2026-09-11 03:00:48
124244754;10213192;2026-10-09 16:00;2026-09-11 03:00:48
124244754;10213192;2026-10-09 16:15;2026-09-11 03:00:48
124244754;10213192;2026-10-09 17:00;2026-09-11 03:00:48
124244754;10213192;2026-10-09 17:15;2026-09-11 03:00:48
124244754;10213192;2026-10-09 17:30;2026-09-11 03:00:48
124244754;10213192;2026-10-09 17:45;2026-09-11 03:00:48
124244754;10213192;2026-10-09 18:00;2026-09-11 03:00:48
124244754;10213192;2026-10-09 18:15;2026-09-11 03:00:48
124244754;10213192;2026-10-09 18:30;2026-09-11 03:00:48
124244754;10213192;2026-10-09 18:45;2026-09-11 03:00:48
124244754;10213192;2026-09-25 17:30;2026-09-11 03:00:48
124244754;10000154;2026-09-28 13:45;2026-09-11 03:00:48
124244754;10000154;2026-09-28 14:00;2026-09-11 03:00:48
124244754;10000154;2026-09-28 14:15;2026-09-11 03:00:48
124244754;10000154;2026-09-28 14:30;2026-09-11 03:00:48
124244754;10000154;2026-09-28 14:45;2026-09-11 03:00:48
124244754;10000154;2026-09-28 15:00;2026-09-11 03:00:48
124244754;10000154;2026-09-28 15:15;2026-09-11 03:00:48
124244754;10000154;2026-09-28 15:30;2026-09-11 03:00:48
124244754;10000154;2026-09-29 08:45;2026-09-11 03:00:48
124244754;10000154;2026-09-29 09:00;2026-09-11 03:00:48
124244754;10000154;2026-09-29 09:15;2026-09-11 03:00:48
124244754;10000154;2026-09-29 10:30;2026-09-11 03:00:48
124244754;10000154;2026-09-29 11:30;2026-09-11 03:00:48
124244754;10000154;2026-09-29 11:45;2026-09-11 03:00:48
124244754;10000154;2026-09-29 12:00;2026-09-11 03:00:48
124244754;10000154;2026-09-29 12:15;2026-09-11 03:00:48
124244754;10000154;2026-09-29 12:30;2026-09-11 03:00:48
124244754;10000154;2026-09-29 12:45;2026-09-11 03:00:48
124244754;10000154;2026-09-30 13:45;2026-09-11 03:00:48
124244754;10000154;2026-09-30 14:00;2026-09-11 03:00:48
124244754;10000154;2026-09-30 14:15;2026-09-11 03:00:48
124244754;10000154;2026-09-30 14:30;2026-09-11 03:00:48
124244754;10000154;2026-09-30 14:45;2026-09-11 03:00:48
124244754;10000154;2026-09-30 15:00;2026-09-11 03:00:48
124244754;10000154;2026-09-30 17:30;2026-09-11 03:00:48
124244754;10000154;2026-09-30 17:45;2026-09-11 03:00:48
124244754;10000154;2026-09-30 18:15;2026-09-11 03:00:48
124244754;10000154;2026-09-30 18:30;2026-09-11 03:00:48
124244754;10000154;2026-09-30 18:45;2026-09-11 03:00:48
124244754;10000154;2026-09-11 12:15;2026-09-11 03:00:48
124244754;10000154;2026-09-11 12:30;2026-09-11 03:00:48
124244754;10000154;2026-09-11 12:45;2026-09-11 03:00:48
124244754;10000154;2026-09-21 13:45;2026-09-11 03:00:48
124244754;10000154;2026-09-21 14:00;2026-09-11 03:00:48
124244754;10000154;2026-09-21 14:15;2026-09-11 03:00:48
124244754;10000154;2026-09-21 14:30;2026-09-11 03:00:48
124244754;10000154;2026-09-21 14:45;2026-09-11 03:00:48
124244754;10000154;2026-09-21 15:00;2026-09-11 03:00:48
124244754;10000154;2026-09-21 15:15;2026-09-11 03:00:48
124244754;10000154;2026-09-21 15:30;2026-09-11 03:00:48
124244754;10000154;2026-09-22 11:30;2026-09-11 03:00:48
124244754;10000154;2026-09-22 11:45;2026-09-11 03:00:48
124244754;10000154;2026-09-22 12:00;2026-09-11 03:00:48
124244754;10000154;2026-09-22 12:15;2026-09-11 03:00:48
124244754;10000154;2026-09-22 12:30;2026-09-11 03:00:48
124244754;10000154;2026-09-22 12:45;2026-09-11 03:00:48
124244754;10000154;2026-09-23 13:45;2026-09-11 03:00:48
124244754;10000154;2026-09-23 14:00;2026-09-11 03:00:48
124244754;10000154;2026-09-23 14:15;2026-09-11 03:00:48
124244754;10000154;2026-09-23 14:30;2026-09-11 03:00:48
124244754;10000154;2026-09-23 14:45;2026-09-11 03:00:48
124244754;10000154;2026-09-23 15:00;2026-09-11 03:00:48
124244754;10000154;2026-09-24 11:30;2026-09-11 03:00:48
124244754;10000154;2026-09-24 11:45;2026-09-11 03:00:48
124244754;10000154;2026-09-24 12:00;2026-09-11 03:00:48
124244754;10000154;2026-09-24 12:15;2026-09-11 03:00:48
124244754;10000154;2026-09-24 12:30;2026-09-11 03:00:48
124244754;10000154;2026-09-24 12:45;2026-09-11 03:00:48
124244754;10000154;2026-09-25 11:30;2026-09-11 03:00:48
124244754;10000154;2026-09-25 11:45;2026-09-11 03:00:48
124244754;10000154;2026-09-25 12:00;2026-09-11 03:00:48
124244754;10000154;2026-09-25 12:15;2026-09-11 03:00:48
124244754;10000154;2026-09-25 12:30;2026-09-11 03:00:48
124244754;10000154;2026-09-25 12:45;2026-09-11 03:00:48
124244754;10000154;2026-10-01 07:45;2026-09-11 03:00:48
124244754;10000154;2026-10-01 08:15;2026-09-11 03:00:48
124244754;10000154;2026-10-01 08:30;2026-09-11 03:00:48
124244754;10000154;2026-10-01 08:45;2026-09-11 03:00:48
124244754;10000154;2026-10-01 09:00;2026-09-11 03:00:48
124244754;10000154;2026-10-01 09:30;2026-09-11 03:00:48
124244754;10000154;2026-10-01 10:45;2026-09-11 03:00:48
124244754;10000154;2026-10-01 11:00;2026-09-11 03:00:48
124244754;10000154;2026-10-01 11:15;2026-09-11 03:00:48
124244754;10000154;2026-10-01 11:30;2026-09-11 03:00:48
124244754;10000154;2026-10-01 11:45;2026-09-11 03:00:48
124244754;10000154;2026-10-01 12:00;2026-09-11 03:00:48
124244754;10000154;2026-10-01 12:15;2026-09-11 03:00:48
124244754;10000154;2026-10-01 12:30;2026-09-11 03:00:48
124244754;10000154;2026-10-01 12:45;2026-09-11 03:00:48
124244754;10000154;2026-10-02 13:45;2026-09-11 03:00:48
124244754;10000154;2026-10-02 14:00;2026-09-11 03:00:48
124244754;10000154;2026-10-02 14:15;2026-09-11 03:00:48
124244754;10000154;2026-10-02 14:30;2026-09-11 03:00:48
124244754;10000154;2026-10-02 14:45;2026-09-11 03:00:48
124244754;10000154;2026-10-02 15:00;2026-09-11 03:00:48
124244754;10000154;2026-10-02 17:00;2026-09-11 03:00:48
124244754;10000154;2026-10-02 17:15;2026-09-11 03:00:48
124244754;10000154;2026-10-02 17:30;2026-09-11 03:00:48
124244754;10000154;2026-10-02 17:45;2026-09-11 03:00:48
124244754;10000154;2026-10-02 18:00;2026-09-11 03:00:48
124244754;10000154;2026-10-02 18:15;2026-09-11 03:00:48
124244754;10000154;2026-10-02 18:30;2026-09-11 03:00:48
124244754;10000154;2026-10-02 18:45;2026-09-11 03:00:48
124244754;10000154;2026-10-02 19:00;2026-09-11 03:00:48
124244754;10000154;2026-10-02 16:45;2026-09-11 03:00:48
124244754;10000154;2026-10-05 13:45;2026-09-11 03:00:48
124244754;10000154;2026-10-05 14:00;2026-09-11 03:00:48
124244754;10000154;2026-10-05 14:15;2026-09-11 03:00:48
124244754;10000154;2026-10-05 14:30;2026-09-11 03:00:48
124244754;10000154;2026-10-05 14:45;2026-09-11 03:00:48
124244754;10000154;2026-10-05 15:00;2026-09-11 03:00:48
124244754;10000154;2026-10-05 15:15;2026-09-11 03:00:48
124244754;10000154;2026-10-05 15:30;2026-09-11 03:00:48
124244754;10000154;2026-10-05 17:00;2026-09-11 03:00:48
124244754;10000154;2026-10-05 17:15;2026-09-11 03:00:48
124244754;10000154;2026-10-05 17:30;2026-09-11 03:00:48
124244754;10000154;2026-10-05 17:45;2026-09-11 03:00:48
124244754;10000154;2026-10-05 18:00;2026-09-11 03:00:48
124244754;10000154;2026-10-05 18:15;2026-09-11 03:00:48
124244754;10000154;2026-10-05 18:30;2026-09-11 03:00:48
124244754;10000154;2026-10-05 18:45;2026-09-11 03:00:48
124244754;10000154;2026-10-05 16:30;2026-09-11 03:00:48
124244754;10000154;2026-10-05 16:45;2026-09-11 03:00:48
124244754;10000154;2026-10-06 07:45;2026-09-11 03:00:48
124244754;10000154;2026-10-06 08:00;2026-09-11 03:00:48
124244754;10000154;2026-10-06 08:15;2026-09-11 03:00:48
124244754;10000154;2026-10-06 08:30;2026-09-11 03:00:48
124244754;10000154;2026-10-06 08:45;2026-09-11 03:00:48
124244754;10000154;2026-10-06 09:15;2026-09-11 03:00:48
124244754;10000154;2026-10-06 09:30;2026-09-11 03:00:48
124244754;10000154;2026-10-06 09:45;2026-09-11 03:00:48
124244754;10000154;2026-10-06 10:30;2026-09-11 03:00:48
124244754;10000154;2026-10-06 10:45;2026-09-11 03:00:48
124244754;10000154;2026-10-06 11:15;2026-09-11 03:00:48
124244754;10000154;2026-10-06 11:30;2026-09-11 03:00:48
124244754;10000154;2026-10-06 11:45;2026-09-11 03:00:48
124244754;10000154;2026-10-06 12:00;2026-09-11 03:00:48
124244754;10000154;2026-10-06 12:15;2026-09-11 03:00:48
124244754;10000154;2026-10-06 12:30;2026-09-11 03:00:48
124244754;10000154;2026-10-06 12:45;2026-09-11 03:00:48
124244754;10000154;2026-10-07 13:45;2026-09-11 03:00:48
124244754;10000154;2026-10-07 14:00;2026-09-11 03:00:48
124244754;10000154;2026-10-07 14:15;2026-09-11 03:00:48
124244754;10000154;2026-10-07 14:30;2026-09-11 03:00:48
124244754;10000154;2026-10-07 14:45;2026-09-11 03:00:48
124244754;10000154;2026-10-07 15:00;2026-09-11 03:00:48
124244754;10000154;2026-10-07 17:00;2026-09-11 03:00:48
124244754;10000154;2026-10-07 17:15;2026-09-11 03:00:48
124244754;10000154;2026-10-07 17:30;2026-09-11 03:00:48
124244754;10000154;2026-10-07 17:45;2026-09-11 03:00:48
124244754;10000154;2026-10-07 18:00;2026-09-11 03:00:48
124244754;10000154;2026-10-07 18:15;2026-09-11 03:00:48
124244754;10000154;2026-10-07 18:30;2026-09-11 03:00:48
124244754;10000154;2026-10-07 18:45;2026-09-11 03:00:48
124244754;10000154;2026-10-07 19:00;2026-09-11 03:00:48
124244754;10000154;2026-10-07 16:30;2026-09-11 03:00:48
124244754;10000154;2026-10-07 16:45;2026-09-11 03:00:48
124244754;10000154;2026-10-07 15:15;2026-09-11 03:00:48
124244754;10000154;2026-10-07 15:30;2026-09-11 03:00:48
124244754;10000154;2026-10-08 07:45;2026-09-11 03:00:48
124244754;10000154;2026-10-08 08:00;2026-09-11 03:00:48
124244754;10000154;2026-10-08 08:15;2026-09-11 03:00:48
124244754;10000154;2026-10-08 08:30;2026-09-11 03:00:48
124244754;10000154;2026-10-08 08:45;2026-09-11 03:00:48
124244754;10000154;2026-10-08 09:00;2026-09-11 03:00:48
124244754;10000154;2026-10-08 09:15;2026-09-11 03:00:48
124244754;10000154;2026-10-08 09:30;2026-09-11 03:00:48
124244754;10000154;2026-10-08 09:45;2026-09-11 03:00:48
124244754;10000154;2026-10-08 10:30;2026-09-11 03:00:48
124244754;10000154;2026-10-08 10:45;2026-09-11 03:00:48
124244754;10000154;2026-10-08 11:00;2026-09-11 03:00:48
124244754;10000154;2026-10-08 11:15;2026-09-11 03:00:48
124244754;10000154;2026-10-08 11:30;2026-09-11 03:00:48
124244754;10000154;2026-10-08 11:45;2026-09-11 03:00:48
124244754;10000154;2026-10-08 12:00;2026-09-11 03:00:48
124244754;10000154;2026-10-08 12:15;2026-09-11 03:00:48
124244754;10000154;2026-10-08 12:30;2026-09-11 03:00:48
124244754;10000154;2026-10-08 12:45;2026-09-11 03:00:48
124244754;10000154;2026-10-09 07:30;2026-09-11 03:00:48
124244754;10000154;2026-10-09 07:45;2026-09-11 03:00:48
124244754;10000154;2026-10-09 08:15;2026-09-11 03:00:48
124244754;10000154;2026-10-09 08:30;2026-09-11 03:00:48
124244754;10000154;2026-10-09 08:45;2026-09-11 03:00:48
124244754;10000154;2026-10-09 09:00;2026-09-11 03:00:48
124244754;10000154;2026-10-09 09:15;2026-09-11 03:00:48
124244754;10000154;2026-10-09 09:30;2026-09-11 03:00:48
124244754;10000154;2026-10-09 09:45;2026-09-11 03:00:48
124244754;10000154;2026-10-09 10:30;2026-09-11 03:00:48
124244754;10000154;2026-10-09 10:45;2026-09-11 03:00:48
124244754;10000154;2026-10-09 11:00;2026-09-11 03:00:48
124244754;10000154;2026-10-09 11:15;2026-09-11 03:00:48
124244754;10000154;2026-10-09 11:30;2026-09-11 03:00:48
124244754;10000154;2026-10-09 11:45;2026-09-11 03:00:48
124244754;10000154;2026-10-09 12:00;2026-09-11 03:00:48
124244754;10000154;2026-10-09 12:15;2026-09-11 03:00:48
124244754;10000154;2026-10-09 12:30;2026-09-11 03:00:48
124244754;10000154;2026-10-09 12:45;2026-09-11 03:00:48
124244754;10000154;2026-10-05 19:00;2026-09-11 03:00:48
124244754;10000154;2026-10-01 07:30;2026-09-11 03:00:48
124244754;10000154;2026-10-07 15:45;2026-09-11 03:00:48
124244754;10000154;2026-10-02 16:15;2026-09-11 03:00:48
124244754;10000154;2026-10-01 10:30;2026-09-11 03:00:48
124244754;10000154;2026-10-06 11:00;2026-09-11 03:00:48
124244754;10002320;2026-09-14 16:00;2026-09-11 03:00:48
124244754;10002320;2026-09-14 16:15;2026-09-11 03:00:48
124244754;10002320;2026-09-14 16:30;2026-09-11 03:00:48
124244754;10002320;2026-09-14 16:45;2026-09-11 03:00:48
124244754;10002320;2026-09-15 09:00;2026-09-11 03:00:48
124244754;10002320;2026-09-15 09:15;2026-09-11 03:00:48
124244754;10002320;2026-09-15 09:30;2026-09-11 03:00:48
124244754;10002320;2026-09-16 15:00;2026-09-11 03:00:48
124244754;10002320;2026-09-16 15:15;2026-09-11 03:00:48
124244754;10002320;2026-09-16 15:30;2026-09-11 03:00:48
124244754;10002320;2026-09-16 15:45;2026-09-11 03:00:48
124244754;10002320;2026-09-21 16:00;2026-09-11 03:00:48
124244754;10002320;2026-09-21 16:15;2026-09-11 03:00:48
124244754;10002320;2026-09-21 16:30;2026-09-11 03:00:48
124244754;10002320;2026-09-21 16:45;2026-09-11 03:00:48
124244754;10002320;2026-09-22 09:00;2026-09-11 03:00:48
124244754;10002320;2026-09-22 09:15;2026-09-11 03:00:48
124244754;10002320;2026-09-22 09:30;2026-09-11 03:00:48
124244754;10002320;2026-09-22 09:45;2026-09-11 03:00:48
124244754;10002320;2026-09-23 15:00;2026-09-11 03:00:48
124244754;10002320;2026-09-23 15:15;2026-09-11 03:00:48
124244754;10002320;2026-09-23 15:30;2026-09-11 03:00:48
124244754;10002320;2026-09-23 15:45;2026-09-11 03:00:48
124244754;10002320;2026-09-24 10:00;2026-09-11 03:00:48
124244754;10002320;2026-09-24 10:15;2026-09-11 03:00:48
124244754;10002320;2026-09-24 10:30;2026-09-11 03:00:48
124244754;10002320;2026-09-24 10:45;2026-09-11 03:00:48
124244754;10002320;2026-09-25 13:00;2026-09-11 03:00:48
124244754;10002320;2026-09-25 13:15;2026-09-11 03:00:48
124244754;10002320;2026-09-25 13:30;2026-09-11 03:00:48
124244754;10002320;2026-09-25 13:45;2026-09-11 03:00:48
124244754;10002320;2026-09-25 14:00;2026-09-11 03:00:48
124244754;10002320;2026-09-28 16:00;2026-09-11 03:00:48
124244754;10002320;2026-09-28 16:15;2026-09-11 03:00:48
124244754;10002320;2026-09-28 16:30;2026-09-11 03:00:48
124244754;10002320;2026-09-28 16:45;2026-09-11 03:00:48
124244754;10002320;2026-09-29 09:00;2026-09-11 03:00:48
124244754;10002320;2026-09-29 09:15;2026-09-11 03:00:48
124244754;10002320;2026-09-29 09:30;2026-09-11 03:00:48
124244754;10002320;2026-09-29 09:45;2026-09-11 03:00:48
124244754;10002320;2026-09-30 15:00;2026-09-11 03:00:48
124244754;10002320;2026-09-30 15:15;2026-09-11 03:00:48
124244754;10002320;2026-09-30 15:30;2026-09-11 03:00:48
124244754;10002320;2026-09-30 15:45;2026-09-11 03:00:48
124244754;10002320;2026-10-01 10:00;2026-09-11 03:00:48
124244754;10002320;2026-10-01 10:15;2026-09-11 03:00:48
124244754;10002320;2026-10-01 10:30;2026-09-11 03:00:48
124244754;10002320;2026-10-01 10:45;2026-09-11 03:00:48
124244754;10002320;2026-10-01 12:00;2026-09-11 03:00:48
124244754;10002320;2026-10-01 12:15;2026-09-11 03:00:48
124244754;10002320;2026-10-02 13:00;2026-09-11 03:00:48
124244754;10002320;2026-10-02 13:15;2026-09-11 03:00:48
124244754;10002320;2026-10-02 13:30;2026-09-11 03:00:48
124244754;10002320;2026-10-02 13:45;2026-09-11 03:00:48
124244754;10002320;2026-10-02 14:00;2026-09-11 03:00:48
124244754;10002320;2026-10-02 14:15;2026-09-11 03:00:48
124244754;10002320;2026-10-02 14:30;2026-09-11 03:00:48
124244754;10002320;2026-10-02 14:45;2026-09-11 03:00:48
124244754;10002320;2026-10-02 15:00;2026-09-11 03:00:48
124244754;10002320;2026-10-05 16:00;2026-09-11 03:00:48
124244754;10002320;2026-10-05 16:15;2026-09-11 03:00:48
124244754;10002320;2026-10-05 16:30;2026-09-11 03:00:48
124244754;10002320;2026-10-05 16:45;2026-09-11 03:00:48
124244754;10002320;2026-10-05 17:00;2026-09-11 03:00:48
124244754;10002320;2026-10-05 17:15;2026-09-11 03:00:48
124244754;10002320;2026-10-05 17:30;2026-09-11 03:00:48
124244754;10002320;2026-10-05 17:45;2026-09-11 03:00:48
124244754;10002320;2026-10-05 18:00;2026-09-11 03:00:48
124244754;10002320;2026-10-05 18:15;2026-09-11 03:00:48
124244754;10002320;2026-10-06 08:00;2026-09-11 03:00:48
124244754;10002320;2026-10-06 08:15;2026-09-11 03:00:48
124244754;10002320;2026-10-06 08:30;2026-09-11 03:00:48
124244754;10002320;2026-10-06 08:45;2026-09-11 03:00:48
124244754;10002320;2026-10-06 09:00;2026-09-11 03:00:48
124244754;10002320;2026-10-06 09:15;2026-09-11 03:00:48
124244754;10002320;2026-10-06 09:30;2026-09-11 03:00:48
124244754;10002320;2026-10-06 09:45;2026-09-11 03:00:48
124244754;10002320;2026-10-07 15:00;2026-09-11 03:00:48
124244754;10002320;2026-10-07 15:15;2026-09-11 03:00:48
124244754;10002320;2026-10-07 15:30;2026-09-11 03:00:48
124244754;10002320;2026-10-07 15:45;2026-09-11 03:00:48
124244754;10002320;2026-10-07 16:15;2026-09-11 03:00:48
124244754;10002320;2026-10-07 16:30;2026-09-11 03:00:48
124244754;10002320;2026-10-07 16:45;2026-09-11 03:00:48
124244754;10002320;2026-10-07 17:00;2026-09-11 03:00:48
124244754;10002320;2026-10-07 17:15;2026-09-11 03:00:48
124244754;10002320;2026-10-08 10:00;2026-09-11 03:00:48
124244754;10002320;2026-10-08 10:15;2026-09-11 03:00:48
124244754;10002320;2026-10-08 10:30;2026-09-11 03:00:48
124244754;10002320;2026-10-08 10:45;2026-09-11 03:00:48
124244754;10002320;2026-10-08 11:30;2026-09-11 03:00:48
124244754;10002320;2026-10-08 11:45;2026-09-11 03:00:48
124244754;10002320;2026-10-08 12:00;2026-09-11 03:00:48
124244754;10002320;2026-10-08 12:15;2026-09-11 03:00:48
124244754;10002320;2026-10-09 13:00;2026-09-11 03:00:48
124244754;10002320;2026-10-09 13:15;2026-09-11 03:00:48
124244754;10002320;2026-10-09 13:30;2026-09-11 03:00:48
124244754;10002320;2026-10-09 13:45;2026-09-11 03:00:48
124244754;10002320;2026-10-09 14:00;2026-09-11 03:00:48
124244754;10002320;2026-10-09 14:15;2026-09-11 03:00:48
124244754;10002320;2026-10-09 14:30;2026-09-11 03:00:48
124244754;10002320;2026-10-09 14:45;2026-09-11 03:00:48
124244754;10002320;2026-10-09 15:00;2026-09-11 03:00:48
124244754;10002320;2026-10-09 15:15;2026-09-11 03:00:48
124244754;10381019;2026-09-21 17:15;2026-09-11 03:00:48
124244754;10381019;2026-09-21 17:30;2026-09-11 03:00:48
124244754;10381019;2026-09-21 17:45;2026-09-11 03:00:48
124244754;10381019;2026-09-21 18:00;2026-09-11 03:00:48
124244754;10381019;2026-09-21 18:15;2026-09-11 03:00:48
124244754;10381019;2026-09-14 09:45;2026-09-11 03:00:48
124244754;10381019;2026-09-14 10:15;2026-09-11 03:00:48
124244754;10381019;2026-09-14 11:30;2026-09-11 03:00:48
124244754;10381019;2026-09-14 11:45;2026-09-11 03:00:48
124244754;10381019;2026-09-29 14:15;2026-09-11 03:00:48
124244754;10381019;2026-09-29 15:15;2026-09-11 03:00:48
124244754;10381019;2026-09-29 17:00;2026-09-11 03:00:48
124244754;10381019;2026-09-29 17:15;2026-09-11 03:00:48
124244754;10381019;2026-09-29 17:30;2026-09-11 03:00:48
124244754;10381019;2026-09-29 16:30;2026-09-11 03:00:48
124244754;10381019;2026-09-29 16:45;2026-09-11 03:00:48
124244754;10381019;2026-09-29 18:30;2026-09-11 03:00:48
124244754;10381019;2026-09-29 15:00;2026-09-11 03:00:48
124244754;10381019;2026-09-29 18:15;2026-09-11 03:00:48
124244754;10381019;2026-09-15 14:15;2026-09-11 03:00:48
124244754;10381019;2026-09-15 15:15;2026-09-11 03:00:48
124244754;10381019;2026-09-15 17:15;2026-09-11 03:00:48
124244754;10381019;2026-09-15 17:30;2026-09-11 03:00:48
124244754;10381019;2026-09-17 14:15;2026-09-11 03:00:48
124244754;10381019;2026-09-17 15:15;2026-09-11 03:00:48
124244754;10381019;2026-09-17 17:15;2026-09-11 03:00:48
124244754;10381019;2026-09-17 17:30;2026-09-11 03:00:48
124244754;10381019;2026-09-17 19:00;2026-09-11 03:00:48
124244754;10381019;2026-09-23 14:15;2026-09-11 03:00:48
124244754;10381019;2026-09-23 15:15;2026-09-11 03:00:48
124244754;10381019;2026-09-23 17:00;2026-09-11 03:00:48
124244754;10381019;2026-09-23 17:15;2026-09-11 03:00:48
124244754;10381019;2026-09-23 17:30;2026-09-11 03:00:48
124244754;10381019;2026-09-23 17:45;2026-09-11 03:00:48
124244754;10381019;2026-09-23 14:45;2026-09-11 03:00:48
124244754;10381019;2026-09-23 14:00;2026-09-11 03:00:48
124244754;10381019;2026-09-23 16:30;2026-09-11 03:00:48
124244754;10381019;2026-09-23 16:45;2026-09-11 03:00:48
124244754;10381019;2026-09-23 18:00;2026-09-11 03:00:48
124244754;10381019;2026-09-23 18:30;2026-09-11 03:00:48
124244754;10381019;2026-09-23 18:45;2026-09-11 03:00:48
124244754;10381019;2026-09-23 19:00;2026-09-11 03:00:48
124244754;10381019;2026-09-23 15:00;2026-09-11 03:00:48
124244754;10381019;2026-09-23 14:30;2026-09-11 03:00:48
124244754;10381019;2026-09-23 16:00;2026-09-11 03:00:48
124244754;10381019;2026-09-23 16:15;2026-09-11 03:00:48
124244754;10381019;2026-09-16 09:45;2026-09-11 03:00:48
124244754;10381019;2026-09-16 10:15;2026-09-11 03:00:48
124244754;10381019;2026-09-16 11:30;2026-09-11 03:00:48
124244754;10381019;2026-09-16 11:45;2026-09-11 03:00:48
124244754;10381019;2026-09-22 09:30;2026-09-11 03:00:48
124244754;10381019;2026-09-22 09:45;2026-09-11 03:00:48
124244754;10381019;2026-09-22 10:15;2026-09-11 03:00:48
124244754;10381019;2026-09-22 11:30;2026-09-11 03:00:48
124244754;10381019;2026-09-22 11:45;2026-09-11 03:00:48
124244754;10381019;2026-09-22 09:15;2026-09-11 03:00:48
124244754;10381019;2026-09-22 11:15;2026-09-11 03:00:48
124244754;10381019;2026-09-22 08:30;2026-09-11 03:00:48
124244754;10381019;2026-09-22 08:45;2026-09-11 03:00:48
124244754;10381019;2026-09-24 08:00;2026-09-11 03:00:48
124244754;10381019;2026-09-24 09:45;2026-09-11 03:00:48
124244754;10381019;2026-09-24 10:15;2026-09-11 03:00:48
124244754;10381019;2026-09-24 11:30;2026-09-11 03:00:48
124244754;10381019;2026-09-24 11:45;2026-09-11 03:00:48
124244754;10381019;2026-09-24 09:15;2026-09-11 03:00:48
124244754;10381019;2026-09-24 07:45;2026-09-11 03:00:48
124244754;10381019;2026-09-24 08:15;2026-09-11 03:00:48
124244754;10381019;2026-09-24 12:00;2026-09-11 03:00:48
124244754;10381019;2026-09-24 12:15;2026-09-11 03:00:48
124244754;10381019;2026-09-24 11:00;2026-09-11 03:00:48
124244754;10381019;2026-09-24 11:15;2026-09-11 03:00:48
124244754;10381019;2026-09-24 08:45;2026-09-11 03:00:48
124244754;10381019;2026-10-05 14:15;2026-09-11 03:00:48
124244754;10381019;2026-10-05 15:15;2026-09-11 03:00:48
124244754;10381019;2026-10-05 17:00;2026-09-11 03:00:48
124244754;10381019;2026-10-05 17:15;2026-09-11 03:00:48
124244754;10381019;2026-10-05 17:30;2026-09-11 03:00:48
124244754;10381019;2026-10-05 14:00;2026-09-11 03:00:48
124244754;10381019;2026-10-05 16:30;2026-09-11 03:00:48
124244754;10381019;2026-10-05 16:45;2026-09-11 03:00:48
124244754;10381019;2026-10-05 18:30;2026-09-11 03:00:48
124244754;10381019;2026-10-05 15:00;2026-09-11 03:00:48
124244754;10381019;2026-10-05 18:15;2026-09-11 03:00:48
124244754;10381019;2026-10-07 14:15;2026-09-11 03:00:48
124244754;10381019;2026-10-07 15:15;2026-09-11 03:00:48
124244754;10381019;2026-10-07 17:00;2026-09-11 03:00:48
124244754;10381019;2026-10-07 17:15;2026-09-11 03:00:48
124244754;10381019;2026-10-07 17:30;2026-09-11 03:00:48
124244754;10381019;2026-10-07 17:45;2026-09-11 03:00:48
124244754;10381019;2026-10-07 14:45;2026-09-11 03:00:48
124244754;10381019;2026-10-07 14:00;2026-09-11 03:00:48
124244754;10381019;2026-10-07 16:30;2026-09-11 03:00:48
124244754;10381019;2026-10-07 16:45;2026-09-11 03:00:48
124244754;10381019;2026-10-07 18:00;2026-09-11 03:00:48
124244754;10381019;2026-10-07 18:30;2026-09-11 03:00:48
124244754;10381019;2026-10-07 18:45;2026-09-11 03:00:48
124244754;10381019;2026-10-07 19:00;2026-09-11 03:00:48
124244754;10381019;2026-10-07 15:00;2026-09-11 03:00:48
124244754;10381019;2026-10-07 14:30;2026-09-11 03:00:48
124244754;10381019;2026-10-07 18:15;2026-09-11 03:00:48
124244754;10381019;2026-10-07 16:00;2026-09-11 03:00:48
124244754;10381019;2026-10-07 16:15;2026-09-11 03:00:48
124244754;10381019;2026-10-06 08:00;2026-09-11 03:00:48
124244754;10381019;2026-10-06 09:30;2026-09-11 03:00:48
124244754;10381019;2026-10-06 09:45;2026-09-11 03:00:48
124244754;10381019;2026-10-06 10:15;2026-09-11 03:00:48
124244754;10381019;2026-10-06 11:30;2026-09-11 03:00:48
124244754;10381019;2026-10-06 11:45;2026-09-11 03:00:48
124244754;10381019;2026-10-06 09:15;2026-09-11 03:00:48
124244754;10381019;2026-10-06 07:30;2026-09-11 03:00:48
124244754;10381019;2026-10-06 07:45;2026-09-11 03:00:48
124244754;10381019;2026-10-06 08:15;2026-09-11 03:00:48
124244754;10381019;2026-10-06 10:00;2026-09-11 03:00:48
124244754;10381019;2026-10-06 12:00;2026-09-11 03:00:48
124244754;10381019;2026-10-06 12:15;2026-09-11 03:00:48
124244754;10381019;2026-10-06 11:00;2026-09-11 03:00:48
124244754;10381019;2026-10-06 11:15;2026-09-11 03:00:48
124244754;10381019;2026-10-06 07:15;2026-09-11 03:00:48
124244754;10381019;2026-10-06 09:00;2026-09-11 03:00:48
124244754;10381019;2026-10-06 08:30;2026-09-11 03:00:48
124244754;10381019;2026-10-06 08:45;2026-09-11 03:00:48
124244754;10381019;2026-10-08 08:00;2026-09-11 03:00:48
124244754;10381019;2026-10-08 09:30;2026-09-11 03:00:48
124244754;10381019;2026-10-08 09:45;2026-09-11 03:00:48
124244754;10381019;2026-10-08 10:15;2026-09-11 03:00:48
124244754;10381019;2026-10-08 11:30;2026-09-11 03:00:48
124244754;10381019;2026-10-08 11:45;2026-09-11 03:00:48
124244754;10381019;2026-10-08 09:15;2026-09-11 03:00:48
124244754;10381019;2026-10-08 07:30;2026-09-11 03:00:48
124244754;10381019;2026-10-08 07:45;2026-09-11 03:00:48
124244754;10381019;2026-10-08 08:15;2026-09-11 03:00:48
124244754;10381019;2026-10-08 12:00;2026-09-11 03:00:48
124244754;10381019;2026-10-08 12:15;2026-09-11 03:00:48
124244754;10381019;2026-10-08 11:00;2026-09-11 03:00:48
124244754;10381019;2026-10-08 11:15;2026-09-11 03:00:48
124244754;10381019;2026-10-08 07:15;2026-09-11 03:00:48
124244754;10381019;2026-10-08 09:00;2026-09-11 03:00:48
124244754;10381019;2026-10-08 08:30;2026-09-11 03:00:48
124244754;10381019;2026-10-08 08:45;2026-09-11 03:00:48
124244754;10381019;2026-09-28 09:30;2026-09-11 03:00:48
124244754;10381019;2026-09-28 09:45;2026-09-11 03:00:48
124244754;10381019;2026-09-28 10:15;2026-09-11 03:00:48
124244754;10381019;2026-09-28 11:30;2026-09-11 03:00:48
124244754;10381019;2026-09-28 11:45;2026-09-11 03:00:48
124244754;10381019;2026-09-28 07:30;2026-09-11 03:00:48
124244754;10381019;2026-09-28 07:45;2026-09-11 03:00:48
124244754;10381019;2026-09-28 08:15;2026-09-11 03:00:48
124244754;10381019;2026-09-28 12:00;2026-09-11 03:00:48
124244754;10381019;2026-09-28 12:15;2026-09-11 03:00:48
124244754;10381019;2026-09-28 11:00;2026-09-11 03:00:48
124244754;10381019;2026-09-28 11:15;2026-09-11 03:00:48
124244754;10381019;2026-09-28 07:15;2026-09-11 03:00:48
124244754;10381019;2026-09-28 08:30;2026-09-11 03:00:48
124244754;10381019;2026-09-28 08:45;2026-09-11 03:00:48
124244754;10381019;2026-10-02 08:00;2026-09-11 03:00:48
124244754;10381019;2026-10-02 09:30;2026-09-11 03:00:48
124244754;10381019;2026-10-02 09:45;2026-09-11 03:00:48
124244754;10381019;2026-10-02 10:15;2026-09-11 03:00:48
124244754;10381019;2026-10-02 11:30;2026-09-11 03:00:48
124244754;10381019;2026-10-02 11:45;2026-09-11 03:00:48
124244754;10381019;2026-10-02 07:30;2026-09-11 03:00:48
124244754;10381019;2026-10-02 07:45;2026-09-11 03:00:48
124244754;10381019;2026-10-02 08:15;2026-09-11 03:00:48
124244754;10381019;2026-10-02 12:00;2026-09-11 03:00:48
124244754;10381019;2026-10-02 12:15;2026-09-11 03:00:48
124244754;10381019;2026-10-02 11:00;2026-09-11 03:00:48
124244754;10381019;2026-10-02 11:15;2026-09-11 03:00:48
124244754;10381019;2026-10-02 07:15;2026-09-11 03:00:48
124244754;10381019;2026-10-02 08:30;2026-09-11 03:00:48
124244754;10381019;2026-10-02 08:45;2026-09-11 03:00:48
124244754;10381019;2026-09-28 08:00;2026-09-11 03:00:48
124244754;10381019;2026-09-29 14:00;2026-09-11 03:00:48
124244754;10381019;2026-09-23 18:15;2026-09-11 03:00:48
124244754;10000128;2026-09-18 18:00;2026-09-11 03:00:48
124244754;10000128;2026-09-18 16:45;2026-09-11 03:00:48
124244754;10000128;2026-09-18 17:15;2026-09-11 03:00:48
124244754;10000128;2026-09-18 18:15;2026-09-11 03:00:48
124244754;10000128;2026-09-18 18:30;2026-09-11 03:00:48
124244754;10000128;2026-09-18 19:15;2026-09-11 03:00:48
124244754;10000128;2026-09-14 14:15;2026-09-11 03:00:48
124244754;10000128;2026-09-14 15:15;2026-09-11 03:00:48
124244754;10000128;2026-09-14 17:00;2026-09-11 03:00:48
124244754;10000128;2026-09-14 17:15;2026-09-11 03:00:48
124244754;10000128;2026-09-14 17:30;2026-09-11 03:00:48
124244754;10000128;2026-09-14 17:45;2026-09-11 03:00:48
124244754;10000128;2026-09-14 14:45;2026-09-11 03:00:48
124244754;10000128;2026-09-28 14:15;2026-09-11 03:00:48
124244754;10000128;2026-09-28 15:15;2026-09-11 03:00:48
124244754;10000128;2026-09-28 17:00;2026-09-11 03:00:48
124244754;10000128;2026-09-28 17:15;2026-09-11 03:00:48
124244754;10000128;2026-09-28 17:30;2026-09-11 03:00:48
124244754;10000128;2026-09-28 17:45;2026-09-11 03:00:48
124244754;10000128;2026-09-28 19:15;2026-09-11 03:00:48
124244754;10000128;2026-09-28 18:15;2026-09-11 03:00:48
124244754;10000128;2026-09-28 18:30;2026-09-11 03:00:48
124244754;10000128;2026-09-28 18:45;2026-09-11 03:00:48
124244754;10000128;2026-09-28 19:00;2026-09-11 03:00:48
124244754;10000128;2026-09-28 15:00;2026-09-11 03:00:48
124244754;10000128;2026-09-28 14:30;2026-09-11 03:00:48
124244754;10000128;2026-09-28 14:45;2026-09-11 03:00:48
124244754;10000128;2026-09-11 08:00;2026-09-11 03:00:48
124244754;10000128;2026-09-11 09:30;2026-09-11 03:00:48
124244754;10000128;2026-09-11 09:45;2026-09-11 03:00:48
124244754;10000128;2026-09-11 10:15;2026-09-11 03:00:48
124244754;10000128;2026-09-11 11:45;2026-09-11 03:00:48
124244754;10000128;2026-09-11 09:15;2026-09-11 03:00:48
124244754;10000128;2026-09-21 08:00;2026-09-11 03:00:48
124244754;10000128;2026-09-21 09:30;2026-09-11 03:00:48
124244754;10000128;2026-09-21 09:45;2026-09-11 03:00:48
124244754;10000128;2026-09-21 10:15;2026-09-11 03:00:48
124244754;10000128;2026-09-21 11:30;2026-09-11 03:00:48
124244754;10000128;2026-09-21 11:45;2026-09-11 03:00:48
124244754;10000128;2026-09-21 09:15;2026-09-11 03:00:48
124244754;10000128;2026-09-21 09:00;2026-09-11 03:00:48
124244754;10000128;2026-09-21 12:15;2026-09-11 03:00:48
124244754;10000128;2026-09-21 11:15;2026-09-11 03:00:48
124244754;10000128;2026-09-25 08:00;2026-09-11 03:00:48
124244754;10000128;2026-09-25 09:30;2026-09-11 03:00:48
124244754;10000128;2026-09-25 09:45;2026-09-11 03:00:48
124244754;10000128;2026-09-25 10:15;2026-09-11 03:00:48
124244754;10000128;2026-09-25 11:30;2026-09-11 03:00:48
124244754;10000128;2026-09-25 11:45;2026-09-11 03:00:48
124244754;10000128;2026-09-25 09:15;2026-09-11 03:00:48
124244754;10000128;2026-09-25 07:30;2026-09-11 03:00:48
124244754;10000128;2026-09-25 07:45;2026-09-11 03:00:48
124244754;10000128;2026-09-25 08:15;2026-09-11 03:00:48
124244754;10000128;2026-09-25 09:00;2026-09-11 03:00:48
124244754;10000128;2026-09-25 10:00;2026-09-11 03:00:48
124244754;10000128;2026-09-25 12:15;2026-09-11 03:00:48
124244754;10000128;2026-09-25 12:30;2026-09-11 03:00:48
124244754;10000128;2026-09-25 11:15;2026-09-11 03:00:48
124244754;10000128;2026-09-15 11:45;2026-09-11 03:00:48
124244754;10000128;2026-09-15 11:30;2026-09-11 03:00:48
124244754;10000128;2026-09-15 09:00;2026-09-11 03:00:48
124244754;10000128;2026-09-15 11:00;2026-09-11 03:00:48
124244754;10000128;2026-09-17 11:45;2026-09-11 03:00:48
124244754;10000128;2026-09-17 11:30;2026-09-11 03:00:48
124244754;10000128;2026-09-17 09:00;2026-09-11 03:00:48
124244754;10000128;2026-09-17 11:00;2026-09-11 03:00:48
124244754;10000128;2026-09-23 11:45;2026-09-11 03:00:48
124244754;10000128;2026-09-23 08:45;2026-09-11 03:00:48
124244754;10000128;2026-09-23 09:30;2026-09-11 03:00:48
124244754;10000128;2026-09-23 09:45;2026-09-11 03:00:48
124244754;10000128;2026-09-23 11:30;2026-09-11 03:00:48
124244754;10000128;2026-09-23 09:15;2026-09-11 03:00:48
124244754;10000128;2026-09-23 07:45;2026-09-11 03:00:48
124244754;10000128;2026-09-23 09:00;2026-09-11 03:00:48
124244754;10000128;2026-09-23 12:00;2026-09-11 03:00:48
124244754;10000128;2026-09-23 11:00;2026-09-11 03:00:48
124244754;10000128;2026-09-23 11:15;2026-09-11 03:00:48
124244754;10000128;2026-09-29 11:45;2026-09-11 03:00:48
124244754;10000128;2026-09-29 08:45;2026-09-11 03:00:48
124244754;10000128;2026-09-29 09:30;2026-09-11 03:00:48
124244754;10000128;2026-09-29 09:45;2026-09-11 03:00:48
124244754;10000128;2026-09-29 10:15;2026-09-11 03:00:48
124244754;10000128;2026-09-29 11:30;2026-09-11 03:00:48
124244754;10000128;2026-09-29 09:15;2026-09-11 03:00:48
124244754;10000128;2026-09-29 07:30;2026-09-11 03:00:48
124244754;10000128;2026-09-29 08:30;2026-09-11 03:00:48
124244754;10000128;2026-09-29 09:00;2026-09-11 03:00:48
124244754;10000128;2026-09-29 10:00;2026-09-11 03:00:48
124244754;10000128;2026-09-29 12:00;2026-09-11 03:00:48
124244754;10000128;2026-09-29 12:30;2026-09-11 03:00:48
124244754;10000128;2026-09-29 11:00;2026-09-11 03:00:48
124244754;10000128;2026-09-29 11:15;2026-09-11 03:00:48
124244754;10000128;2026-09-16 17:45;2026-09-11 03:00:48
124244754;10000128;2026-09-16 17:00;2026-09-11 03:00:48
124244754;10000128;2026-09-16 17:15;2026-09-11 03:00:48
124244754;10000128;2026-09-16 17:30;2026-09-11 03:00:48
124244754;10000128;2026-09-22 17:45;2026-09-11 03:00:48
124244754;10000128;2026-09-22 16:15;2026-09-11 03:00:48
124244754;10000128;2026-09-22 17:00;2026-09-11 03:00:48
124244754;10000128;2026-09-22 17:15;2026-09-11 03:00:48
124244754;10000128;2026-09-22 17:30;2026-09-11 03:00:48
124244754;10000128;2026-09-22 18:00;2026-09-11 03:00:48
124244754;10000128;2026-09-22 18:15;2026-09-11 03:00:48
124244754;10000128;2026-09-24 16:00;2026-09-11 03:00:48
124244754;10000128;2026-09-24 17:45;2026-09-11 03:00:48
124244754;10000128;2026-09-24 14:45;2026-09-11 03:00:48
124244754;10000128;2026-09-24 16:15;2026-09-11 03:00:48
124244754;10000128;2026-09-24 16:30;2026-09-11 03:00:48
124244754;10000128;2026-09-24 16:45;2026-09-11 03:00:48
124244754;10000128;2026-09-24 17:00;2026-09-11 03:00:48
124244754;10000128;2026-09-24 17:15;2026-09-11 03:00:48
124244754;10000128;2026-09-24 17:30;2026-09-11 03:00:48
124244754;10000128;2026-09-24 19:15;2026-09-11 03:00:48
124244754;10000128;2026-09-24 18:00;2026-09-11 03:00:48
124244754;10000128;2026-09-24 18:15;2026-09-11 03:00:48
124244754;10000128;2026-09-24 18:45;2026-09-11 03:00:48
124244754;10000128;2026-09-30 16:00;2026-09-11 03:00:48
124244754;10000128;2026-09-30 17:45;2026-09-11 03:00:48
124244754;10000128;2026-09-30 14:15;2026-09-11 03:00:48
124244754;10000128;2026-09-30 14:30;2026-09-11 03:00:48
124244754;10000128;2026-09-30 14:45;2026-09-11 03:00:48
124244754;10000128;2026-09-30 14:00;2026-09-11 03:00:48
124244754;10000128;2026-09-30 16:15;2026-09-11 03:00:48
124244754;10000128;2026-09-30 16:30;2026-09-11 03:00:48
124244754;10000128;2026-09-30 16:45;2026-09-11 03:00:48
124244754;10000128;2026-09-30 17:00;2026-09-11 03:00:48
124244754;10000128;2026-09-30 17:15;2026-09-11 03:00:48
124244754;10000128;2026-09-30 17:30;2026-09-11 03:00:48
124244754;10000128;2026-09-30 19:15;2026-09-11 03:00:48
124244754;10000128;2026-09-30 18:00;2026-09-11 03:00:48
124244754;10000128;2026-09-30 18:30;2026-09-11 03:00:48
124244754;10000128;2026-09-30 18:45;2026-09-11 03:00:48
124244754;10000128;2026-09-30 19:00;2026-09-11 03:00:48
124244754;10000128;2026-10-02 17:45;2026-09-11 03:00:48
124244754;10000128;2026-10-02 18:00;2026-09-11 03:00:48
124244754;10000128;2026-10-02 16:45;2026-09-11 03:00:48
124244754;10000128;2026-10-02 17:00;2026-09-11 03:00:48
124244754;10000128;2026-10-02 17:15;2026-09-11 03:00:48
124244754;10000128;2026-10-02 17:30;2026-09-11 03:00:48
124244754;10000128;2026-10-02 18:15;2026-09-11 03:00:48
124244754;10000128;2026-10-02 18:30;2026-09-11 03:00:48
124244754;10000128;2026-10-02 18:45;2026-09-11 03:00:48
124244754;10000128;2026-10-08 16:30;2026-09-11 03:00:48
124244754;10000128;2026-10-08 18:00;2026-09-11 03:00:48
124244754;10000128;2026-10-08 14:30;2026-09-11 03:00:48
124244754;10000128;2026-10-08 15:15;2026-09-11 03:00:48
124244754;10000128;2026-10-08 16:45;2026-09-11 03:00:48
124244754;10000128;2026-10-08 17:00;2026-09-11 03:00:48
124244754;10000128;2026-10-08 17:15;2026-09-11 03:00:48
124244754;10000128;2026-10-08 18:15;2026-09-11 03:00:48
124244754;10000128;2026-10-08 18:30;2026-09-11 03:00:48
124244754;10000128;2026-10-08 19:15;2026-09-11 03:00:48
124244754;10000128;2026-10-05 08:00;2026-09-11 03:00:48
124244754;10000128;2026-10-05 09:30;2026-09-11 03:00:48
124244754;10000128;2026-10-05 09:45;2026-09-11 03:00:48
124244754;10000128;2026-10-05 10:15;2026-09-11 03:00:48
124244754;10000128;2026-10-05 11:30;2026-09-11 03:00:48
124244754;10000128;2026-10-05 11:45;2026-09-11 03:00:48
124244754;10000128;2026-10-05 09:15;2026-09-11 03:00:48
124244754;10000128;2026-10-05 07:30;2026-09-11 03:00:48
124244754;10000128;2026-10-05 07:45;2026-09-11 03:00:48
124244754;10000128;2026-10-05 08:15;2026-09-11 03:00:48
124244754;10000128;2026-10-05 09:00;2026-09-11 03:00:48
124244754;10000128;2026-10-05 10:00;2026-09-11 03:00:48
124244754;10000128;2026-10-05 12:00;2026-09-11 03:00:48
124244754;10000128;2026-10-05 12:15;2026-09-11 03:00:48
124244754;10000128;2026-10-05 11:00;2026-09-11 03:00:48
124244754;10000128;2026-10-05 11:15;2026-09-11 03:00:48
124244754;10000128;2026-10-09 08:00;2026-09-11 03:00:48
124244754;10000128;2026-10-09 09:30;2026-09-11 03:00:48
124244754;10000128;2026-10-09 09:45;2026-09-11 03:00:48
124244754;10000128;2026-10-09 10:15;2026-09-11 03:00:48
124244754;10000128;2026-10-09 11:30;2026-09-11 03:00:48
124244754;10000128;2026-10-09 11:45;2026-09-11 03:00:48
124244754;10000128;2026-10-09 09:15;2026-09-11 03:00:48
124244754;10000128;2026-10-09 07:30;2026-09-11 03:00:48
124244754;10000128;2026-10-09 08:15;2026-09-11 03:00:48
124244754;10000128;2026-10-09 09:00;2026-09-11 03:00:48
124244754;10000128;2026-10-09 10:00;2026-09-11 03:00:48
124244754;10000128;2026-10-09 12:00;2026-09-11 03:00:48
124244754;10000128;2026-10-09 12:15;2026-09-11 03:00:48
124244754;10000128;2026-10-09 12:30;2026-09-11 03:00:48
124244754;10000128;2026-10-09 11:00;2026-09-11 03:00:48
124244754;10000128;2026-10-09 11:15;2026-09-11 03:00:48
124244754;10000128;2026-10-01 11:45;2026-09-11 03:00:48
124244754;10000128;2026-10-01 08:45;2026-09-11 03:00:48
124244754;10000128;2026-10-01 09:30;2026-09-11 03:00:48
124244754;10000128;2026-10-01 09:45;2026-09-11 03:00:48
124244754;10000128;2026-10-01 10:15;2026-09-11 03:00:48
124244754;10000128;2026-10-01 11:30;2026-09-11 03:00:48
124244754;10000128;2026-10-01 09:15;2026-09-11 03:00:48
124244754;10000128;2026-10-01 07:30;2026-09-11 03:00:48
124244754;10000128;2026-10-01 07:45;2026-09-11 03:00:48
124244754;10000128;2026-10-01 08:30;2026-09-11 03:00:48
124244754;10000128;2026-10-01 09:00;2026-09-11 03:00:48
124244754;10000128;2026-10-01 10:00;2026-09-11 03:00:48
124244754;10000128;2026-10-01 12:00;2026-09-11 03:00:48
124244754;10000128;2026-10-01 12:15;2026-09-11 03:00:48
124244754;10000128;2026-10-01 12:30;2026-09-11 03:00:48
124244754;10000128;2026-10-01 11:00;2026-09-11 03:00:48
124244754;10000128;2026-10-01 11:15;2026-09-11 03:00:48
124244754;10000128;2026-10-07 11:45;2026-09-11 03:00:48
124244754;10000128;2026-10-07 08:45;2026-09-11 03:00:48
124244754;10000128;2026-10-07 09:30;2026-09-11 03:00:48
124244754;10000128;2026-10-07 09:45;2026-09-11 03:00:48
124244754;10000128;2026-10-07 10:15;2026-09-11 03:00:48
124244754;10000128;2026-10-07 11:30;2026-09-11 03:00:48
124244754;10000128;2026-10-07 09:15;2026-09-11 03:00:48
124244754;10000128;2026-10-07 07:30;2026-09-11 03:00:48
124244754;10000128;2026-10-07 07:45;2026-09-11 03:00:48
124244754;10000128;2026-10-07 08:30;2026-09-11 03:00:48
124244754;10000128;2026-10-07 09:00;2026-09-11 03:00:48
124244754;10000128;2026-10-07 10:00;2026-09-11 03:00:48
124244754;10000128;2026-10-07 12:00;2026-09-11 03:00:48
124244754;10000128;2026-10-07 12:15;2026-09-11 03:00:48
124244754;10000128;2026-10-07 12:30;2026-09-11 03:00:48
124244754;10000128;2026-10-07 11:00;2026-09-11 03:00:48
124244754;10000128;2026-10-07 11:15;2026-09-11 03:00:48
124244754;10459575;2026-09-16 08:15;2026-09-11 03:00:48
124244754;10459575;2026-09-16 10:15;2026-09-11 03:00:48
124244754;10459575;2026-09-16 08:00;2026-09-11 03:00:48
124244754;10459575;2026-09-16 09:30;2026-09-11 03:00:48
124244754;10459575;2026-09-16 11:30;2026-09-11 03:00:48
124244754;10459575;2026-09-21 13:00;2026-09-11 03:00:48
124244754;10459575;2026-09-21 13:45;2026-09-11 03:00:48
124244754;10459575;2026-09-21 14:00;2026-09-11 03:00:48
124244754;10459575;2026-09-21 15:30;2026-09-11 03:00:48
124244754;10459575;2026-09-21 15:45;2026-09-11 03:00:48
124244754;10459575;2026-09-21 17:30;2026-09-11 03:00:48
124244754;10459575;2026-09-21 17:45;2026-09-11 03:00:48
124244754;10459575;2026-09-21 14:15;2026-09-11 03:00:48
124244754;10459575;2026-09-21 17:15;2026-09-11 03:00:48
124244754;10459575;2026-09-21 18:15;2026-09-11 03:00:48
124244754;10459575;2026-09-21 18:30;2026-09-11 03:00:48
124244754;10459575;2026-09-21 18:45;2026-09-11 03:00:48
124244754;10459575;2026-09-21 15:15;2026-09-11 03:00:48
124244754;10459575;2026-09-14 08:15;2026-09-11 03:00:48
124244754;10459575;2026-09-14 08:30;2026-09-11 03:00:48
124244754;10459575;2026-09-14 10:00;2026-09-11 03:00:48
124244754;10459575;2026-09-14 10:15;2026-09-11 03:00:48
124244754;10459575;2026-09-14 11:30;2026-09-11 03:00:48
124244754;10459575;2026-09-14 12:15;2026-09-11 03:00:48
124244754;10459575;2026-09-14 12:30;2026-09-11 03:00:48
124244754;10459575;2026-09-14 13:00;2026-09-11 03:00:48
124244754;10459575;2026-09-14 12:45;2026-09-11 03:00:48
124244754;10459575;2026-09-28 08:15;2026-09-11 03:00:48
124244754;10459575;2026-09-28 08:30;2026-09-11 03:00:48
124244754;10459575;2026-09-28 10:00;2026-09-11 03:00:48
124244754;10459575;2026-09-28 10:15;2026-09-11 03:00:48
124244754;10459575;2026-09-28 11:30;2026-09-11 03:00:48
124244754;10459575;2026-09-28 12:15;2026-09-11 03:00:48
124244754;10459575;2026-09-28 12:30;2026-09-11 03:00:48
124244754;10459575;2026-09-28 13:00;2026-09-11 03:00:48
124244754;10459575;2026-09-28 07:30;2026-09-11 03:00:48
124244754;10459575;2026-09-28 07:45;2026-09-11 03:00:48
124244754;10459575;2026-09-28 08:00;2026-09-11 03:00:48
124244754;10459575;2026-09-28 08:45;2026-09-11 03:00:48
124244754;10459575;2026-09-28 09:00;2026-09-11 03:00:48
124244754;10459575;2026-09-28 09:30;2026-09-11 03:00:48
124244754;10459575;2026-09-28 11:45;2026-09-11 03:00:48
124244754;10459575;2026-09-28 12:00;2026-09-11 03:00:48
124244754;10459575;2026-09-28 12:45;2026-09-11 03:00:48
124244754;10459575;2026-09-28 13:15;2026-09-11 03:00:48
124244754;10459575;2026-09-28 13:30;2026-09-11 03:00:48
124244754;10459575;2026-09-28 13:45;2026-09-11 03:00:48
124244754;10459575;2026-09-28 14:00;2026-09-11 03:00:48
124244754;10459575;2026-09-11 16:30;2026-09-11 03:00:48
124244754;10459575;2026-09-11 15:15;2026-09-11 03:00:48
124244754;10459575;2026-09-11 15:30;2026-09-11 03:00:48
124244754;10459575;2026-09-11 17:15;2026-09-11 03:00:48
124244754;10459575;2026-09-25 13:15;2026-09-11 03:00:48
124244754;10459575;2026-09-25 13:30;2026-09-11 03:00:48
124244754;10459575;2026-09-25 14:15;2026-09-11 03:00:48
124244754;10459575;2026-09-25 14:30;2026-09-11 03:00:48
124244754;10459575;2026-09-25 14:45;2026-09-11 03:00:48
124244754;10459575;2026-09-25 15:45;2026-09-11 03:00:48
124244754;10459575;2026-09-25 16:30;2026-09-11 03:00:48
124244754;10459575;2026-09-25 17:30;2026-09-11 03:00:48
124244754;10459575;2026-09-25 17:45;2026-09-11 03:00:48
124244754;10459575;2026-09-25 13:45;2026-09-11 03:00:48
124244754;10459575;2026-09-25 14:00;2026-09-11 03:00:48
124244754;10459575;2026-09-25 15:00;2026-09-11 03:00:48
124244754;10459575;2026-09-25 15:15;2026-09-11 03:00:48
124244754;10459575;2026-09-25 15:30;2026-09-11 03:00:48
124244754;10459575;2026-09-25 17:15;2026-09-11 03:00:48
124244754;10459575;2026-09-25 18:00;2026-09-11 03:00:48
124244754;10459575;2026-09-25 18:15;2026-09-11 03:00:48
124244754;10459575;2026-09-25 18:45;2026-09-11 03:00:48
124244754;10459575;2026-09-25 19:00;2026-09-11 03:00:48
124244754;10459575;2026-09-18 08:00;2026-09-11 03:00:48
124244754;10459575;2026-09-18 09:30;2026-09-11 03:00:48
124244754;10459575;2026-09-18 10:45;2026-09-11 03:00:48
124244754;10459575;2026-09-18 12:30;2026-09-11 03:00:48
124244754;10459575;2026-09-18 12:45;2026-09-11 03:00:48
124244754;10459575;2026-09-18 07:30;2026-09-11 03:00:48
124244754;10459575;2026-09-18 07:45;2026-09-11 03:00:48
124244754;10459575;2026-09-18 09:45;2026-09-11 03:00:48
124244754;10459575;2026-09-18 11:45;2026-09-11 03:00:48
124244754;10459575;2026-09-18 13:00;2026-09-11 03:00:48
124244754;10459575;2026-09-18 13:15;2026-09-11 03:00:48
124244754;10459575;2026-09-18 13:30;2026-09-11 03:00:48
124244754;10459575;2026-09-18 13:45;2026-09-11 03:00:48
124244754;10459575;2026-09-18 14:00;2026-09-11 03:00:48
124244754;10459575;2026-09-22 08:00;2026-09-11 03:00:48
124244754;10459575;2026-09-22 08:15;2026-09-11 03:00:48
124244754;10459575;2026-09-22 08:30;2026-09-11 03:00:48
124244754;10459575;2026-09-22 09:30;2026-09-11 03:00:48
124244754;10459575;2026-09-22 09:45;2026-09-11 03:00:48
124244754;10459575;2026-09-22 12:00;2026-09-11 03:00:48
124244754;10459575;2026-09-22 12:15;2026-09-11 03:00:48
124244754;10459575;2026-09-22 10:45;2026-09-11 03:00:48
124244754;10459575;2026-09-22 07:30;2026-09-11 03:00:48
124244754;10459575;2026-09-22 07:45;2026-09-11 03:00:48
124244754;10459575;2026-09-22 08:45;2026-09-11 03:00:48
124244754;10459575;2026-09-22 09:15;2026-09-11 03:00:48
124244754;10459575;2026-09-22 11:30;2026-09-11 03:00:48
124244754;10459575;2026-09-22 11:45;2026-09-11 03:00:48
124244754;10459575;2026-09-22 12:30;2026-09-11 03:00:48
124244754;10459575;2026-09-22 12:45;2026-09-11 03:00:48
124244754;10459575;2026-09-22 13:00;2026-09-11 03:00:48
124244754;10459575;2026-09-22 13:15;2026-09-11 03:00:48
124244754;10459575;2026-09-22 13:30;2026-09-11 03:00:48
124244754;10459575;2026-09-22 13:45;2026-09-11 03:00:48
124244754;10459575;2026-09-24 08:00;2026-09-11 03:00:48
124244754;10459575;2026-09-24 08:15;2026-09-11 03:00:48
124244754;10459575;2026-09-24 08:30;2026-09-11 03:00:48
124244754;10459575;2026-09-24 09:30;2026-09-11 03:00:48
124244754;10459575;2026-09-24 09:45;2026-09-11 03:00:48
124244754;10459575;2026-09-24 12:00;2026-09-11 03:00:48
124244754;10459575;2026-09-24 12:15;2026-09-11 03:00:48
124244754;10459575;2026-09-24 10:30;2026-09-11 03:00:48
124244754;10459575;2026-09-24 10:45;2026-09-11 03:00:48
124244754;10459575;2026-09-24 07:30;2026-09-11 03:00:48
124244754;10459575;2026-09-24 07:45;2026-09-11 03:00:48
124244754;10459575;2026-09-24 08:45;2026-09-11 03:00:48
124244754;10459575;2026-09-24 11:30;2026-09-11 03:00:48
124244754;10459575;2026-09-24 11:45;2026-09-11 03:00:48
124244754;10459575;2026-09-24 12:30;2026-09-11 03:00:48
124244754;10459575;2026-09-24 14:00;2026-09-11 03:00:48
124244754;10459575;2026-09-30 08:00;2026-09-11 03:00:48
124244754;10459575;2026-09-30 08:15;2026-09-11 03:00:48
124244754;10459575;2026-09-30 08:30;2026-09-11 03:00:48
124244754;10459575;2026-09-30 09:30;2026-09-11 03:00:48
124244754;10459575;2026-09-30 09:45;2026-09-11 03:00:48
124244754;10459575;2026-09-30 12:00;2026-09-11 03:00:48
124244754;10459575;2026-09-30 12:15;2026-09-11 03:00:48
124244754;10459575;2026-09-30 10:30;2026-09-11 03:00:48
124244754;10459575;2026-09-30 07:30;2026-09-11 03:00:48
124244754;10459575;2026-09-30 07:45;2026-09-11 03:00:48
124244754;10459575;2026-09-30 08:45;2026-09-11 03:00:48
124244754;10459575;2026-09-30 09:15;2026-09-11 03:00:48
124244754;10459575;2026-09-30 11:30;2026-09-11 03:00:48
124244754;10459575;2026-09-30 11:45;2026-09-11 03:00:48
124244754;10459575;2026-09-30 12:30;2026-09-11 03:00:48
124244754;10459575;2026-09-30 12:45;2026-09-11 03:00:48
124244754;10459575;2026-09-30 13:00;2026-09-11 03:00:48
124244754;10459575;2026-09-30 13:15;2026-09-11 03:00:48
124244754;10459575;2026-09-30 13:30;2026-09-11 03:00:48
124244754;10459575;2026-09-30 13:45;2026-09-11 03:00:48
124244754;10459575;2026-09-30 14:00;2026-09-11 03:00:48
124244754;10459575;2026-09-15 14:30;2026-09-11 03:00:48
124244754;10459575;2026-09-15 17:30;2026-09-11 03:00:48
124244754;10459575;2026-09-15 14:45;2026-09-11 03:00:48
124244754;10459575;2026-09-15 15:45;2026-09-11 03:00:48
124244754;10459575;2026-09-15 16:30;2026-09-11 03:00:48
124244754;10459575;2026-09-17 13:15;2026-09-11 03:00:48
124244754;10459575;2026-09-17 14:15;2026-09-11 03:00:48
124244754;10459575;2026-09-17 14:30;2026-09-11 03:00:48
124244754;10459575;2026-09-17 15:30;2026-09-11 03:00:48
124244754;10459575;2026-09-17 17:30;2026-09-11 03:00:48
124244754;10459575;2026-09-17 15:15;2026-09-11 03:00:48
124244754;10459575;2026-09-17 14:00;2026-09-11 03:00:48
124244754;10459575;2026-09-17 14:45;2026-09-11 03:00:48
124244754;10459575;2026-09-17 15:45;2026-09-11 03:00:48
124244754;10459575;2026-09-17 16:30;2026-09-11 03:00:48
124244754;10459575;2026-09-17 18:30;2026-09-11 03:00:48
124244754;10459575;2026-09-17 19:00;2026-09-11 03:00:48
124244754;10459575;2026-09-23 13:15;2026-09-11 03:00:48
124244754;10459575;2026-09-23 13:30;2026-09-11 03:00:48
124244754;10459575;2026-09-23 14:15;2026-09-11 03:00:48
124244754;10459575;2026-09-23 14:30;2026-09-11 03:00:48
124244754;10459575;2026-09-23 15:30;2026-09-11 03:00:48
124244754;10459575;2026-09-23 17:30;2026-09-11 03:00:48
124244754;10459575;2026-09-23 17:45;2026-09-11 03:00:48
124244754;10459575;2026-09-23 18:00;2026-09-11 03:00:48
124244754;10459575;2026-09-23 15:15;2026-09-11 03:00:48
124244754;10459575;2026-09-23 12:30;2026-09-11 03:00:48
124244754;10459575;2026-09-23 12:45;2026-09-11 03:00:48
124244754;10459575;2026-09-23 13:00;2026-09-11 03:00:48
124244754;10459575;2026-09-23 13:45;2026-09-11 03:00:48
124244754;10459575;2026-09-23 14:00;2026-09-11 03:00:48
124244754;10459575;2026-09-23 14:45;2026-09-11 03:00:48
124244754;10459575;2026-09-23 15:45;2026-09-11 03:00:48
124244754;10459575;2026-09-23 16:30;2026-09-11 03:00:48
124244754;10459575;2026-09-23 16:45;2026-09-11 03:00:48
124244754;10459575;2026-09-23 18:15;2026-09-11 03:00:48
124244754;10459575;2026-09-23 18:30;2026-09-11 03:00:48
124244754;10459575;2026-09-23 18:45;2026-09-11 03:00:48
124244754;10459575;2026-09-23 19:00;2026-09-11 03:00:48
124244754;10459575;2026-09-23 15:00;2026-09-11 03:00:48
124244754;10459575;2026-09-29 13:15;2026-09-11 03:00:48
124244754;10459575;2026-09-29 13:30;2026-09-11 03:00:48
124244754;10459575;2026-09-29 14:15;2026-09-11 03:00:48
124244754;10459575;2026-09-29 14:30;2026-09-11 03:00:48
124244754;10459575;2026-09-29 15:30;2026-09-11 03:00:48
124244754;10459575;2026-09-29 17:30;2026-09-11 03:00:48
124244754;10459575;2026-09-29 17:45;2026-09-11 03:00:48
124244754;10459575;2026-09-29 18:00;2026-09-11 03:00:48
124244754;10459575;2026-09-29 15:15;2026-09-11 03:00:48
124244754;10459575;2026-09-29 12:30;2026-09-11 03:00:48
124244754;10459575;2026-09-29 12:45;2026-09-11 03:00:48
124244754;10459575;2026-09-29 13:00;2026-09-11 03:00:48
124244754;10459575;2026-09-29 13:45;2026-09-11 03:00:48
124244754;10459575;2026-09-29 14:00;2026-09-11 03:00:48
124244754;10459575;2026-09-29 14:45;2026-09-11 03:00:48
124244754;10459575;2026-09-29 15:45;2026-09-11 03:00:48
124244754;10459575;2026-09-29 16:30;2026-09-11 03:00:48
124244754;10459575;2026-09-29 16:45;2026-09-11 03:00:48
124244754;10459575;2026-09-29 18:15;2026-09-11 03:00:48
124244754;10459575;2026-09-29 18:30;2026-09-11 03:00:48
124244754;10459575;2026-09-29 18:45;2026-09-11 03:00:48
124244754;10459575;2026-09-29 19:00;2026-09-11 03:00:48
124244754;10459575;2026-09-29 15:00;2026-09-11 03:00:48
124244754;10459575;2026-10-02 08:00;2026-09-11 03:00:48
124244754;10459575;2026-10-02 08:15;2026-09-11 03:00:48
124244754;10459575;2026-10-02 09:15;2026-09-11 03:00:48
124244754;10459575;2026-10-02 09:30;2026-09-11 03:00:48
124244754;10459575;2026-10-02 10:30;2026-09-11 03:00:48
124244754;10459575;2026-10-02 10:45;2026-09-11 03:00:48
124244754;10459575;2026-10-02 12:15;2026-09-11 03:00:48
124244754;10459575;2026-10-02 12:30;2026-09-11 03:00:48
124244754;10459575;2026-10-02 12:45;2026-09-11 03:00:48
124244754;10459575;2026-10-02 07:30;2026-09-11 03:00:48
124244754;10459575;2026-10-02 07:45;2026-09-11 03:00:48
124244754;10459575;2026-10-02 08:30;2026-09-11 03:00:48
124244754;10459575;2026-10-02 08:45;2026-09-11 03:00:48
124244754;10459575;2026-10-02 09:00;2026-09-11 03:00:48
124244754;10459575;2026-10-02 09:45;2026-09-11 03:00:48
124244754;10459575;2026-10-02 11:30;2026-09-11 03:00:48
124244754;10459575;2026-10-02 11:45;2026-09-11 03:00:48
124244754;10459575;2026-10-02 12:00;2026-09-11 03:00:48
124244754;10459575;2026-10-02 13:00;2026-09-11 03:00:48
124244754;10459575;2026-10-02 13:15;2026-09-11 03:00:48
124244754;10459575;2026-10-02 13:30;2026-09-11 03:00:48
124244754;10459575;2026-10-02 13:45;2026-09-11 03:00:48
124244754;10459575;2026-10-09 13:15;2026-09-11 03:00:48
124244754;10459575;2026-10-09 13:30;2026-09-11 03:00:48
124244754;10459575;2026-10-09 14:15;2026-09-11 03:00:48
124244754;10459575;2026-10-09 14:30;2026-09-11 03:00:48
124244754;10459575;2026-10-09 14:45;2026-09-11 03:00:48
124244754;10459575;2026-10-09 15:45;2026-09-11 03:00:48
124244754;10459575;2026-10-09 16:30;2026-09-11 03:00:48
124244754;10459575;2026-10-09 17:30;2026-09-11 03:00:48
124244754;10459575;2026-10-09 17:45;2026-09-11 03:00:48
124244754;10459575;2026-10-09 12:30;2026-09-11 03:00:48
124244754;10459575;2026-10-09 12:45;2026-09-11 03:00:48
124244754;10459575;2026-10-09 13:00;2026-09-11 03:00:48
124244754;10459575;2026-10-09 13:45;2026-09-11 03:00:48
124244754;10459575;2026-10-09 14:00;2026-09-11 03:00:48
124244754;10459575;2026-10-09 15:00;2026-09-11 03:00:48
124244754;10459575;2026-10-09 15:15;2026-09-11 03:00:48
124244754;10459575;2026-10-09 15:30;2026-09-11 03:00:48
124244754;10459575;2026-10-09 17:15;2026-09-11 03:00:48
124244754;10459575;2026-10-09 18:00;2026-09-11 03:00:48
124244754;10459575;2026-10-09 18:15;2026-09-11 03:00:48
124244754;10459575;2026-10-09 18:30;2026-09-11 03:00:48
124244754;10459575;2026-10-09 18:45;2026-09-11 03:00:48
124244754;10459575;2026-10-09 19:00;2026-09-11 03:00:48
124244754;10459575;2026-10-06 08:15;2026-09-11 03:00:48
124244754;10459575;2026-10-06 08:30;2026-09-11 03:00:48
124244754;10459575;2026-10-06 09:30;2026-09-11 03:00:48
124244754;10459575;2026-10-06 09:45;2026-09-11 03:00:48
124244754;10459575;2026-10-06 12:00;2026-09-11 03:00:48
124244754;10459575;2026-10-06 12:15;2026-09-11 03:00:48
124244754;10459575;2026-10-06 10:30;2026-09-11 03:00:48
124244754;10459575;2026-10-06 10:45;2026-09-11 03:00:48
124244754;10459575;2026-10-06 07:45;2026-09-11 03:00:48
124244754;10459575;2026-10-06 08:45;2026-09-11 03:00:48
124244754;10459575;2026-10-06 09:15;2026-09-11 03:00:48
124244754;10459575;2026-10-06 11:30;2026-09-11 03:00:48
124244754;10459575;2026-10-06 11:45;2026-09-11 03:00:48
124244754;10459575;2026-10-06 12:30;2026-09-11 03:00:48
124244754;10459575;2026-10-06 12:45;2026-09-11 03:00:48
124244754;10459575;2026-10-06 13:00;2026-09-11 03:00:48
124244754;10459575;2026-10-06 13:15;2026-09-11 03:00:48
124244754;10459575;2026-10-06 13:30;2026-09-11 03:00:48
124244754;10459575;2026-10-06 13:45;2026-09-11 03:00:48
124244754;10459575;2026-10-06 14:00;2026-09-11 03:00:48
124244754;10459575;2026-10-01 13:15;2026-09-11 03:00:48
124244754;10459575;2026-10-01 13:30;2026-09-11 03:00:48
124244754;10459575;2026-10-01 14:15;2026-09-11 03:00:48
124244754;10459575;2026-10-01 14:30;2026-09-11 03:00:48
124244754;10459575;2026-10-01 15:30;2026-09-11 03:00:48
124244754;10459575;2026-10-01 17:30;2026-09-11 03:00:48
124244754;10459575;2026-10-01 17:45;2026-09-11 03:00:48
124244754;10459575;2026-10-01 18:00;2026-09-11 03:00:48
124244754;10459575;2026-10-01 15:15;2026-09-11 03:00:48
124244754;10459575;2026-10-01 12:30;2026-09-11 03:00:48
124244754;10459575;2026-10-01 12:45;2026-09-11 03:00:48
124244754;10459575;2026-10-01 13:00;2026-09-11 03:00:48
124244754;10459575;2026-10-01 14:00;2026-09-11 03:00:48
124244754;10459575;2026-10-01 14:45;2026-09-11 03:00:48
124244754;10459575;2026-10-01 15:45;2026-09-11 03:00:48
124244754;10459575;2026-10-01 16:30;2026-09-11 03:00:48
124244754;10459575;2026-10-01 16:45;2026-09-11 03:00:48
124244754;10459575;2026-10-01 18:15;2026-09-11 03:00:48
124244754;10459575;2026-10-01 18:30;2026-09-11 03:00:48
124244754;10459575;2026-10-01 18:45;2026-09-11 03:00:48
124244754;10459575;2026-10-01 19:00;2026-09-11 03:00:48
124244754;10459575;2026-10-01 15:00;2026-09-11 03:00:48
124244754;10459575;2026-10-07 13:15;2026-09-11 03:00:48
124244754;10459575;2026-10-07 13:30;2026-09-11 03:00:48
124244754;10459575;2026-10-07 14:15;2026-09-11 03:00:48
124244754;10459575;2026-10-07 14:30;2026-09-11 03:00:48
124244754;10459575;2026-10-07 15:30;2026-09-11 03:00:48
124244754;10459575;2026-10-07 17:30;2026-09-11 03:00:48
124244754;10459575;2026-10-07 17:45;2026-09-11 03:00:48
124244754;10459575;2026-10-07 18:00;2026-09-11 03:00:48
124244754;10459575;2026-10-07 15:15;2026-09-11 03:00:48
124244754;10459575;2026-10-07 12:45;2026-09-11 03:00:48
124244754;10459575;2026-10-07 13:00;2026-09-11 03:00:48
124244754;10459575;2026-10-07 13:45;2026-09-11 03:00:48
124244754;10459575;2026-10-07 14:00;2026-09-11 03:00:48
124244754;10459575;2026-10-07 14:45;2026-09-11 03:00:48
124244754;10459575;2026-10-07 15:45;2026-09-11 03:00:48
124244754;10459575;2026-10-07 16:30;2026-09-11 03:00:48
124244754;10459575;2026-10-07 16:45;2026-09-11 03:00:48
124244754;10459575;2026-10-07 18:15;2026-09-11 03:00:48
124244754;10459575;2026-10-07 18:30;2026-09-11 03:00:48
124244754;10459575;2026-10-07 18:45;2026-09-11 03:00:48
124244754;10459575;2026-10-07 19:00;2026-09-11 03:00:48
124244754;10459575;2026-10-07 15:00;2026-09-11 03:00:48
124244754;10459575;2026-10-05 17:15;2026-09-11 03:00:48
124244754;10459575;2026-10-05 17:30;2026-09-11 03:00:48
124244754;10459575;2026-10-05 17:45;2026-09-11 03:00:48
124244754;10459575;2026-10-05 18:00;2026-09-11 03:00:48
124244754;10459575;2026-10-05 18:15;2026-09-11 03:00:48
124244754;10459575;2026-10-05 17:00;2026-09-11 03:00:48
124244754;10459575;2026-10-05 18:30;2026-09-11 03:00:48
124244754;10459575;2026-10-05 15:30;2026-09-11 03:00:48
124244754;10459575;2026-10-05 15:45;2026-09-11 03:00:48
124244754;10459575;2026-10-08 08:15;2026-09-11 03:00:48
124244754;10459575;2026-10-08 09:15;2026-09-11 03:00:48
124244754;10459575;2026-10-08 10:15;2026-09-11 03:00:48
124244754;10459575;2026-10-08 12:45;2026-09-11 03:00:48
124244754;10459575;2026-10-08 13:45;2026-09-11 03:00:48
124244754;10459575;2026-10-08 08:00;2026-09-11 03:00:48
124244754;10459575;2026-10-08 08:30;2026-09-11 03:00:48
124244754;10459575;2026-10-08 09:30;2026-09-11 03:00:48
124244754;10459575;2026-10-08 11:30;2026-09-11 03:00:48
124244754;10459575;2026-10-08 11:45;2026-09-11 03:00:48
124244754;10459575;2026-10-08 13:00;2026-09-11 03:00:48
124244754;10459575;2026-10-08 14:00;2026-09-11 03:00:48
124244754;10459575;2026-09-17 15:00;2026-09-11 03:00:48
124244754;10459575;2026-09-17 13:30;2026-09-11 03:00:48
124244754;10459575;2026-09-11 17:45;2026-09-11 03:00:48
124244754;10003325;2026-09-11 09:30;2026-09-11 03:00:48
124244754;10003325;2026-09-11 11:45;2026-09-11 03:00:48
124244754;10003325;2026-09-14 08:30;2026-09-11 03:00:48
124244754;10003325;2026-09-14 09:00;2026-09-11 03:00:48
124244754;10003325;2026-09-14 09:30;2026-09-11 03:00:48
124244754;10003325;2026-09-14 11:00;2026-09-11 03:00:48
124244754;10003325;2026-09-14 11:30;2026-09-11 03:00:48
124244754;10003325;2026-09-15 09:30;2026-09-11 03:00:48
124244754;10003325;2026-09-15 11:45;2026-09-11 03:00:48
124244754;10003325;2026-09-16 09:30;2026-09-11 03:00:48
124244754;10003325;2026-09-16 11:45;2026-09-11 03:00:48
124244754;10003325;2026-09-17 15:15;2026-09-11 03:00:48
124244754;10003325;2026-09-17 17:15;2026-09-11 03:00:48
124244754;10003325;2026-09-18 09:30;2026-09-11 03:00:48
124244754;10003325;2026-09-18 11:45;2026-09-11 03:00:48
124244754;10003325;2026-09-21 08:30;2026-09-11 03:00:48
124244754;10003325;2026-09-21 09:00;2026-09-11 03:00:48
124244754;10003325;2026-09-21 09:30;2026-09-11 03:00:48
124244754;10003325;2026-09-21 11:00;2026-09-11 03:00:48
124244754;10003325;2026-09-21 11:30;2026-09-11 03:00:48
124244754;10003325;2026-09-22 09:30;2026-09-11 03:00:48
124244754;10003325;2026-09-22 11:15;2026-09-11 03:00:48
124244754;10003325;2026-09-22 11:45;2026-09-11 03:00:48
124244754;10003325;2026-09-23 07:45;2026-09-11 03:00:48
124244754;10003325;2026-09-23 08:00;2026-09-11 03:00:48
124244754;10003325;2026-09-23 08:15;2026-09-11 03:00:48
124244754;10003325;2026-09-23 08:30;2026-09-11 03:00:48
124244754;10003325;2026-09-23 08:45;2026-09-11 03:00:48
124244754;10003325;2026-09-23 09:00;2026-09-11 03:00:48
124244754;10003325;2026-09-23 09:15;2026-09-11 03:00:48
124244754;10003325;2026-09-23 09:30;2026-09-11 03:00:48
124244754;10003325;2026-09-23 09:45;2026-09-11 03:00:48
124244754;10003325;2026-09-23 10:30;2026-09-11 03:00:48
124244754;10003325;2026-09-23 11:00;2026-09-11 03:00:48
124244754;10003325;2026-09-23 11:15;2026-09-11 03:00:48
124244754;10003325;2026-09-23 11:30;2026-09-11 03:00:48
124244754;10003325;2026-09-23 11:45;2026-09-11 03:00:48
124244754;10003325;2026-09-23 12:00;2026-09-11 03:00:48
124244754;10003325;2026-09-24 14:00;2026-09-11 03:00:48
124244754;10003325;2026-09-24 14:30;2026-09-11 03:00:48
124244754;10003325;2026-09-24 14:45;2026-09-11 03:00:48
124244754;10003325;2026-09-24 15:00;2026-09-11 03:00:48
124244754;10003325;2026-09-24 15:15;2026-09-11 03:00:48
124244754;10003325;2026-09-24 15:30;2026-09-11 03:00:48
124244754;10003325;2026-09-24 17:15;2026-09-11 03:00:48
124244754;10003325;2026-09-24 17:45;2026-09-11 03:00:48
124244754;10003325;2026-09-24 18:15;2026-09-11 03:00:48
124244754;10003325;2026-09-25 07:45;2026-09-11 03:00:48
124244754;10003325;2026-09-25 08:00;2026-09-11 03:00:48
124244754;10003325;2026-09-25 08:15;2026-09-11 03:00:48
124244754;10003325;2026-09-25 08:45;2026-09-11 03:00:48
124244754;10003325;2026-09-25 09:15;2026-09-11 03:00:48
124244754;10003325;2026-09-25 09:30;2026-09-11 03:00:48
124244754;10003325;2026-09-25 09:45;2026-09-11 03:00:48
124244754;10003325;2026-09-25 10:45;2026-09-11 03:00:48
124244754;10003325;2026-09-25 11:00;2026-09-11 03:00:48
124244754;10003325;2026-09-25 11:15;2026-09-11 03:00:48
124244754;10003325;2026-09-25 11:45;2026-09-11 03:00:48
124244754;10003325;2026-09-25 12:15;2026-09-11 03:00:48
124244754;10003325;2026-09-28 08:15;2026-09-11 03:00:48
124244754;10003325;2026-09-28 08:30;2026-09-11 03:00:48
124244754;10003325;2026-09-28 08:45;2026-09-11 03:00:48
124244754;10003325;2026-09-28 09:00;2026-09-11 03:00:48
124244754;10003325;2026-09-28 09:15;2026-09-11 03:00:48
124244754;10003325;2026-09-28 09:30;2026-09-11 03:00:48
124244754;10003325;2026-09-28 09:45;2026-09-11 03:00:48
124244754;10003325;2026-09-28 10:30;2026-09-11 03:00:48
124244754;10003325;2026-09-28 10:45;2026-09-11 03:00:48
124244754;10003325;2026-09-28 11:00;2026-09-11 03:00:48
124244754;10003325;2026-09-28 11:15;2026-09-11 03:00:48
124244754;10003325;2026-09-28 11:30;2026-09-11 03:00:48
124244754;10003325;2026-09-28 11:45;2026-09-11 03:00:48
124244754;10003325;2026-09-28 12:00;2026-09-11 03:00:48
124244754;10003325;2026-09-28 12:15;2026-09-11 03:00:48
124244754;10003325;2026-09-29 07:30;2026-09-11 03:00:48
124244754;10003325;2026-09-29 07:45;2026-09-11 03:00:48
124244754;10003325;2026-09-29 08:00;2026-09-11 03:00:48
124244754;10003325;2026-09-29 08:15;2026-09-11 03:00:48
124244754;10003325;2026-09-29 08:30;2026-09-11 03:00:48
124244754;10003325;2026-09-29 08:45;2026-09-11 03:00:48
124244754;10003325;2026-09-29 09:00;2026-09-11 03:00:48
124244754;10003325;2026-09-29 09:15;2026-09-11 03:00:48
124244754;10003325;2026-09-29 09:30;2026-09-11 03:00:48
124244754;10003325;2026-09-29 09:45;2026-09-11 03:00:48
124244754;10003325;2026-09-29 10:45;2026-09-11 03:00:48
124244754;10003325;2026-09-29 11:00;2026-09-11 03:00:48
124244754;10003325;2026-09-29 11:15;2026-09-11 03:00:48
124244754;10003325;2026-09-29 11:30;2026-09-11 03:00:48
124244754;10003325;2026-09-29 11:45;2026-09-11 03:00:48
124244754;10003325;2026-09-29 12:00;2026-09-11 03:00:48
124244754;10003325;2026-09-29 12:15;2026-09-11 03:00:48
124244754;10003325;2026-09-30 07:30;2026-09-11 03:00:48
124244754;10003325;2026-09-30 07:45;2026-09-11 03:00:48
124244754;10003325;2026-09-30 08:15;2026-09-11 03:00:48
124244754;10003325;2026-09-30 08:45;2026-09-11 03:00:48
124244754;10003325;2026-09-30 09:00;2026-09-11 03:00:48
124244754;10003325;2026-09-30 09:15;2026-09-11 03:00:48
124244754;10003325;2026-09-30 09:30;2026-09-11 03:00:48
124244754;10003325;2026-09-30 09:45;2026-09-11 03:00:48
124244754;10003325;2026-09-30 10:45;2026-09-11 03:00:48
124244754;10003325;2026-09-30 11:00;2026-09-11 03:00:48
124244754;10003325;2026-09-30 11:15;2026-09-11 03:00:48
124244754;10003325;2026-09-30 11:30;2026-09-11 03:00:48
124244754;10003325;2026-09-30 11:45;2026-09-11 03:00:48
124244754;10003325;2026-09-30 12:00;2026-09-11 03:00:48
124244754;10003325;2026-09-30 12:15;2026-09-11 03:00:48
124244754;10003325;2026-10-01 14:00;2026-09-11 03:00:48
124244754;10003325;2026-10-01 14:30;2026-09-11 03:00:48
124244754;10003325;2026-10-01 14:45;2026-09-11 03:00:48
124244754;10003325;2026-10-01 15:00;2026-09-11 03:00:48
124244754;10003325;2026-10-01 15:15;2026-09-11 03:00:48
124244754;10003325;2026-10-01 15:30;2026-09-11 03:00:48
124244754;10003325;2026-10-01 15:45;2026-09-11 03:00:48
124244754;10003325;2026-10-01 16:15;2026-09-11 03:00:48
124244754;10003325;2026-10-01 17:15;2026-09-11 03:00:48
124244754;10003325;2026-10-01 17:30;2026-09-11 03:00:48
124244754;10003325;2026-10-01 17:45;2026-09-11 03:00:48
124244754;10003325;2026-10-01 18:00;2026-09-11 03:00:48
124244754;10003325;2026-10-01 18:15;2026-09-11 03:00:48
124244754;10003325;2026-10-01 18:30;2026-09-11 03:00:48
124244754;10003325;2026-10-01 18:45;2026-09-11 03:00:48
124244754;10003325;2026-10-02 09:30;2026-09-11 03:00:48
124244754;10003325;2026-10-02 09:45;2026-09-11 03:00:48
124244754;10003325;2026-10-02 10:30;2026-09-11 03:00:48
124244754;10003325;2026-10-02 10:45;2026-09-11 03:00:48
124244754;10003325;2026-10-02 11:00;2026-09-11 03:00:48
124244754;10003325;2026-10-02 11:15;2026-09-11 03:00:48
124244754;10003325;2026-10-02 11:45;2026-09-11 03:00:48
124244754;10003325;2026-10-02 12:00;2026-09-11 03:00:48
124244754;10003325;2026-10-02 12:15;2026-09-11 03:00:48
124244754;10003325;2026-10-05 08:30;2026-09-11 03:00:48
124244754;10003325;2026-10-05 08:45;2026-09-11 03:00:48
124244754;10003325;2026-10-05 09:00;2026-09-11 03:00:48
124244754;10003325;2026-10-05 09:15;2026-09-11 03:00:48
124244754;10003325;2026-10-05 09:30;2026-09-11 03:00:48
124244754;10003325;2026-10-05 09:45;2026-09-11 03:00:48
124244754;10003325;2026-10-05 10:30;2026-09-11 03:00:48
124244754;10003325;2026-10-05 10:45;2026-09-11 03:00:48
124244754;10003325;2026-10-05 11:00;2026-09-11 03:00:48
124244754;10003325;2026-10-05 11:30;2026-09-11 03:00:48
124244754;10003325;2026-10-05 11:45;2026-09-11 03:00:48
124244754;10003325;2026-10-05 12:00;2026-09-11 03:00:48
124244754;10003325;2026-10-05 12:15;2026-09-11 03:00:48
124244754;10003325;2026-10-06 07:45;2026-09-11 03:00:48
124244754;10003325;2026-10-06 08:15;2026-09-11 03:00:48
124244754;10003325;2026-10-06 08:30;2026-09-11 03:00:48
124244754;10003325;2026-10-06 08:45;2026-09-11 03:00:48
124244754;10003325;2026-10-06 09:00;2026-09-11 03:00:48
124244754;10003325;2026-10-06 09:15;2026-09-11 03:00:48
124244754;10003325;2026-10-06 09:30;2026-09-11 03:00:48
124244754;10003325;2026-10-06 09:45;2026-09-11 03:00:48
124244754;10003325;2026-10-06 10:45;2026-09-11 03:00:48
124244754;10003325;2026-10-06 11:00;2026-09-11 03:00:48
124244754;10003325;2026-10-06 11:15;2026-09-11 03:00:48
124244754;10003325;2026-10-06 11:30;2026-09-11 03:00:48
124244754;10003325;2026-10-06 11:45;2026-09-11 03:00:48
124244754;10003325;2026-10-06 12:00;2026-09-11 03:00:48
124244754;10003325;2026-10-06 12:15;2026-09-11 03:00:48
124244754;10003325;2026-10-07 07:45;2026-09-11 03:00:48
124244754;10003325;2026-10-07 08:00;2026-09-11 03:00:48
124244754;10003325;2026-10-07 08:15;2026-09-11 03:00:48
124244754;10003325;2026-10-07 08:30;2026-09-11 03:00:48
124244754;10003325;2026-10-07 08:45;2026-09-11 03:00:48
124244754;10003325;2026-10-07 09:00;2026-09-11 03:00:48
124244754;10003325;2026-10-07 09:15;2026-09-11 03:00:48
124244754;10003325;2026-10-07 09:30;2026-09-11 03:00:48
124244754;10003325;2026-10-07 09:45;2026-09-11 03:00:48
124244754;10003325;2026-10-07 10:30;2026-09-11 03:00:48
124244754;10003325;2026-10-07 10:45;2026-09-11 03:00:48
124244754;10003325;2026-10-07 11:00;2026-09-11 03:00:48
124244754;10003325;2026-10-07 11:15;2026-09-11 03:00:48
124244754;10003325;2026-10-07 11:30;2026-09-11 03:00:48
124244754;10003325;2026-10-07 11:45;2026-09-11 03:00:48
124244754;10003325;2026-10-07 12:00;2026-09-11 03:00:48
124244754;10003325;2026-10-08 14:00;2026-09-11 03:00:48
124244754;10003325;2026-10-08 14:30;2026-09-11 03:00:48
124244754;10003325;2026-10-08 14:45;2026-09-11 03:00:48
124244754;10003325;2026-10-08 15:00;2026-09-11 03:00:48
124244754;10003325;2026-10-08 15:15;2026-09-11 03:00:48
124244754;10003325;2026-10-08 15:30;2026-09-11 03:00:48
124244754;10003325;2026-10-08 15:45;2026-09-11 03:00:48
124244754;10003325;2026-10-08 16:00;2026-09-11 03:00:48
124244754;10003325;2026-10-08 16:15;2026-09-11 03:00:48
124244754;10003325;2026-10-08 17:15;2026-09-11 03:00:48
124244754;10003325;2026-10-08 17:30;2026-09-11 03:00:48
124244754;10003325;2026-10-08 17:45;2026-09-11 03:00:48
124244754;10003325;2026-10-08 18:00;2026-09-11 03:00:48
124244754;10003325;2026-10-08 18:30;2026-09-11 03:00:48
124244754;10003325;2026-10-08 18:45;2026-09-11 03:00:48
124244754;10003325;2026-10-09 08:00;2026-09-11 03:00:48
124244754;10003325;2026-10-09 08:30;2026-09-11 03:00:48
124244754;10003325;2026-10-09 08:45;2026-09-11 03:00:48
124244754;10003325;2026-10-09 09:15;2026-09-11 03:00:48
124244754;10003325;2026-10-09 09:30;2026-09-11 03:00:48
124244754;10003325;2026-10-09 09:45;2026-09-11 03:00:48
124244754;10003325;2026-10-09 10:30;2026-09-11 03:00:48
124244754;10003325;2026-10-09 10:45;2026-09-11 03:00:48
124244754;10003325;2026-10-09 11:15;2026-09-11 03:00:48
124244754;10003325;2026-10-09 11:30;2026-09-11 03:00:48
124244754;10003325;2026-10-09 11:45;2026-09-11 03:00:48
124244754;10003325;2026-10-09 12:00;2026-09-11 03:00:48
124244754;10003325;2026-10-09 12:15;2026-09-11 03:00:48
124244754;10003325;2026-10-06 07:30;2026-09-11 03:00:48
124244754;10003325;2026-09-30 10:30;2026-09-11 03:00:48
124244754;10003325;2026-09-22 09:15;2026-09-11 03:00:48
124244754;10003325;2026-09-17 17:00;2026-09-11 03:00:48
124244754;10000674;2026-09-14 14:00;2026-09-11 03:00:48
124244754;10000674;2026-09-14 14:15;2026-09-11 03:00:48
124244754;10000674;2026-09-14 14:30;2026-09-11 03:00:48
124244754;10000674;2026-09-14 14:45;2026-09-11 03:00:48
124244754;10000674;2026-09-14 15:00;2026-09-11 03:00:48
124244754;10000674;2026-09-15 09:00;2026-09-11 03:00:48
124244754;10000674;2026-09-15 09:15;2026-09-11 03:00:48
124244754;10000674;2026-09-15 09:30;2026-09-11 03:00:48
124244754;10000674;2026-09-15 09:45;2026-09-11 03:00:48
124244754;10000674;2026-09-15 10:00;2026-09-11 03:00:48
124244754;10000674;2026-09-15 10:15;2026-09-11 03:00:48
124244754;10000674;2026-09-16 13:30;2026-09-11 03:00:48
124244754;10000674;2026-09-16 13:45;2026-09-11 03:00:48
124244754;10000674;2026-09-16 14:00;2026-09-11 03:00:48
124244754;10000674;2026-09-16 14:15;2026-09-11 03:00:48
124244754;10000674;2026-09-16 14:30;2026-09-11 03:00:48
124244754;10000674;2026-09-16 14:45;2026-09-11 03:00:48
124244754;10000674;2026-09-16 15:00;2026-09-11 03:00:48
124244754;10000674;2026-09-17 09:00;2026-09-11 03:00:48
124244754;10000674;2026-09-17 09:15;2026-09-11 03:00:48
124244754;10000674;2026-09-17 09:30;2026-09-11 03:00:48
124244754;10000674;2026-09-17 09:45;2026-09-11 03:00:48
124244754;10000674;2026-09-17 10:00;2026-09-11 03:00:48
124244754;10000674;2026-09-17 10:15;2026-09-11 03:00:48
124244754;10000674;2026-09-18 13:30;2026-09-11 03:00:48
124244754;10000674;2026-09-18 13:45;2026-09-11 03:00:48
124244754;10000674;2026-09-18 14:00;2026-09-11 03:00:48
124244754;10000674;2026-09-18 14:15;2026-09-11 03:00:48
124244754;10000674;2026-09-18 14:30;2026-09-11 03:00:48
124244754;10000674;2026-09-18 14:45;2026-09-11 03:00:48
124244754;10000674;2026-09-18 15:00;2026-09-11 03:00:48
124244754;10000674;2026-09-21 08:00;2026-09-11 03:00:48
124244754;10000674;2026-09-21 08:15;2026-09-11 03:00:48
124244754;10000674;2026-09-21 09:00;2026-09-11 03:00:48
124244754;10000674;2026-09-21 09:15;2026-09-11 03:00:48
124244754;10000674;2026-09-21 09:30;2026-09-11 03:00:48
124244754;10000674;2026-09-21 09:45;2026-09-11 03:00:48
124244754;10000674;2026-09-21 10:00;2026-09-11 03:00:48
124244754;10000674;2026-09-21 10:15;2026-09-11 03:00:48
124244754;10000674;2026-09-21 11:45;2026-09-11 03:00:48
124244754;10000674;2026-09-21 12:15;2026-09-11 03:00:48
124244754;10000674;2026-09-21 12:30;2026-09-11 03:00:48
124244754;10000674;2026-09-22 13:30;2026-09-11 03:00:48
124244754;10000674;2026-09-22 13:45;2026-09-11 03:00:48
124244754;10000674;2026-09-22 14:00;2026-09-11 03:00:48
124244754;10000674;2026-09-22 14:15;2026-09-11 03:00:48
124244754;10000674;2026-09-22 14:30;2026-09-11 03:00:48
124244754;10000674;2026-09-22 14:45;2026-09-11 03:00:48
124244754;10000674;2026-09-22 15:00;2026-09-11 03:00:48
124244754;10000674;2026-09-22 15:45;2026-09-11 03:00:48
124244754;10000674;2026-09-23 07:30;2026-09-11 03:00:48
124244754;10000674;2026-09-23 07:45;2026-09-11 03:00:48
124244754;10000674;2026-09-23 08:00;2026-09-11 03:00:48
124244754;10000674;2026-09-23 08:15;2026-09-11 03:00:48
124244754;10000674;2026-09-23 09:00;2026-09-11 03:00:48
124244754;10000674;2026-09-23 09:15;2026-09-11 03:00:48
124244754;10000674;2026-09-23 09:30;2026-09-11 03:00:48
124244754;10000674;2026-09-23 09:45;2026-09-11 03:00:48
124244754;10000674;2026-09-23 10:00;2026-09-11 03:00:48
124244754;10000674;2026-09-23 10:15;2026-09-11 03:00:48
124244754;10000674;2026-09-23 12:15;2026-09-11 03:00:48
124244754;10000674;2026-09-23 12:45;2026-09-11 03:00:48
124244754;10000674;2026-09-24 13:30;2026-09-11 03:00:48
124244754;10000674;2026-09-24 13:45;2026-09-11 03:00:48
124244754;10000674;2026-09-24 14:00;2026-09-11 03:00:48
124244754;10000674;2026-09-24 14:15;2026-09-11 03:00:48
124244754;10000674;2026-09-24 14:30;2026-09-11 03:00:48
124244754;10000674;2026-09-24 14:45;2026-09-11 03:00:48
124244754;10000674;2026-09-24 15:00;2026-09-11 03:00:48
124244754;10000674;2026-09-24 15:15;2026-09-11 03:00:48
124244754;10000674;2026-09-25 07:30;2026-09-11 03:00:48
124244754;10000674;2026-09-25 07:45;2026-09-11 03:00:48
124244754;10000674;2026-09-25 08:00;2026-09-11 03:00:48
124244754;10000674;2026-09-25 08:30;2026-09-11 03:00:48
124244754;10000674;2026-09-25 09:00;2026-09-11 03:00:48
124244754;10000674;2026-09-25 09:15;2026-09-11 03:00:48
124244754;10000674;2026-09-25 09:30;2026-09-11 03:00:48
124244754;10000674;2026-09-25 09:45;2026-09-11 03:00:48
124244754;10000674;2026-09-25 10:00;2026-09-11 03:00:48
124244754;10000674;2026-09-25 10:15;2026-09-11 03:00:48
124244754;10000674;2026-09-25 11:30;2026-09-11 03:00:48
124244754;10000674;2026-09-25 11:45;2026-09-11 03:00:48
124244754;10000674;2026-09-25 12:00;2026-09-11 03:00:48
124244754;10000674;2026-09-25 12:15;2026-09-11 03:00:48
124244754;10000674;2026-09-25 12:30;2026-09-11 03:00:48
124244754;10000674;2026-09-25 12:45;2026-09-11 03:00:48
124244754;10000674;2026-09-28 13:30;2026-09-11 03:00:48
124244754;10000674;2026-09-28 13:45;2026-09-11 03:00:48
124244754;10000674;2026-09-28 14:00;2026-09-11 03:00:48
124244754;10000674;2026-09-28 14:15;2026-09-11 03:00:48
124244754;10000674;2026-09-28 14:30;2026-09-11 03:00:48
124244754;10000674;2026-09-28 14:45;2026-09-11 03:00:48
124244754;10000674;2026-09-28 15:00;2026-09-11 03:00:48
124244754;10000674;2026-09-28 15:15;2026-09-11 03:00:48
124244754;10000674;2026-09-28 15:30;2026-09-11 03:00:48
124244754;10000674;2026-09-28 15:45;2026-09-11 03:00:48
124244754;10000674;2026-09-28 16:45;2026-09-11 03:00:48
124244754;10000674;2026-09-28 17:00;2026-09-11 03:00:48
124244754;10000674;2026-09-28 17:15;2026-09-11 03:00:48
124244754;10000674;2026-09-28 17:30;2026-09-11 03:00:48
124244754;10000674;2026-09-28 17:45;2026-09-11 03:00:48
124244754;10000674;2026-09-28 18:00;2026-09-11 03:00:48
124244754;10000674;2026-09-28 18:15;2026-09-11 03:00:48
124244754;10000674;2026-09-28 18:30;2026-09-11 03:00:48
124244754;10000674;2026-09-28 18:45;2026-09-11 03:00:48
124244754;10000674;2026-09-29 08:00;2026-09-11 03:00:48
124244754;10000674;2026-09-29 08:15;2026-09-11 03:00:48
124244754;10000674;2026-09-29 09:00;2026-09-11 03:00:48
124244754;10000674;2026-09-29 09:15;2026-09-11 03:00:48
124244754;10000674;2026-09-29 09:30;2026-09-11 03:00:48
124244754;10000674;2026-09-29 09:45;2026-09-11 03:00:48
124244754;10000674;2026-09-29 10:00;2026-09-11 03:00:48
124244754;10000674;2026-09-29 10:15;2026-09-11 03:00:48
124244754;10000674;2026-09-29 11:15;2026-09-11 03:00:48
124244754;10000674;2026-09-29 11:45;2026-09-11 03:00:48
124244754;10000674;2026-09-29 12:15;2026-09-11 03:00:48
124244754;10000674;2026-09-29 12:30;2026-09-11 03:00:48
124244754;10000674;2026-09-29 12:45;2026-09-11 03:00:48
124244754;10000674;2026-09-30 13:30;2026-09-11 03:00:48
124244754;10000674;2026-09-30 13:45;2026-09-11 03:00:48
124244754;10000674;2026-09-30 14:00;2026-09-11 03:00:48
124244754;10000674;2026-09-30 14:15;2026-09-11 03:00:48
124244754;10000674;2026-09-30 14:30;2026-09-11 03:00:48
124244754;10000674;2026-09-30 14:45;2026-09-11 03:00:48
124244754;10000674;2026-09-30 15:00;2026-09-11 03:00:48
124244754;10000674;2026-09-30 15:45;2026-09-11 03:00:48
124244754;10000674;2026-09-30 16:45;2026-09-11 03:00:48
124244754;10000674;2026-09-30 17:00;2026-09-11 03:00:48
124244754;10000674;2026-09-30 17:15;2026-09-11 03:00:48
124244754;10000674;2026-09-30 17:30;2026-09-11 03:00:48
124244754;10000674;2026-09-30 17:45;2026-09-11 03:00:48
124244754;10000674;2026-09-30 18:30;2026-09-11 03:00:48
124244754;10000674;2026-10-01 07:30;2026-09-11 03:00:48
124244754;10000674;2026-10-01 07:45;2026-09-11 03:00:48
124244754;10000674;2026-10-01 08:00;2026-09-11 03:00:48
124244754;10000674;2026-10-01 08:15;2026-09-11 03:00:48
124244754;10000674;2026-10-01 08:30;2026-09-11 03:00:48
124244754;10000674;2026-10-01 08:45;2026-09-11 03:00:48
124244754;10000674;2026-10-01 09:00;2026-09-11 03:00:48
124244754;10000674;2026-10-01 09:15;2026-09-11 03:00:48
124244754;10000674;2026-10-01 09:30;2026-09-11 03:00:48
124244754;10000674;2026-10-01 09:45;2026-09-11 03:00:48
124244754;10000674;2026-10-01 10:00;2026-09-11 03:00:48
124244754;10000674;2026-10-01 10:15;2026-09-11 03:00:48
124244754;10000674;2026-10-01 11:00;2026-09-11 03:00:48
124244754;10000674;2026-10-01 11:15;2026-09-11 03:00:48
124244754;10000674;2026-10-01 11:30;2026-09-11 03:00:48
124244754;10000674;2026-10-01 11:45;2026-09-11 03:00:48
124244754;10000674;2026-10-01 12:00;2026-09-11 03:00:48
124244754;10000674;2026-10-01 12:15;2026-09-11 03:00:48
124244754;10000674;2026-10-01 12:30;2026-09-11 03:00:48
124244754;10000674;2026-10-01 12:45;2026-09-11 03:00:48
124244754;10000674;2026-10-02 13:30;2026-09-11 03:00:48
124244754;10000674;2026-10-02 13:45;2026-09-11 03:00:48
124244754;10000674;2026-10-02 14:00;2026-09-11 03:00:48
124244754;10000674;2026-10-02 14:15;2026-09-11 03:00:48
124244754;10000674;2026-10-02 14:30;2026-09-11 03:00:48
124244754;10000674;2026-10-02 14:45;2026-09-11 03:00:48
124244754;10000674;2026-10-02 15:00;2026-09-11 03:00:48
124244754;10000674;2026-10-02 15:15;2026-09-11 03:00:48
124244754;10000674;2026-10-02 15:45;2026-09-11 03:00:48
124244754;10000674;2026-10-02 16:30;2026-09-11 03:00:48
124244754;10000674;2026-10-02 16:45;2026-09-11 03:00:48
124244754;10000674;2026-10-02 17:00;2026-09-11 03:00:48
124244754;10000674;2026-10-02 17:15;2026-09-11 03:00:48
124244754;10000674;2026-10-02 17:45;2026-09-11 03:00:48
124244754;10000674;2026-10-02 18:00;2026-09-11 03:00:48
124244754;10000674;2026-10-02 18:15;2026-09-11 03:00:48
124244754;10000674;2026-10-02 18:30;2026-09-11 03:00:48
124244754;10000674;2026-10-02 18:45;2026-09-11 03:00:48
124244754;10000674;2026-10-05 07:30;2026-09-11 03:00:48
124244754;10000674;2026-10-05 07:45;2026-09-11 03:00:48
124244754;10000674;2026-10-05 08:00;2026-09-11 03:00:48
124244754;10000674;2026-10-05 08:15;2026-09-11 03:00:48
124244754;10000674;2026-10-05 08:30;2026-09-11 03:00:48
124244754;10000674;2026-10-05 08:45;2026-09-11 03:00:48
124244754;10000674;2026-10-05 09:00;2026-09-11 03:00:48
124244754;10000674;2026-10-05 09:15;2026-09-11 03:00:48
124244754;10000674;2026-10-05 09:30;2026-09-11 03:00:48
124244754;10000674;2026-10-05 09:45;2026-09-11 03:00:48
124244754;10000674;2026-10-05 10:00;2026-09-11 03:00:48
124244754;10000674;2026-10-05 10:15;2026-09-11 03:00:48
124244754;10000674;2026-10-05 11:00;2026-09-11 03:00:48
124244754;10000674;2026-10-05 11:15;2026-09-11 03:00:48
124244754;10000674;2026-10-05 11:30;2026-09-11 03:00:48
124244754;10000674;2026-10-05 11:45;2026-09-11 03:00:48
124244754;10000674;2026-10-05 12:00;2026-09-11 03:00:48
124244754;10000674;2026-10-05 12:15;2026-09-11 03:00:48
124244754;10000674;2026-10-05 12:30;2026-09-11 03:00:48
124244754;10000674;2026-10-05 12:45;2026-09-11 03:00:48
124244754;10000674;2026-10-06 13:30;2026-09-11 03:00:48
124244754;10000674;2026-10-06 13:45;2026-09-11 03:00:48
124244754;10000674;2026-10-06 14:00;2026-09-11 03:00:48
124244754;10000674;2026-10-06 14:15;2026-09-11 03:00:48
124244754;10000674;2026-10-06 14:30;2026-09-11 03:00:48
124244754;10000674;2026-10-06 14:45;2026-09-11 03:00:48
124244754;10000674;2026-10-06 15:00;2026-09-11 03:00:48
124244754;10000674;2026-10-06 15:45;2026-09-11 03:00:48
124244754;10000674;2026-10-06 16:30;2026-09-11 03:00:48
124244754;10000674;2026-10-06 16:45;2026-09-11 03:00:48
124244754;10000674;2026-10-06 17:00;2026-09-11 03:00:48
124244754;10000674;2026-10-06 17:15;2026-09-11 03:00:48
124244754;10000674;2026-10-06 17:30;2026-09-11 03:00:48
124244754;10000674;2026-10-06 17:45;2026-09-11 03:00:48
124244754;10000674;2026-10-06 18:00;2026-09-11 03:00:48
124244754;10000674;2026-10-06 18:15;2026-09-11 03:00:48
124244754;10000674;2026-10-06 18:30;2026-09-11 03:00:48
124244754;10000674;2026-10-06 18:45;2026-09-11 03:00:48
124244754;10000674;2026-10-07 07:30;2026-09-11 03:00:48
124244754;10000674;2026-10-07 07:45;2026-09-11 03:00:48
124244754;10000674;2026-10-07 08:00;2026-09-11 03:00:48
124244754;10000674;2026-10-07 08:15;2026-09-11 03:00:48
124244754;10000674;2026-10-07 08:45;2026-09-11 03:00:48
124244754;10000674;2026-10-08 13:30;2026-09-11 03:00:48
124244754;10000674;2026-10-08 13:45;2026-09-11 03:00:48
124244754;10000674;2026-10-08 14:00;2026-09-11 03:00:48
124244754;10000674;2026-10-08 14:15;2026-09-11 03:00:48
124244754;10000674;2026-10-08 14:30;2026-09-11 03:00:48
124244754;10000674;2026-10-08 14:45;2026-09-11 03:00:48
124244754;10000674;2026-10-08 15:00;2026-09-11 03:00:48
124244754;10000674;2026-10-08 15:15;2026-09-11 03:00:48
124244754;10000674;2026-10-08 15:30;2026-09-11 03:00:48
124244754;10000674;2026-10-08 15:45;2026-09-11 03:00:48
124244754;10000674;2026-10-08 16:30;2026-09-11 03:00:48
124244754;10000674;2026-10-08 16:45;2026-09-11 03:00:48
124244754;10000674;2026-10-08 17:00;2026-09-11 03:00:48
124244754;10000674;2026-10-08 17:15;2026-09-11 03:00:48
124244754;10000674;2026-10-08 17:30;2026-09-11 03:00:48
124244754;10000674;2026-10-08 18:00;2026-09-11 03:00:48
124244754;10000674;2026-10-08 18:15;2026-09-11 03:00:48
124244754;10000674;2026-10-08 18:30;2026-09-11 03:00:48
124244754;10000674;2026-10-08 18:45;2026-09-11 03:00:48
124244754;10000674;2026-10-09 07:30;2026-09-11 03:00:48
124244754;10000674;2026-10-09 07:45;2026-09-11 03:00:48
124244754;10000674;2026-10-09 08:00;2026-09-11 03:00:48
124244754;10000674;2026-10-09 08:15;2026-09-11 03:00:48
124244754;10000674;2026-10-09 08:30;2026-09-11 03:00:48
124244754;10000674;2026-10-09 08:45;2026-09-11 03:00:48
124244754;10000674;2026-10-09 09:00;2026-09-11 03:00:48
124244754;10000674;2026-10-09 09:15;2026-09-11 03:00:48
124244754;10000674;2026-10-09 09:30;2026-09-11 03:00:48
124244754;10000674;2026-10-09 09:45;2026-09-11 03:00:48
124244754;10000674;2026-10-09 10:00;2026-09-11 03:00:48
124244754;10000674;2026-10-09 10:15;2026-09-11 03:00:48
124244754;10000674;2026-10-09 11:30;2026-09-11 03:00:48
124244754;10000674;2026-10-09 11:45;2026-09-11 03:00:48
124244754;10000674;2026-10-09 12:00;2026-09-11 03:00:48
124244754;10000674;2026-10-09 12:15;2026-09-11 03:00:48
124244754;10000674;2026-10-09 12:30;2026-09-11 03:00:48
124244754;10000674;2026-10-09 12:45;2026-09-11 03:00:48
124244754;10000674;2026-09-29 07:45;2026-09-11 03:00:48
124244754;10000674;2026-09-25 08:15;2026-09-11 03:00:48
124244754;10000674;2026-09-29 11:30;2026-09-11 03:00:48
124244754;10000674;2026-09-14 13:30;2026-09-11 03:00:48
124244754;10000674;2026-09-14 13:45;2026-09-11 03:00:48
124244754;10000075;2026-09-16 17:45;2026-09-11 03:00:48
124244754;10000075;2026-09-16 18:00;2026-09-11 03:00:48
124244754;10000075;2026-09-16 17:00;2026-09-11 03:00:48
124244754;10000075;2026-09-16 17:15;2026-09-11 03:00:48
124244754;10000075;2026-09-15 11:45;2026-09-11 03:00:48
124244754;10000075;2026-09-15 10:00;2026-09-11 03:00:48
124244754;10000075;2026-09-15 10:15;2026-09-11 03:00:48
124244754;10000075;2026-09-15 11:30;2026-09-11 03:00:48
124244754;10000075;2026-09-18 11:45;2026-09-11 03:00:48
124244754;10000075;2026-09-18 11:30;2026-09-11 03:00:48
124244754;10000075;2026-09-18 09:45;2026-09-11 03:00:48
124244754;10000075;2026-09-18 10:30;2026-09-11 03:00:48
124244754;10000075;2026-09-11 11:45;2026-09-11 03:00:48
124244754;10000075;2026-09-11 11:30;2026-09-11 03:00:48
124244754;10000075;2026-09-11 09:45;2026-09-11 03:00:48
124244754;10000075;2026-09-11 10:00;2026-09-11 03:00:48
124244754;10000075;2026-09-14 14:15;2026-09-11 03:00:48
124244754;10000075;2026-09-14 15:15;2026-09-11 03:00:48
124244754;10000075;2026-09-14 17:00;2026-09-11 03:00:48
124244754;10000075;2026-09-14 17:15;2026-09-11 03:00:48
124244754;10000075;2026-09-14 17:30;2026-09-11 03:00:48
124244754;10000075;2026-09-14 17:45;2026-09-11 03:00:48
124244754;10000075;2026-09-14 14:45;2026-09-11 03:00:48
124244754;10000075;2026-09-30 17:45;2026-09-11 03:00:48
124244754;10000075;2026-09-30 16:45;2026-09-11 03:00:48
124244754;10000075;2026-09-30 17:00;2026-09-11 03:00:48
124244754;10000075;2026-09-30 17:15;2026-09-11 03:00:48
124244754;10000075;2026-09-30 17:30;2026-09-11 03:00:48
124244754;10000075;2026-09-17 11:45;2026-09-11 03:00:48
124244754;10000075;2026-09-17 08:45;2026-09-11 03:00:48
124244754;10000075;2026-09-17 11:30;2026-09-11 03:00:48
124244754;10000075;2026-09-17 10:30;2026-09-11 03:00:48
124244754;10000075;2026-10-02 16:30;2026-09-11 03:00:48
124244754;10000075;2026-10-02 18:00;2026-09-11 03:00:48
124244754;10000075;2026-10-02 16:45;2026-09-11 03:00:48
124244754;10000075;2026-10-02 17:00;2026-09-11 03:00:48
124244754;10000075;2026-10-02 18:15;2026-09-11 03:00:48
124244754;10000075;2026-10-02 19:15;2026-09-11 03:00:48
124244754;10000075;2026-10-05 11:45;2026-09-11 03:00:48
124244754;10000075;2026-10-05 08:45;2026-09-11 03:00:48
124244754;10000075;2026-10-05 11:30;2026-09-11 03:00:48
124244754;10000075;2026-10-05 09:45;2026-09-11 03:00:48
124244754;10000075;2026-10-05 10:15;2026-09-11 03:00:48
124244754;10000075;2026-10-05 09:15;2026-09-11 03:00:48
124244754;10000075;2026-10-05 07:45;2026-09-11 03:00:48
124244754;10000075;2026-10-05 08:30;2026-09-11 03:00:48
124244754;10000075;2026-10-05 09:00;2026-09-11 03:00:48
124244754;10000075;2026-10-05 10:00;2026-09-11 03:00:48
124244754;10000075;2026-10-05 12:15;2026-09-11 03:00:48
124244754;10000075;2026-10-05 10:30;2026-09-11 03:00:48
124244754;10000075;2026-10-05 10:45;2026-09-11 03:00:48
124244754;10000075;2026-10-05 09:30;2026-09-11 03:00:48
124244754;10000075;2026-10-09 11:45;2026-09-11 03:00:48
124244754;10000075;2026-10-09 08:45;2026-09-11 03:00:48
124244754;10000075;2026-10-09 11:30;2026-09-11 03:00:48
124244754;10000075;2026-10-09 09:45;2026-09-11 03:00:48
124244754;10000075;2026-10-09 10:15;2026-09-11 03:00:48
124244754;10000075;2026-10-09 09:15;2026-09-11 03:00:48
124244754;10000075;2026-10-09 07:30;2026-09-11 03:00:48
124244754;10000075;2026-10-09 07:45;2026-09-11 03:00:48
124244754;10000075;2026-10-09 08:30;2026-09-11 03:00:48
124244754;10000075;2026-10-09 10:00;2026-09-11 03:00:48
124244754;10000075;2026-10-09 12:00;2026-09-11 03:00:48
124244754;10000075;2026-10-09 12:15;2026-09-11 03:00:48
124244754;10000075;2026-10-09 12:30;2026-09-11 03:00:48
124244754;10000075;2026-10-09 10:30;2026-09-11 03:00:48
124244754;10000075;2026-10-09 10:45;2026-09-11 03:00:48
124244754;10000075;2026-10-06 16:00;2026-09-11 03:00:48
124244754;10000075;2026-10-06 17:45;2026-09-11 03:00:48
124244754;10000075;2026-10-06 14:15;2026-09-11 03:00:48
124244754;10000075;2026-10-06 14:30;2026-09-11 03:00:48
124244754;10000075;2026-10-06 14:45;2026-09-11 03:00:48
124244754;10000075;2026-10-06 16:15;2026-09-11 03:00:48
124244754;10000075;2026-10-06 16:30;2026-09-11 03:00:48
124244754;10000075;2026-10-06 16:45;2026-09-11 03:00:48
124244754;10000075;2026-10-06 17:00;2026-09-11 03:00:48
124244754;10000075;2026-10-06 17:15;2026-09-11 03:00:48
124244754;10000075;2026-10-06 17:30;2026-09-11 03:00:48
124244754;10000075;2026-10-06 19:15;2026-09-11 03:00:48
124244754;10000075;2026-10-06 18:15;2026-09-11 03:00:48
124244754;10000075;2026-10-06 18:30;2026-09-11 03:00:48
124244754;10000075;2026-10-06 18:45;2026-09-11 03:00:48
124244754;10000075;2026-10-06 19:00;2026-09-11 03:00:48
124244754;10000075;2026-10-06 18:00;2026-09-11 03:00:48
124244754;10000075;2026-10-08 16:00;2026-09-11 03:00:48
124244754;10000075;2026-10-08 17:45;2026-09-11 03:00:48
124244754;10000075;2026-10-08 14:15;2026-09-11 03:00:48
124244754;10000075;2026-10-08 14:30;2026-09-11 03:00:48
124244754;10000075;2026-10-08 14:45;2026-09-11 03:00:48
124244754;10000075;2026-10-08 14:00;2026-09-11 03:00:48
124244754;10000075;2026-10-08 16:15;2026-09-11 03:00:48
124244754;10000075;2026-10-08 16:30;2026-09-11 03:00:48
124244754;10000075;2026-10-08 16:45;2026-09-11 03:00:48
124244754;10000075;2026-10-08 17:00;2026-09-11 03:00:48
124244754;10000075;2026-10-08 17:15;2026-09-11 03:00:48
124244754;10000075;2026-10-08 17:30;2026-09-11 03:00:48
124244754;10000075;2026-10-08 19:15;2026-09-11 03:00:48
124244754;10000075;2026-10-08 18:15;2026-09-11 03:00:48
124244754;10000075;2026-10-08 18:30;2026-09-11 03:00:48
124244754;10000075;2026-10-08 18:45;2026-09-11 03:00:48
124244754;10000075;2026-10-08 19:00;2026-09-11 03:00:48
124244754;10000075;2026-10-08 18:00;2026-09-11 03:00:48
124244754;10000075;2026-10-01 11:45;2026-09-11 03:00:48
124244754;10000075;2026-10-01 08:45;2026-09-11 03:00:48
124244754;10000075;2026-10-01 11:30;2026-09-11 03:00:48
124244754;10000075;2026-10-01 10:15;2026-09-11 03:00:48
124244754;10000075;2026-10-01 10:30;2026-09-11 03:00:48
124244754;10000075;2026-10-07 11:45;2026-09-11 03:00:48
124244754;10000075;2026-10-07 08:45;2026-09-11 03:00:48
124244754;10000075;2026-10-07 11:30;2026-09-11 03:00:48
124244754;10000075;2026-10-07 09:45;2026-09-11 03:00:48
124244754;10000075;2026-10-07 10:15;2026-09-11 03:00:48
124244754;10000075;2026-10-07 09:15;2026-09-11 03:00:48
124244754;10000075;2026-10-07 08:30;2026-09-11 03:00:48
124244754;10000075;2026-10-07 12:15;2026-09-11 03:00:48
124244754;10000075;2026-10-07 12:30;2026-09-11 03:00:48
124244754;10000075;2026-10-07 10:30;2026-09-11 03:00:48
124244754;10000075;2026-10-07 09:30;2026-09-11 03:00:48
124244754;10019717;2026-09-21 08:00;2026-09-11 03:00:48
124244754;10019717;2026-09-21 08:15;2026-09-11 03:00:48
124244754;10019717;2026-09-21 11:30;2026-09-11 03:00:48
124244754;10019717;2026-09-21 10:30;2026-09-11 03:00:48
124244754;10019717;2026-09-21 10:45;2026-09-11 03:00:48
124244754;10019717;2026-09-11 11:45;2026-09-11 03:00:48
124244754;10019717;2026-09-11 11:30;2026-09-11 03:00:48
124244754;10019717;2026-09-11 09:00;2026-09-11 03:00:48
124244754;10019717;2026-09-11 10:45;2026-09-11 03:00:48
124244754;10019717;2026-09-14 11:45;2026-09-11 03:00:48
124244754;10019717;2026-09-14 08:45;2026-09-11 03:00:48
124244754;10019717;2026-09-14 11:30;2026-09-11 03:00:48
124244754;10019717;2026-09-14 09:00;2026-09-11 03:00:48
124244754;10019717;2026-09-14 10:30;2026-09-11 03:00:48
124244754;10019717;2026-09-14 10:45;2026-09-11 03:00:48
124244754;10019717;2026-09-14 09:30;2026-09-11 03:00:48
124244754;10019717;2026-09-18 11:45;2026-09-11 03:00:48
124244754;10019717;2026-09-18 11:30;2026-09-11 03:00:48
124244754;10019717;2026-09-18 10:30;2026-09-11 03:00:48
124244754;10019717;2026-09-18 09:30;2026-09-11 03:00:48
124244754;10019717;2026-09-25 11:45;2026-09-11 03:00:48
124244754;10019717;2026-09-25 08:45;2026-09-11 03:00:48
124244754;10019717;2026-09-25 11:30;2026-09-11 03:00:48
124244754;10019717;2026-09-25 09:00;2026-09-11 03:00:48
124244754;10019717;2026-09-25 10:30;2026-09-11 03:00:48
124244754;10019717;2026-09-25 10:45;2026-09-11 03:00:48
124244754;10019717;2026-09-25 09:30;2026-09-11 03:00:48
124244754;10019717;2026-09-28 11:45;2026-09-11 03:00:48
124244754;10019717;2026-09-28 08:45;2026-09-11 03:00:48
124244754;10019717;2026-09-28 11:30;2026-09-11 03:00:48
124244754;10019717;2026-09-28 09:00;2026-09-11 03:00:48
124244754;10019717;2026-09-28 10:30;2026-09-11 03:00:48
124244754;10019717;2026-09-28 10:45;2026-09-11 03:00:48
124244754;10019717;2026-09-28 09:30;2026-09-11 03:00:48
124244754;10019717;2026-09-15 08:45;2026-09-11 03:00:48
124244754;10019717;2026-09-15 11:30;2026-09-11 03:00:48
124244754;10019717;2026-09-15 11:00;2026-09-11 03:00:48
124244754;10019717;2026-09-15 11:15;2026-09-11 03:00:48
124244754;10019717;2026-09-16 08:45;2026-09-11 03:00:48
124244754;10019717;2026-09-16 11:30;2026-09-11 03:00:48
124244754;10019717;2026-09-16 11:00;2026-09-11 03:00:48
124244754;10019717;2026-09-16 11:15;2026-09-11 03:00:48
124244754;10019717;2026-09-17 08:45;2026-09-11 03:00:48
124244754;10019717;2026-09-17 11:30;2026-09-11 03:00:48
124244754;10019717;2026-09-17 11:00;2026-09-11 03:00:48
124244754;10019717;2026-09-17 11:15;2026-09-11 03:00:48
124244754;10019717;2026-09-22 08:45;2026-09-11 03:00:48
124244754;10019717;2026-09-22 11:30;2026-09-11 03:00:48
124244754;10019717;2026-09-22 11:00;2026-09-11 03:00:48
124244754;10019717;2026-09-22 11:15;2026-09-11 03:00:48
124244754;10019717;2026-09-23 08:45;2026-09-11 03:00:48
124244754;10019717;2026-09-23 11:30;2026-09-11 03:00:48
124244754;10019717;2026-09-23 11:00;2026-09-11 03:00:48
124244754;10019717;2026-09-23 11:15;2026-09-11 03:00:48
124244754;10019717;2026-09-24 08:45;2026-09-11 03:00:48
124244754;10019717;2026-09-24 11:30;2026-09-11 03:00:48
124244754;10019717;2026-09-24 11:00;2026-09-11 03:00:48
124244754;10019717;2026-09-24 11:15;2026-09-11 03:00:48
124244754;10019717;2026-09-29 08:45;2026-09-11 03:00:48
124244754;10019717;2026-09-29 11:30;2026-09-11 03:00:48
124244754;10019717;2026-09-29 10:45;2026-09-11 03:00:48
124244754;10019717;2026-09-29 11:00;2026-09-11 03:00:48
124244754;10019717;2026-09-29 11:15;2026-09-11 03:00:48
124244754;10019717;2026-09-30 08:45;2026-09-11 03:00:48
124244754;10019717;2026-09-30 11:30;2026-09-11 03:00:48
124244754;10019717;2026-09-30 09:45;2026-09-11 03:00:48
124244754;10019717;2026-09-30 09:15;2026-09-11 03:00:48
124244754;10019717;2026-09-30 08:30;2026-09-11 03:00:48
124244754;10019717;2026-09-30 09:00;2026-09-11 03:00:48
124244754;10019717;2026-09-30 12:00;2026-09-11 03:00:48
124244754;10019717;2026-09-30 12:15;2026-09-11 03:00:48
124244754;10019717;2026-09-30 12:30;2026-09-11 03:00:48
124244754;10019717;2026-09-30 10:30;2026-09-11 03:00:48
124244754;10019717;2026-09-30 10:45;2026-09-11 03:00:48
124244754;10019717;2026-09-30 12:45;2026-09-11 03:00:48
124244754;10019717;2026-09-30 09:30;2026-09-11 03:00:48
124244754;10019717;2026-09-30 11:00;2026-09-11 03:00:48
124244754;10019717;2026-09-30 11:15;2026-09-11 03:00:48
124244754;10019717;2026-10-02 11:45;2026-09-11 03:00:48
124244754;10019717;2026-10-02 08:45;2026-09-11 03:00:48
124244754;10019717;2026-10-02 11:30;2026-09-11 03:00:48
124244754;10019717;2026-10-02 09:45;2026-09-11 03:00:48
124244754;10019717;2026-10-02 09:15;2026-09-11 03:00:48
124244754;10019717;2026-10-02 07:30;2026-09-11 03:00:48
124244754;10019717;2026-10-02 07:45;2026-09-11 03:00:48
124244754;10019717;2026-10-02 08:30;2026-09-11 03:00:48
124244754;10019717;2026-10-02 09:00;2026-09-11 03:00:48
124244754;10019717;2026-10-02 12:15;2026-09-11 03:00:48
124244754;10019717;2026-10-02 12:30;2026-09-11 03:00:48
124244754;10019717;2026-10-02 10:30;2026-09-11 03:00:48
124244754;10019717;2026-10-02 10:45;2026-09-11 03:00:48
124244754;10019717;2026-10-02 09:30;2026-09-11 03:00:48
124244754;10019717;2026-10-02 11:15;2026-09-11 03:00:48
124244754;10019717;2026-10-05 11:45;2026-09-11 03:00:48
124244754;10019717;2026-10-05 08:45;2026-09-11 03:00:48
124244754;10019717;2026-10-05 11:30;2026-09-11 03:00:48
124244754;10019717;2026-10-05 09:45;2026-09-11 03:00:48
124244754;10019717;2026-10-05 09:15;2026-09-11 03:00:48
124244754;10019717;2026-10-05 07:45;2026-09-11 03:00:48
124244754;10019717;2026-10-05 08:30;2026-09-11 03:00:48
124244754;10019717;2026-10-05 09:00;2026-09-11 03:00:48
124244754;10019717;2026-10-05 12:00;2026-09-11 03:00:48
124244754;10019717;2026-10-05 12:15;2026-09-11 03:00:48
124244754;10019717;2026-10-05 12:30;2026-09-11 03:00:48
124244754;10019717;2026-10-05 10:30;2026-09-11 03:00:48
124244754;10019717;2026-10-05 10:45;2026-09-11 03:00:48
124244754;10019717;2026-10-05 09:30;2026-09-11 03:00:48
124244754;10019717;2026-10-05 11:00;2026-09-11 03:00:48
124244754;10019717;2026-10-05 11:15;2026-09-11 03:00:48
124244754;10019717;2026-10-09 11:45;2026-09-11 03:00:48
124244754;10019717;2026-10-09 08:45;2026-09-11 03:00:48
124244754;10019717;2026-10-09 11:30;2026-09-11 03:00:48
124244754;10019717;2026-10-09 09:45;2026-09-11 03:00:48
124244754;10019717;2026-10-09 09:15;2026-09-11 03:00:48
124244754;10019717;2026-10-09 07:30;2026-09-11 03:00:48
124244754;10019717;2026-10-09 07:45;2026-09-11 03:00:48
124244754;10019717;2026-10-09 08:30;2026-09-11 03:00:48
124244754;10019717;2026-10-09 09:00;2026-09-11 03:00:48
124244754;10019717;2026-10-09 12:00;2026-09-11 03:00:48
124244754;10019717;2026-10-09 12:15;2026-09-11 03:00:48
124244754;10019717;2026-10-09 12:30;2026-09-11 03:00:48
124244754;10019717;2026-10-09 10:30;2026-09-11 03:00:48
124244754;10019717;2026-10-09 10:45;2026-09-11 03:00:48
124244754;10019717;2026-10-09 09:30;2026-09-11 03:00:48
124244754;10019717;2026-10-09 11:00;2026-09-11 03:00:48
124244754;10019717;2026-10-01 11:45;2026-09-11 03:00:48
124244754;10019717;2026-10-01 08:45;2026-09-11 03:00:48
124244754;10019717;2026-10-01 11:30;2026-09-11 03:00:48
124244754;10019717;2026-10-01 09:45;2026-09-11 03:00:48
124244754;10019717;2026-10-01 09:15;2026-09-11 03:00:48
124244754;10019717;2026-10-01 07:30;2026-09-11 03:00:48
124244754;10019717;2026-10-01 07:45;2026-09-11 03:00:48
124244754;10019717;2026-10-01 09:00;2026-09-11 03:00:48
124244754;10019717;2026-10-01 12:00;2026-09-11 03:00:48
124244754;10019717;2026-10-01 12:15;2026-09-11 03:00:48
124244754;10019717;2026-10-01 12:30;2026-09-11 03:00:48
124244754;10019717;2026-10-01 10:30;2026-09-11 03:00:48
124244754;10019717;2026-10-01 10:45;2026-09-11 03:00:48
124244754;10019717;2026-10-01 12:45;2026-09-11 03:00:48
124244754;10019717;2026-10-01 09:30;2026-09-11 03:00:48
124244754;10019717;2026-10-01 11:00;2026-09-11 03:00:48
124244754;10019717;2026-10-01 11:15;2026-09-11 03:00:48
124244754;10019717;2026-10-06 11:45;2026-09-11 03:00:48
124244754;10019717;2026-10-06 08:45;2026-09-11 03:00:48
124244754;10019717;2026-10-06 11:30;2026-09-11 03:00:48
124244754;10019717;2026-10-06 09:45;2026-09-11 03:00:48
124244754;10019717;2026-10-06 09:15;2026-09-11 03:00:48
124244754;10019717;2026-10-06 07:30;2026-09-11 03:00:48
124244754;10019717;2026-10-06 07:45;2026-09-11 03:00:48
124244754;10019717;2026-10-06 08:30;2026-09-11 03:00:48
124244754;10019717;2026-10-06 09:00;2026-09-11 03:00:48
124244754;10019717;2026-10-06 12:00;2026-09-11 03:00:48
124244754;10019717;2026-10-06 12:15;2026-09-11 03:00:48
124244754;10019717;2026-10-06 12:30;2026-09-11 03:00:48
124244754;10019717;2026-10-06 10:30;2026-09-11 03:00:48
124244754;10019717;2026-10-06 10:45;2026-09-11 03:00:48
124244754;10019717;2026-10-06 12:45;2026-09-11 03:00:48
124244754;10019717;2026-10-06 09:30;2026-09-11 03:00:48
124244754;10019717;2026-10-06 11:00;2026-09-11 03:00:48
124244754;10019717;2026-10-06 11:15;2026-09-11 03:00:48
124244754;10019717;2026-10-07 11:45;2026-09-11 03:00:48
124244754;10019717;2026-10-07 08:45;2026-09-11 03:00:48
124244754;10019717;2026-10-07 11:30;2026-09-11 03:00:48
124244754;10019717;2026-10-07 09:45;2026-09-11 03:00:48
124244754;10019717;2026-10-07 09:15;2026-09-11 03:00:48
124244754;10019717;2026-10-07 07:30;2026-09-11 03:00:48
124244754;10019717;2026-10-07 07:45;2026-09-11 03:00:48
124244754;10019717;2026-10-07 08:30;2026-09-11 03:00:48
124244754;10019717;2026-10-07 09:00;2026-09-11 03:00:48
124244754;10019717;2026-10-07 12:00;2026-09-11 03:00:48
124244754;10019717;2026-10-07 12:15;2026-09-11 03:00:48
124244754;10019717;2026-10-07 12:30;2026-09-11 03:00:48
124244754;10019717;2026-10-07 10:30;2026-09-11 03:00:48
124244754;10019717;2026-10-07 10:45;2026-09-11 03:00:48
124244754;10019717;2026-10-07 12:45;2026-09-11 03:00:48
124244754;10019717;2026-10-07 09:30;2026-09-11 03:00:48
124244754;10019717;2026-10-07 11:00;2026-09-11 03:00:48
124244754;10019717;2026-10-07 11:15;2026-09-11 03:00:48
124244754;10019717;2026-10-08 11:45;2026-09-11 03:00:48
124244754;10019717;2026-10-08 08:45;2026-09-11 03:00:48
124244754;10019717;2026-10-08 11:30;2026-09-11 03:00:48
124244754;10019717;2026-10-08 09:45;2026-09-11 03:00:48
124244754;10019717;2026-10-08 09:15;2026-09-11 03:00:48
124244754;10019717;2026-10-08 07:30;2026-09-11 03:00:48
124244754;10019717;2026-10-08 07:45;2026-09-11 03:00:48
124244754;10019717;2026-10-08 08:30;2026-09-11 03:00:48
124244754;10019717;2026-10-08 09:00;2026-09-11 03:00:48
124244754;10019717;2026-10-08 12:00;2026-09-11 03:00:48
124244754;10019717;2026-10-08 12:15;2026-09-11 03:00:48
124244754;10019717;2026-10-08 12:30;2026-09-11 03:00:48
124244754;10019717;2026-10-08 10:30;2026-09-11 03:00:48
124244754;10019717;2026-10-08 10:45;2026-09-11 03:00:48
124244754;10019717;2026-10-08 12:45;2026-09-11 03:00:48
124244754;10019717;2026-10-08 09:30;2026-09-11 03:00:48
124244754;10019717;2026-10-08 11:00;2026-09-11 03:00:48
124244754;10019717;2026-10-08 11:15;2026-09-11 03:00:48
124244754;10225508;2026-09-11 14:00;2026-09-11 03:00:48
124244754;10225508;2026-09-11 14:15;2026-09-11 03:00:48
124244754;10225508;2026-09-11 14:30;2026-09-11 03:00:48
124244754;10225508;2026-09-11 14:45;2026-09-11 03:00:48
124244754;10225508;2026-09-11 15:00;2026-09-11 03:00:48
124244754;10225508;2026-09-11 15:15;2026-09-11 03:00:48
124244754;10225508;2026-09-14 08:30;2026-09-11 03:00:48
124244754;10225508;2026-09-14 08:45;2026-09-11 03:00:48
124244754;10225508;2026-09-14 09:00;2026-09-11 03:00:48
124244754;10225508;2026-09-14 09:15;2026-09-11 03:00:48
124244754;10225508;2026-09-14 09:30;2026-09-11 03:00:48
124244754;10225508;2026-09-14 09:45;2026-09-11 03:00:48
124244754;10225508;2026-09-15 14:00;2026-09-11 03:00:48
124244754;10225508;2026-09-15 14:15;2026-09-11 03:00:48
124244754;10225508;2026-09-15 14:30;2026-09-11 03:00:48
124244754;10225508;2026-09-15 14:45;2026-09-11 03:00:48
124244754;10225508;2026-09-15 15:00;2026-09-11 03:00:48
124244754;10225508;2026-09-15 15:15;2026-09-11 03:00:48
124244754;10225508;2026-09-16 08:30;2026-09-11 03:00:48
124244754;10225508;2026-09-16 08:45;2026-09-11 03:00:48
124244754;10225508;2026-09-16 09:00;2026-09-11 03:00:48
124244754;10225508;2026-09-16 09:15;2026-09-11 03:00:48
124244754;10225508;2026-09-16 09:30;2026-09-11 03:00:48
124244754;10225508;2026-09-16 09:45;2026-09-11 03:00:48
124244754;10225508;2026-09-17 14:00;2026-09-11 03:00:48
124244754;10225508;2026-09-17 14:15;2026-09-11 03:00:48
124244754;10225508;2026-09-17 14:30;2026-09-11 03:00:48
124244754;10225508;2026-09-17 14:45;2026-09-11 03:00:48
124244754;10225508;2026-09-17 15:00;2026-09-11 03:00:48
124244754;10225508;2026-09-17 15:15;2026-09-11 03:00:48
124244754;10225508;2026-09-18 08:30;2026-09-11 03:00:48
124244754;10225508;2026-09-18 08:45;2026-09-11 03:00:48
124244754;10225508;2026-09-18 09:00;2026-09-11 03:00:48
124244754;10225508;2026-09-18 09:15;2026-09-11 03:00:48
124244754;10225508;2026-09-18 09:30;2026-09-11 03:00:48
124244754;10225508;2026-09-18 09:45;2026-09-11 03:00:48
124244754;10225508;2026-09-21 14:00;2026-09-11 03:00:48
124244754;10225508;2026-09-21 14:15;2026-09-11 03:00:48
124244754;10225508;2026-09-21 14:30;2026-09-11 03:00:48
124244754;10225508;2026-09-21 14:45;2026-09-11 03:00:48
124244754;10225508;2026-09-21 15:00;2026-09-11 03:00:48
124244754;10225508;2026-09-21 15:15;2026-09-11 03:00:48
124244754;10225508;2026-09-22 08:30;2026-09-11 03:00:48
124244754;10225508;2026-09-22 08:45;2026-09-11 03:00:48
124244754;10225508;2026-09-22 09:00;2026-09-11 03:00:48
124244754;10225508;2026-09-22 09:15;2026-09-11 03:00:48
124244754;10225508;2026-09-22 09:30;2026-09-11 03:00:48
124244754;10225508;2026-09-22 09:45;2026-09-11 03:00:48
124244754;10225508;2026-09-23 14:00;2026-09-11 03:00:48
124244754;10225508;2026-09-23 14:15;2026-09-11 03:00:48
124244754;10225508;2026-09-23 14:30;2026-09-11 03:00:48
124244754;10225508;2026-09-23 14:45;2026-09-11 03:00:48
124244754;10225508;2026-09-23 15:00;2026-09-11 03:00:48
124244754;10225508;2026-09-23 15:15;2026-09-11 03:00:48
124244754;10225508;2026-09-24 07:30;2026-09-11 03:00:48
124244754;10225508;2026-09-24 07:45;2026-09-11 03:00:48
124244754;10225508;2026-09-24 08:00;2026-09-11 03:00:48
124244754;10225508;2026-09-24 08:15;2026-09-11 03:00:48
124244754;10225508;2026-09-24 08:30;2026-09-11 03:00:48
124244754;10225508;2026-09-24 08:45;2026-09-11 03:00:48
124244754;10225508;2026-09-24 09:00;2026-09-11 03:00:48
124244754;10225508;2026-09-24 09:15;2026-09-11 03:00:48
124244754;10225508;2026-09-24 09:30;2026-09-11 03:00:48
124244754;10225508;2026-09-24 09:45;2026-09-11 03:00:48
124244754;10225508;2026-09-24 10:45;2026-09-11 03:00:48
124244754;10225508;2026-09-24 11:00;2026-09-11 03:00:48
124244754;10225508;2026-09-24 11:15;2026-09-11 03:00:48
124244754;10225508;2026-09-24 11:45;2026-09-11 03:00:48
124244754;10225508;2026-09-24 12:00;2026-09-11 03:00:48
124244754;10225508;2026-09-24 12:15;2026-09-11 03:00:48
124244754;10225508;2026-09-24 12:30;2026-09-11 03:00:48
124244754;10225508;2026-09-25 14:00;2026-09-11 03:00:48
124244754;10225508;2026-09-25 14:15;2026-09-11 03:00:48
124244754;10225508;2026-09-25 14:30;2026-09-11 03:00:48
124244754;10225508;2026-09-25 14:45;2026-09-11 03:00:48
124244754;10225508;2026-09-25 15:00;2026-09-11 03:00:48
124244754;10225508;2026-09-25 15:15;2026-09-11 03:00:48
124244754;10225508;2026-09-25 16:30;2026-09-11 03:00:48
124244754;10225508;2026-09-25 16:45;2026-09-11 03:00:48
124244754;10225508;2026-09-25 17:15;2026-09-11 03:00:48
124244754;10225508;2026-09-25 17:45;2026-09-11 03:00:48
124244754;10225508;2026-09-25 18:15;2026-09-11 03:00:48
124244754;10225508;2026-09-25 18:45;2026-09-11 03:00:48
124244754;10225508;2026-09-28 07:30;2026-09-11 03:00:48
124244754;10225508;2026-09-28 07:45;2026-09-11 03:00:48
124244754;10225508;2026-09-28 08:00;2026-09-11 03:00:48
124244754;10225508;2026-09-28 08:15;2026-09-11 03:00:48
124244754;10225508;2026-09-28 08:30;2026-09-11 03:00:48
124244754;10225508;2026-09-28 08:45;2026-09-11 03:00:48
124244754;10225508;2026-09-28 09:00;2026-09-11 03:00:48
124244754;10225508;2026-09-28 09:15;2026-09-11 03:00:48
124244754;10225508;2026-09-28 09:30;2026-09-11 03:00:48
124244754;10225508;2026-09-28 09:45;2026-09-11 03:00:48
124244754;10225508;2026-09-28 10:45;2026-09-11 03:00:48
124244754;10225508;2026-09-28 11:00;2026-09-11 03:00:48
124244754;10225508;2026-09-28 11:15;2026-09-11 03:00:48
124244754;10225508;2026-09-28 11:30;2026-09-11 03:00:48
124244754;10225508;2026-09-28 11:45;2026-09-11 03:00:48
124244754;10225508;2026-09-28 12:00;2026-09-11 03:00:48
124244754;10225508;2026-09-28 12:30;2026-09-11 03:00:48
124244754;10225508;2026-09-29 14:00;2026-09-11 03:00:48
124244754;10225508;2026-09-29 14:15;2026-09-11 03:00:48
124244754;10225508;2026-09-29 14:30;2026-09-11 03:00:48
124244754;10225508;2026-09-29 14:45;2026-09-11 03:00:48
124244754;10225508;2026-09-29 15:00;2026-09-11 03:00:48
124244754;10225508;2026-09-29 15:15;2026-09-11 03:00:48
124244754;10225508;2026-09-29 16:15;2026-09-11 03:00:48
124244754;10225508;2026-09-29 16:30;2026-09-11 03:00:48
124244754;10225508;2026-09-29 16:45;2026-09-11 03:00:48
124244754;10225508;2026-09-29 17:00;2026-09-11 03:00:48
124244754;10225508;2026-09-29 17:15;2026-09-11 03:00:48
124244754;10225508;2026-09-29 17:30;2026-09-11 03:00:48
124244754;10225508;2026-09-29 17:45;2026-09-11 03:00:48
124244754;10225508;2026-09-29 18:15;2026-09-11 03:00:48
124244754;10225508;2026-09-29 18:30;2026-09-11 03:00:48
124244754;10225508;2026-09-29 18:45;2026-09-11 03:00:48
124244754;10225508;2026-09-30 07:30;2026-09-11 03:00:48
124244754;10225508;2026-09-30 07:45;2026-09-11 03:00:48
124244754;10225508;2026-09-30 08:00;2026-09-11 03:00:48
124244754;10225508;2026-09-30 08:15;2026-09-11 03:00:48
124244754;10225508;2026-09-30 08:30;2026-09-11 03:00:48
124244754;10225508;2026-09-30 08:45;2026-09-11 03:00:48
124244754;10225508;2026-09-30 09:00;2026-09-11 03:00:48
124244754;10225508;2026-09-30 09:15;2026-09-11 03:00:48
124244754;10225508;2026-09-30 09:30;2026-09-11 03:00:48
124244754;10225508;2026-09-30 09:45;2026-09-11 03:00:48
124244754;10225508;2026-09-30 10:30;2026-09-11 03:00:48
124244754;10225508;2026-09-30 10:45;2026-09-11 03:00:48
124244754;10225508;2026-09-30 11:00;2026-09-11 03:00:48
124244754;10225508;2026-09-30 11:15;2026-09-11 03:00:48
124244754;10225508;2026-09-30 11:30;2026-09-11 03:00:48
124244754;10225508;2026-09-30 11:45;2026-09-11 03:00:48
124244754;10225508;2026-09-30 12:00;2026-09-11 03:00:48
124244754;10225508;2026-09-30 12:15;2026-09-11 03:00:48
124244754;10225508;2026-09-30 12:30;2026-09-11 03:00:48
124244754;10225508;2026-10-01 14:00;2026-09-11 03:00:48
124244754;10225508;2026-10-01 14:15;2026-09-11 03:00:48
124244754;10225508;2026-10-01 14:30;2026-09-11 03:00:48
124244754;10225508;2026-10-01 14:45;2026-09-11 03:00:48
124244754;10225508;2026-10-01 15:00;2026-09-11 03:00:48
124244754;10225508;2026-10-01 15:15;2026-09-11 03:00:48
124244754;10225508;2026-10-01 16:30;2026-09-11 03:00:48
124244754;10225508;2026-10-01 16:45;2026-09-11 03:00:48
124244754;10225508;2026-10-01 17:15;2026-09-11 03:00:48
124244754;10225508;2026-10-01 17:30;2026-09-11 03:00:48
124244754;10225508;2026-10-01 17:45;2026-09-11 03:00:48
124244754;10225508;2026-10-01 18:00;2026-09-11 03:00:48
124244754;10225508;2026-10-01 18:15;2026-09-11 03:00:48
124244754;10225508;2026-10-01 18:45;2026-09-11 03:00:48
124244754;10225508;2026-10-01 19:00;2026-09-11 03:00:48
124244754;10225508;2026-10-02 07:30;2026-09-11 03:00:48
124244754;10225508;2026-10-02 07:45;2026-09-11 03:00:48
124244754;10225508;2026-10-02 08:00;2026-09-11 03:00:48
124244754;10225508;2026-10-02 08:15;2026-09-11 03:00:48
124244754;10225508;2026-10-02 08:30;2026-09-11 03:00:48
124244754;10225508;2026-10-02 08:45;2026-09-11 03:00:48
124244754;10225508;2026-10-02 09:00;2026-09-11 03:00:48
124244754;10225508;2026-10-02 09:15;2026-09-11 03:00:48
124244754;10225508;2026-10-02 09:30;2026-09-11 03:00:48
124244754;10225508;2026-10-02 09:45;2026-09-11 03:00:48
124244754;10225508;2026-10-02 10:45;2026-09-11 03:00:48
124244754;10225508;2026-10-02 11:30;2026-09-11 03:00:48
124244754;10225508;2026-10-02 11:45;2026-09-11 03:00:48
124244754;10225508;2026-10-02 12:00;2026-09-11 03:00:48
124244754;10225508;2026-10-02 12:15;2026-09-11 03:00:48
124244754;10225508;2026-10-02 12:30;2026-09-11 03:00:48
124244754;10225508;2026-10-05 14:00;2026-09-11 03:00:48
124244754;10225508;2026-10-05 14:15;2026-09-11 03:00:48
124244754;10225508;2026-10-05 14:30;2026-09-11 03:00:48
124244754;10225508;2026-10-05 14:45;2026-09-11 03:00:48
124244754;10225508;2026-10-05 15:00;2026-09-11 03:00:48
124244754;10225508;2026-10-05 15:15;2026-09-11 03:00:48
124244754;10225508;2026-10-05 16:00;2026-09-11 03:00:48
124244754;10225508;2026-10-05 16:15;2026-09-11 03:00:48
124244754;10225508;2026-10-05 16:30;2026-09-11 03:00:48
124244754;10225508;2026-10-05 16:45;2026-09-11 03:00:48
124244754;10225508;2026-10-05 17:00;2026-09-11 03:00:48
124244754;10225508;2026-10-05 17:15;2026-09-11 03:00:48
124244754;10225508;2026-10-05 17:45;2026-09-11 03:00:48
124244754;10225508;2026-10-05 18:00;2026-09-11 03:00:48
124244754;10225508;2026-10-05 18:15;2026-09-11 03:00:48
124244754;10225508;2026-10-05 18:30;2026-09-11 03:00:48
124244754;10225508;2026-10-05 18:45;2026-09-11 03:00:48
124244754;10225508;2026-10-05 19:00;2026-09-11 03:00:48
124244754;10225508;2026-10-06 07:30;2026-09-11 03:00:48
124244754;10225508;2026-10-06 07:45;2026-09-11 03:00:48
124244754;10225508;2026-10-06 08:00;2026-09-11 03:00:48
124244754;10225508;2026-10-06 08:15;2026-09-11 03:00:48
124244754;10225508;2026-10-06 08:30;2026-09-11 03:00:48
124244754;10225508;2026-10-06 08:45;2026-09-11 03:00:48
124244754;10225508;2026-10-06 09:00;2026-09-11 03:00:48
124244754;10225508;2026-10-06 09:15;2026-09-11 03:00:48
124244754;10225508;2026-10-06 09:30;2026-09-11 03:00:48
124244754;10225508;2026-10-06 09:45;2026-09-11 03:00:48
124244754;10225508;2026-10-06 10:30;2026-09-11 03:00:48
124244754;10225508;2026-10-06 10:45;2026-09-11 03:00:48
124244754;10225508;2026-10-06 11:00;2026-09-11 03:00:48
124244754;10225508;2026-10-06 11:15;2026-09-11 03:00:48
124244754;10225508;2026-10-06 11:30;2026-09-11 03:00:48
124244754;10225508;2026-10-06 11:45;2026-09-11 03:00:48
124244754;10225508;2026-10-06 12:00;2026-09-11 03:00:48
124244754;10225508;2026-10-06 12:15;2026-09-11 03:00:48
124244754;10225508;2026-10-06 12:30;2026-09-11 03:00:48
124244754;10225508;2026-10-07 14:00;2026-09-11 03:00:48
124244754;10225508;2026-10-07 14:15;2026-09-11 03:00:48
124244754;10225508;2026-10-07 14:30;2026-09-11 03:00:48
124244754;10225508;2026-10-07 14:45;2026-09-11 03:00:48
124244754;10225508;2026-10-07 15:00;2026-09-11 03:00:48
124244754;10225508;2026-10-07 15:15;2026-09-11 03:00:48
124244754;10225508;2026-10-07 16:00;2026-09-11 03:00:48
124244754;10225508;2026-10-07 16:15;2026-09-11 03:00:48
124244754;10225508;2026-10-07 16:30;2026-09-11 03:00:48
124244754;10225508;2026-10-07 16:45;2026-09-11 03:00:48
124244754;10225508;2026-10-07 17:00;2026-09-11 03:00:48
124244754;10225508;2026-10-07 17:15;2026-09-11 03:00:48
124244754;10225508;2026-10-07 17:30;2026-09-11 03:00:48
124244754;10225508;2026-10-07 17:45;2026-09-11 03:00:48
124244754;10225508;2026-10-07 18:00;2026-09-11 03:00:48
124244754;10225508;2026-10-07 18:15;2026-09-11 03:00:48
124244754;10225508;2026-10-07 18:30;2026-09-11 03:00:48
124244754;10225508;2026-10-07 18:45;2026-09-11 03:00:48
124244754;10225508;2026-10-07 19:00;2026-09-11 03:00:48
124244754;10225508;2026-10-08 07:30;2026-09-11 03:00:48
124244754;10225508;2026-10-08 07:45;2026-09-11 03:00:48
124244754;10225508;2026-10-08 08:00;2026-09-11 03:00:48
124244754;10225508;2026-10-08 08:15;2026-09-11 03:00:48
124244754;10225508;2026-10-08 08:30;2026-09-11 03:00:48
124244754;10225508;2026-10-08 08:45;2026-09-11 03:00:48
124244754;10225508;2026-10-08 09:00;2026-09-11 03:00:48
124244754;10225508;2026-10-08 09:15;2026-09-11 03:00:48
124244754;10225508;2026-10-08 09:30;2026-09-11 03:00:48
124244754;10225508;2026-10-08 09:45;2026-09-11 03:00:48
124244754;10225508;2026-10-08 10:30;2026-09-11 03:00:48
124244754;10225508;2026-10-08 10:45;2026-09-11 03:00:48
124244754;10225508;2026-10-08 11:00;2026-09-11 03:00:48
124244754;10225508;2026-10-08 11:15;2026-09-11 03:00:48
124244754;10225508;2026-10-08 11:30;2026-09-11 03:00:48
124244754;10225508;2026-10-08 11:45;2026-09-11 03:00:48
124244754;10225508;2026-10-08 12:00;2026-09-11 03:00:48
124244754;10225508;2026-10-08 12:15;2026-09-11 03:00:48
124244754;10225508;2026-10-08 12:30;2026-09-11 03:00:48
124244754;10225508;2026-10-09 14:00;2026-09-11 03:00:48
124244754;10225508;2026-10-09 14:15;2026-09-11 03:00:48
124244754;10225508;2026-10-09 14:30;2026-09-11 03:00:48
124244754;10225508;2026-10-09 14:45;2026-09-11 03:00:48
124244754;10225508;2026-10-09 15:00;2026-09-11 03:00:48
124244754;10225508;2026-10-09 15:15;2026-09-11 03:00:48
124244754;10225508;2026-10-09 16:15;2026-09-11 03:00:48
124244754;10225508;2026-10-09 16:30;2026-09-11 03:00:48
124244754;10225508;2026-10-09 16:45;2026-09-11 03:00:48
124244754;10225508;2026-10-09 17:00;2026-09-11 03:00:48
124244754;10225508;2026-10-09 17:15;2026-09-11 03:00:48
124244754;10225508;2026-10-09 17:30;2026-09-11 03:00:48
124244754;10225508;2026-10-09 17:45;2026-09-11 03:00:48
124244754;10225508;2026-10-09 18:15;2026-09-11 03:00:48
124244754;10225508;2026-10-09 18:30;2026-09-11 03:00:48
124244754;10225508;2026-10-09 18:45;2026-09-11 03:00:48
124244754;10225508;2026-10-09 19:00;2026-09-11 03:00:48
124244754;10225508;2026-10-09 16:00;2026-09-11 03:00:48
124244754;10225508;2026-10-05 17:30;2026-09-11 03:00:48
124244754;10225508;2026-09-25 18:30;2026-09-11 03:00:48
124244754;10225508;2026-09-28 10:30;2026-09-11 03:00:48
124244754;10000884;2026-09-22 17:45;2026-09-11 03:00:48
124244754;10000884;2026-09-22 18:00;2026-09-11 03:00:48
124244754;10000884;2026-09-22 17:00;2026-09-11 03:00:48
124244754;10000884;2026-09-22 17:15;2026-09-11 03:00:48
124244754;10000884;2026-09-22 17:30;2026-09-11 03:00:48
124244754;10000884;2026-09-16 17:45;2026-09-11 03:00:48
124244754;10000884;2026-09-16 17:00;2026-09-11 03:00:48
124244754;10000884;2026-09-16 17:15;2026-09-11 03:00:48
124244754;10000884;2026-09-16 17:30;2026-09-11 03:00:48
124244754;10000884;2026-09-24 17:45;2026-09-11 03:00:48
124244754;10000884;2026-09-24 16:45;2026-09-11 03:00:48
124244754;10000884;2026-09-24 17:00;2026-09-11 03:00:48
124244754;10000884;2026-09-24 17:15;2026-09-11 03:00:48
124244754;10000884;2026-09-24 17:30;2026-09-11 03:00:48
124244754;10000884;2026-09-24 18:00;2026-09-11 03:00:48
124244754;10000884;2026-09-18 17:45;2026-09-11 03:00:48
124244754;10000884;2026-09-18 16:30;2026-09-11 03:00:48
124244754;10000884;2026-09-18 17:15;2026-09-11 03:00:48
124244754;10000884;2026-09-18 17:30;2026-09-11 03:00:48
124244754;10000884;2026-09-28 16:00;2026-09-11 03:00:48
124244754;10000884;2026-09-28 17:45;2026-09-11 03:00:48
124244754;10000884;2026-09-28 14:15;2026-09-11 03:00:48
124244754;10000884;2026-09-28 14:30;2026-09-11 03:00:48
124244754;10000884;2026-09-28 14:45;2026-09-11 03:00:48
124244754;10000884;2026-09-28 14:00;2026-09-11 03:00:48
124244754;10000884;2026-09-28 16:30;2026-09-11 03:00:48
124244754;10000884;2026-09-28 16:45;2026-09-11 03:00:48
124244754;10000884;2026-09-28 17:00;2026-09-11 03:00:48
124244754;10000884;2026-09-28 17:15;2026-09-11 03:00:48
124244754;10000884;2026-09-28 17:30;2026-09-11 03:00:48
124244754;10000884;2026-09-28 18:00;2026-09-11 03:00:48
124244754;10000884;2026-09-28 18:15;2026-09-11 03:00:48
124244754;10000884;2026-09-28 18:30;2026-09-11 03:00:48
124244754;10000884;2026-09-28 18:45;2026-09-11 03:00:48
124244754;10000884;2026-09-28 15:00;2026-09-11 03:00:48
124244754;10000884;2026-09-28 15:15;2026-09-11 03:00:48
124244754;10000884;2026-09-11 09:00;2026-09-11 03:00:48
124244754;10000884;2026-09-11 10:00;2026-09-11 03:00:48
124244754;10000884;2026-09-11 11:00;2026-09-11 03:00:48
124244754;10000884;2026-09-11 11:15;2026-09-11 03:00:48
124244754;10000884;2026-09-21 09:15;2026-09-11 03:00:48
124244754;10000884;2026-09-21 09:00;2026-09-11 03:00:48
124244754;10000884;2026-09-21 08:15;2026-09-11 03:00:48
124244754;10000884;2026-09-21 10:15;2026-09-11 03:00:48
124244754;10000884;2026-09-21 10:00;2026-09-11 03:00:48
124244754;10000884;2026-09-21 11:00;2026-09-11 03:00:48
124244754;10000884;2026-09-21 11:15;2026-09-11 03:00:48
124244754;10000884;2026-09-21 09:45;2026-09-11 03:00:48
124244754;10000884;2026-09-25 09:15;2026-09-11 03:00:48
124244754;10000884;2026-09-25 09:00;2026-09-11 03:00:48
124244754;10000884;2026-09-25 08:15;2026-09-11 03:00:48
124244754;10000884;2026-09-25 08:45;2026-09-11 03:00:48
124244754;10000884;2026-09-25 10:15;2026-09-11 03:00:48
124244754;10000884;2026-09-25 11:45;2026-09-11 03:00:48
124244754;10000884;2026-09-25 10:00;2026-09-11 03:00:48
124244754;10000884;2026-09-25 12:15;2026-09-11 03:00:48
124244754;10000884;2026-09-25 11:00;2026-09-11 03:00:48
124244754;10000884;2026-09-25 11:15;2026-09-11 03:00:48
124244754;10000884;2026-09-25 09:30;2026-09-11 03:00:48
124244754;10000884;2026-09-25 09:45;2026-09-11 03:00:48
124244754;10000884;2026-09-30 16:00;2026-09-11 03:00:48
124244754;10000884;2026-09-30 17:45;2026-09-11 03:00:48
124244754;10000884;2026-09-30 14:15;2026-09-11 03:00:48
124244754;10000884;2026-09-30 14:30;2026-09-11 03:00:48
124244754;10000884;2026-09-30 14:45;2026-09-11 03:00:48
124244754;10000884;2026-09-30 14:00;2026-09-11 03:00:48
124244754;10000884;2026-09-30 16:15;2026-09-11 03:00:48
124244754;10000884;2026-09-30 16:30;2026-09-11 03:00:48
124244754;10000884;2026-09-30 16:45;2026-09-11 03:00:48
124244754;10000884;2026-09-30 17:00;2026-09-11 03:00:48
124244754;10000884;2026-09-30 17:15;2026-09-11 03:00:48
124244754;10000884;2026-09-30 17:30;2026-09-11 03:00:48
124244754;10000884;2026-09-30 18:00;2026-09-11 03:00:48
124244754;10000884;2026-09-30 18:15;2026-09-11 03:00:48
124244754;10000884;2026-09-30 18:30;2026-09-11 03:00:48
124244754;10000884;2026-09-30 18:45;2026-09-11 03:00:48
124244754;10000884;2026-09-30 15:00;2026-09-11 03:00:48
124244754;10000884;2026-09-30 15:15;2026-09-11 03:00:48
124244754;10000884;2026-09-15 09:00;2026-09-11 03:00:48
124244754;10000884;2026-09-15 11:30;2026-09-11 03:00:48
124244754;10000884;2026-09-15 11:00;2026-09-11 03:00:48
124244754;10000884;2026-09-15 11:15;2026-09-11 03:00:48
124244754;10000884;2026-09-17 09:00;2026-09-11 03:00:48
124244754;10000884;2026-09-17 11:30;2026-09-11 03:00:48
124244754;10000884;2026-09-17 11:00;2026-09-11 03:00:48
124244754;10000884;2026-09-17 11:15;2026-09-11 03:00:48
124244754;10000884;2026-09-23 09:00;2026-09-11 03:00:48
124244754;10000884;2026-09-23 10:15;2026-09-11 03:00:48
124244754;10000884;2026-09-23 11:30;2026-09-11 03:00:48
124244754;10000884;2026-09-23 11:00;2026-09-11 03:00:48
124244754;10000884;2026-09-23 11:15;2026-09-11 03:00:48
124244754;10000884;2026-09-29 08:00;2026-09-11 03:00:48
124244754;10000884;2026-09-29 09:15;2026-09-11 03:00:48
124244754;10000884;2026-09-29 09:00;2026-09-11 03:00:48
124244754;10000884;2026-09-29 08:15;2026-09-11 03:00:48
124244754;10000884;2026-09-29 08:30;2026-09-11 03:00:48
124244754;10000884;2026-09-29 08:45;2026-09-11 03:00:48
124244754;10000884;2026-09-29 10:15;2026-09-11 03:00:48
124244754;10000884;2026-09-29 11:30;2026-09-11 03:00:48
124244754;10000884;2026-09-29 10:00;2026-09-11 03:00:48
124244754;10000884;2026-09-29 12:15;2026-09-11 03:00:48
124244754;10000884;2026-09-29 12:30;2026-09-11 03:00:48
124244754;10000884;2026-09-29 11:00;2026-09-11 03:00:48
124244754;10000884;2026-09-29 11:15;2026-09-11 03:00:48
124244754;10000884;2026-09-29 09:30;2026-09-11 03:00:48
124244754;10000884;2026-09-29 09:45;2026-09-11 03:00:48
124244754;10000884;2026-10-07 16:00;2026-09-11 03:00:48
124244754;10000884;2026-10-07 17:45;2026-09-11 03:00:48
124244754;10000884;2026-10-07 14:45;2026-09-11 03:00:48
124244754;10000884;2026-10-07 14:00;2026-09-11 03:00:48
124244754;10000884;2026-10-07 16:45;2026-09-11 03:00:48
124244754;10000884;2026-10-07 17:00;2026-09-11 03:00:48
124244754;10000884;2026-10-07 17:15;2026-09-11 03:00:48
124244754;10000884;2026-10-07 17:30;2026-09-11 03:00:48
124244754;10000884;2026-10-07 18:00;2026-09-11 03:00:48
124244754;10000884;2026-10-07 18:45;2026-09-11 03:00:48
124244754;10000884;2026-10-02 16:00;2026-09-11 03:00:48
124244754;10000884;2026-10-02 17:45;2026-09-11 03:00:48
124244754;10000884;2026-10-02 14:15;2026-09-11 03:00:48
124244754;10000884;2026-10-02 14:30;2026-09-11 03:00:48
124244754;10000884;2026-10-02 14:45;2026-09-11 03:00:48
124244754;10000884;2026-10-02 14:00;2026-09-11 03:00:48
124244754;10000884;2026-10-02 16:15;2026-09-11 03:00:48
124244754;10000884;2026-10-02 16:30;2026-09-11 03:00:48
124244754;10000884;2026-10-02 16:45;2026-09-11 03:00:48
124244754;10000884;2026-10-02 17:00;2026-09-11 03:00:48
124244754;10000884;2026-10-02 17:15;2026-09-11 03:00:48
124244754;10000884;2026-10-02 17:30;2026-09-11 03:00:48
124244754;10000884;2026-10-02 18:00;2026-09-11 03:00:48
124244754;10000884;2026-10-02 18:15;2026-09-11 03:00:48
124244754;10000884;2026-10-02 18:30;2026-09-11 03:00:48
124244754;10000884;2026-10-02 18:45;2026-09-11 03:00:48
124244754;10000884;2026-10-02 15:00;2026-09-11 03:00:48
124244754;10000884;2026-10-02 15:15;2026-09-11 03:00:48
124244754;10000884;2026-10-05 08:00;2026-09-11 03:00:48
124244754;10000884;2026-10-05 09:15;2026-09-11 03:00:48
124244754;10000884;2026-10-05 09:00;2026-09-11 03:00:48
124244754;10000884;2026-10-05 08:15;2026-09-11 03:00:48
124244754;10000884;2026-10-05 08:45;2026-09-11 03:00:48
124244754;10000884;2026-10-05 10:15;2026-09-11 03:00:48
124244754;10000884;2026-10-05 11:30;2026-09-11 03:00:48
124244754;10000884;2026-10-05 11:45;2026-09-11 03:00:48
124244754;10000884;2026-10-05 10:00;2026-09-11 03:00:48
124244754;10000884;2026-10-05 12:00;2026-09-11 03:00:48
124244754;10000884;2026-10-05 12:15;2026-09-11 03:00:48
124244754;10000884;2026-10-05 12:30;2026-09-11 03:00:48
124244754;10000884;2026-10-05 11:00;2026-09-11 03:00:48
124244754;10000884;2026-10-05 11:15;2026-09-11 03:00:48
124244754;10000884;2026-10-05 09:30;2026-09-11 03:00:48
124244754;10000884;2026-10-05 09:45;2026-09-11 03:00:48
124244754;10000884;2026-10-09 08:00;2026-09-11 03:00:48
124244754;10000884;2026-10-09 09:15;2026-09-11 03:00:48
124244754;10000884;2026-10-09 09:00;2026-09-11 03:00:48
124244754;10000884;2026-10-09 08:15;2026-09-11 03:00:48
124244754;10000884;2026-10-09 08:30;2026-09-11 03:00:48
124244754;10000884;2026-10-09 08:45;2026-09-11 03:00:48
124244754;10000884;2026-10-09 10:15;2026-09-11 03:00:48
124244754;10000884;2026-10-09 11:30;2026-09-11 03:00:48
124244754;10000884;2026-10-09 11:45;2026-09-11 03:00:48
124244754;10000884;2026-10-09 10:00;2026-09-11 03:00:48
124244754;10000884;2026-10-09 12:00;2026-09-11 03:00:48
124244754;10000884;2026-10-09 12:15;2026-09-11 03:00:48
124244754;10000884;2026-10-09 12:30;2026-09-11 03:00:48
124244754;10000884;2026-10-09 11:00;2026-09-11 03:00:48
124244754;10000884;2026-10-09 11:15;2026-09-11 03:00:48
124244754;10000884;2026-10-09 09:30;2026-09-11 03:00:48
124244754;10000884;2026-10-09 09:45;2026-09-11 03:00:48
124244754;10000884;2026-10-08 16:00;2026-09-11 03:00:48
124244754;10000884;2026-10-08 17:45;2026-09-11 03:00:48
124244754;10000884;2026-10-08 14:15;2026-09-11 03:00:48
124244754;10000884;2026-10-08 14:30;2026-09-11 03:00:48
124244754;10000884;2026-10-08 14:45;2026-09-11 03:00:48
124244754;10000884;2026-10-08 14:00;2026-09-11 03:00:48
124244754;10000884;2026-10-08 16:15;2026-09-11 03:00:48
124244754;10000884;2026-10-08 16:30;2026-09-11 03:00:48
124244754;10000884;2026-10-08 16:45;2026-09-11 03:00:48
124244754;10000884;2026-10-08 17:00;2026-09-11 03:00:48
124244754;10000884;2026-10-08 17:15;2026-09-11 03:00:48
124244754;10000884;2026-10-08 17:30;2026-09-11 03:00:48
124244754;10000884;2026-10-08 18:00;2026-09-11 03:00:48
124244754;10000884;2026-10-08 18:15;2026-09-11 03:00:48
124244754;10000884;2026-10-08 18:30;2026-09-11 03:00:48
124244754;10000884;2026-10-08 18:45;2026-09-11 03:00:48
124244754;10000884;2026-10-08 15:00;2026-09-11 03:00:48
124244754;10000884;2026-10-08 15:15;2026-09-11 03:00:48
124244754;10000884;2026-10-01 09:15;2026-09-11 03:00:48
124244754;10000884;2026-10-01 09:00;2026-09-11 03:00:48
124244754;10000884;2026-10-01 08:15;2026-09-11 03:00:48
124244754;10000884;2026-10-01 08:30;2026-09-11 03:00:48
124244754;10000884;2026-10-01 08:45;2026-09-11 03:00:48
124244754;10000884;2026-10-01 10:15;2026-09-11 03:00:48
124244754;10000884;2026-10-01 11:30;2026-09-11 03:00:48
124244754;10000884;2026-10-01 11:45;2026-09-11 03:00:48
124244754;10000884;2026-10-01 10:00;2026-09-11 03:00:48
124244754;10000884;2026-10-01 12:00;2026-09-11 03:00:48
124244754;10000884;2026-10-01 12:15;2026-09-11 03:00:48
124244754;10000884;2026-10-01 12:30;2026-09-11 03:00:48
124244754;10000884;2026-10-01 11:00;2026-09-11 03:00:48
124244754;10000884;2026-10-01 11:15;2026-09-11 03:00:48
124244754;10000884;2026-10-01 09:30;2026-09-11 03:00:48
124244754;10000884;2026-10-01 09:45;2026-09-11 03:00:48
124244754;10000884;2026-10-06 16:00;2026-09-11 03:00:48
124244754;10000884;2026-10-06 17:45;2026-09-11 03:00:48
124244754;10000884;2026-10-06 14:45;2026-09-11 03:00:48
124244754;10000884;2026-10-06 14:00;2026-09-11 03:00:48
124244754;10000884;2026-10-06 16:45;2026-09-11 03:00:48
124244754;10000884;2026-10-06 17:00;2026-09-11 03:00:48
124244754;10000884;2026-10-06 17:15;2026-09-11 03:00:48
124244754;10000884;2026-10-06 17:30;2026-09-11 03:00:48
124244754;10000884;2026-10-06 18:00;2026-09-11 03:00:48
124244754;10000884;2026-10-06 18:45;2026-09-11 03:00:48
124244754;10000318;2026-09-14 17:15;2026-09-11 03:00:48
124244754;10000318;2026-09-15 08:45;2026-09-11 03:00:48
124244754;10000318;2026-09-15 09:00;2026-09-11 03:00:48
124244754;10000318;2026-09-15 09:15;2026-09-11 03:00:48
124244754;10000318;2026-09-15 11:00;2026-09-11 03:00:48
124244754;10000318;2026-09-16 13:30;2026-09-11 03:00:48
124244754;10000318;2026-09-16 13:45;2026-09-11 03:00:48
124244754;10000318;2026-09-16 14:00;2026-09-11 03:00:48
124244754;10000318;2026-09-16 14:15;2026-09-11 03:00:48
124244754;10000318;2026-09-16 17:00;2026-09-11 03:00:48
124244754;10000318;2026-09-17 08:45;2026-09-11 03:00:48
124244754;10000318;2026-09-17 09:00;2026-09-11 03:00:48
124244754;10000318;2026-09-17 09:15;2026-09-11 03:00:48
124244754;10000318;2026-09-17 09:30;2026-09-11 03:00:48
124244754;10000318;2026-09-17 11:00;2026-09-11 03:00:48
124244754;10000318;2026-09-18 13:30;2026-09-11 03:00:48
124244754;10000318;2026-09-18 13:45;2026-09-11 03:00:48
124244754;10000318;2026-09-18 14:00;2026-09-11 03:00:48
124244754;10000318;2026-09-18 14:15;2026-09-11 03:00:48
124244754;10000318;2026-09-18 14:30;2026-09-11 03:00:48
124244754;10000318;2026-09-18 17:00;2026-09-11 03:00:48
124244754;10000318;2026-09-18 17:15;2026-09-11 03:00:48
124244754;10000318;2026-09-21 08:45;2026-09-11 03:00:48
124244754;10000318;2026-09-21 09:00;2026-09-11 03:00:48
124244754;10000318;2026-09-21 09:15;2026-09-11 03:00:48
124244754;10000318;2026-09-21 11:00;2026-09-11 03:00:48
124244754;10000318;2026-09-21 11:15;2026-09-11 03:00:48
124244754;10000318;2026-09-22 13:45;2026-09-11 03:00:48
124244754;10000318;2026-09-22 14:00;2026-09-11 03:00:48
124244754;10000318;2026-09-22 14:15;2026-09-11 03:00:48
124244754;10000318;2026-09-22 14:30;2026-09-11 03:00:48
124244754;10000318;2026-09-22 17:00;2026-09-11 03:00:48
124244754;10000318;2026-09-23 08:45;2026-09-11 03:00:48
124244754;10000318;2026-09-23 09:00;2026-09-11 03:00:48
124244754;10000318;2026-09-23 09:15;2026-09-11 03:00:48
124244754;10000318;2026-09-23 11:00;2026-09-11 03:00:48
124244754;10000318;2026-09-24 13:30;2026-09-11 03:00:48
124244754;10000318;2026-09-24 13:45;2026-09-11 03:00:48
124244754;10000318;2026-09-24 14:00;2026-09-11 03:00:48
124244754;10000318;2026-09-24 17:00;2026-09-11 03:00:48
124244754;10000318;2026-09-24 17:15;2026-09-11 03:00:48
124244754;10000318;2026-09-25 08:45;2026-09-11 03:00:48
124244754;10000318;2026-09-25 09:00;2026-09-11 03:00:48
124244754;10000318;2026-09-25 11:00;2026-09-11 03:00:48
124244754;10000318;2026-09-25 11:15;2026-09-11 03:00:48
124244754;10000318;2026-09-28 13:30;2026-09-11 03:00:48
124244754;10000318;2026-09-28 13:45;2026-09-11 03:00:48
124244754;10000318;2026-09-28 14:00;2026-09-11 03:00:48
124244754;10000318;2026-09-28 14:15;2026-09-11 03:00:48
124244754;10000318;2026-09-28 17:00;2026-09-11 03:00:48
124244754;10000318;2026-09-28 17:15;2026-09-11 03:00:48
124244754;10000318;2026-09-29 08:45;2026-09-11 03:00:48
124244754;10000318;2026-09-29 09:00;2026-09-11 03:00:48
124244754;10000318;2026-09-29 09:15;2026-09-11 03:00:48
124244754;10000318;2026-09-29 11:00;2026-09-11 03:00:48
124244754;10000318;2026-09-29 11:15;2026-09-11 03:00:48
124244754;10000318;2026-09-30 13:30;2026-09-11 03:00:48
124244754;10000318;2026-09-30 13:45;2026-09-11 03:00:48
124244754;10000318;2026-09-30 14:00;2026-09-11 03:00:48
124244754;10000318;2026-09-30 14:15;2026-09-11 03:00:48
124244754;10000318;2026-09-30 17:00;2026-09-11 03:00:48
124244754;10000318;2026-09-30 17:15;2026-09-11 03:00:48
124244754;10000318;2026-10-01 08:45;2026-09-11 03:00:48
124244754;10000318;2026-10-01 09:00;2026-09-11 03:00:48
124244754;10000318;2026-10-01 09:15;2026-09-11 03:00:48
124244754;10000318;2026-10-01 09:30;2026-09-11 03:00:48
124244754;10000318;2026-10-01 11:00;2026-09-11 03:00:48
124244754;10000318;2026-10-01 11:15;2026-09-11 03:00:48
124244754;10000318;2026-10-02 13:30;2026-09-11 03:00:48
124244754;10000318;2026-10-02 13:45;2026-09-11 03:00:48
124244754;10000318;2026-10-02 14:00;2026-09-11 03:00:48
124244754;10000318;2026-10-02 14:15;2026-09-11 03:00:48
124244754;10000318;2026-10-02 14:30;2026-09-11 03:00:48
124244754;10000318;2026-10-02 17:00;2026-09-11 03:00:48
124244754;10000318;2026-10-02 17:15;2026-09-11 03:00:48
124244754;10000318;2026-10-05 08:45;2026-09-11 03:00:48
124244754;10000318;2026-10-05 09:00;2026-09-11 03:00:48
124244754;10000318;2026-10-05 09:15;2026-09-11 03:00:48
124244754;10000318;2026-10-05 09:30;2026-09-11 03:00:48
124244754;10000318;2026-10-05 11:00;2026-09-11 03:00:48
124244754;10000318;2026-10-05 11:15;2026-09-11 03:00:48
124244754;10000318;2026-10-06 13:30;2026-09-11 03:00:48
124244754;10000318;2026-10-06 13:45;2026-09-11 03:00:48
124244754;10000318;2026-10-06 14:00;2026-09-11 03:00:48
124244754;10000318;2026-10-06 14:15;2026-09-11 03:00:48
124244754;10000318;2026-10-06 14:30;2026-09-11 03:00:48
124244754;10000318;2026-10-06 14:45;2026-09-11 03:00:48
124244754;10000318;2026-10-06 17:00;2026-09-11 03:00:48
124244754;10000318;2026-10-06 17:15;2026-09-11 03:00:48
124244754;10000318;2026-10-07 08:45;2026-09-11 03:00:48
124244754;10000318;2026-10-07 09:00;2026-09-11 03:00:48
124244754;10000318;2026-10-07 09:15;2026-09-11 03:00:48
124244754;10000318;2026-10-07 09:30;2026-09-11 03:00:48
124244754;10000318;2026-10-07 11:00;2026-09-11 03:00:48
124244754;10000318;2026-10-07 11:15;2026-09-11 03:00:48
124244754;10000318;2026-10-07 08:15;2026-09-11 03:00:48
124244754;10000318;2026-10-08 13:30;2026-09-11 03:00:48
124244754;10000318;2026-10-08 13:45;2026-09-11 03:00:48
124244754;10000318;2026-10-08 14:00;2026-09-11 03:00:48
124244754;10000318;2026-10-08 14:15;2026-09-11 03:00:48
124244754;10000318;2026-10-08 14:30;2026-09-11 03:00:48
124244754;10000318;2026-10-08 14:45;2026-09-11 03:00:48
124244754;10000318;2026-10-08 17:00;2026-09-11 03:00:48
124244754;10000318;2026-10-08 17:15;2026-09-11 03:00:48
124244754;10000318;2026-10-09 08:45;2026-09-11 03:00:48
124244754;10000318;2026-10-09 09:00;2026-09-11 03:00:48
124244754;10000318;2026-10-09 09:15;2026-09-11 03:00:48
124244754;10000318;2026-10-09 09:30;2026-09-11 03:00:48
124244754;10000318;2026-10-09 10:15;2026-09-11 03:00:48
124244754;10000318;2026-10-09 11:00;2026-09-11 03:00:48
124244754;10000318;2026-10-09 11:15;2026-09-11 03:00:48
124244754;10000318;2026-10-09 11:45;2026-09-11 03:00:48
124244754;10000318;2026-09-14 13:45;2026-09-11 03:00:48
124244754;10000318;2026-09-14 13:30;2026-09-11 03:00:48
124244754;10000318;2026-09-14 14:00;2026-09-11 03:00:48
124244754;10000318;2026-09-17 12:45;2026-09-11 03:00:48
124244754;10000095;2026-09-11 13:45;2026-09-11 03:00:48
124244754;10000095;2026-09-11 14:00;2026-09-11 03:00:48
124244754;10000095;2026-09-11 17:00;2026-09-11 03:00:48
124244754;10000095;2026-09-11 17:15;2026-09-11 03:00:48
124244754;10000095;2026-09-28 09:00;2026-09-11 03:00:48
124244754;10000095;2026-09-28 09:15;2026-09-11 03:00:48
124244754;10000095;2026-09-28 09:30;2026-09-11 03:00:48
124244754;10000095;2026-09-28 09:45;2026-09-11 03:00:48
124244754;10000095;2026-09-28 10:30;2026-09-11 03:00:48
124244754;10000095;2026-09-28 10:45;2026-09-11 03:00:48
124244754;10000095;2026-09-29 13:30;2026-09-11 03:00:48
124244754;10000095;2026-09-29 13:45;2026-09-11 03:00:48
124244754;10000095;2026-09-29 14:00;2026-09-11 03:00:48
124244754;10000095;2026-09-29 14:15;2026-09-11 03:00:48
124244754;10000095;2026-09-29 14:30;2026-09-11 03:00:48
124244754;10000095;2026-09-29 17:00;2026-09-11 03:00:48
124244754;10000095;2026-09-29 17:15;2026-09-11 03:00:48
124244754;10000095;2026-09-30 07:30;2026-09-11 03:00:48
124244754;10000095;2026-09-30 07:45;2026-09-11 03:00:48
124244754;10000095;2026-09-30 08:00;2026-09-11 03:00:48
124244754;10000095;2026-09-30 08:15;2026-09-11 03:00:48
124244754;10000095;2026-09-30 09:00;2026-09-11 03:00:48
124244754;10000095;2026-09-30 09:15;2026-09-11 03:00:48
124244754;10000095;2026-09-30 09:30;2026-09-11 03:00:48
124244754;10000095;2026-09-30 09:45;2026-09-11 03:00:48
124244754;10000095;2026-09-30 10:30;2026-09-11 03:00:48
124244754;10000095;2026-09-30 10:45;2026-09-11 03:00:48
124244754;10000095;2026-10-01 13:45;2026-09-11 03:00:48
124244754;10000095;2026-10-01 14:00;2026-09-11 03:00:48
124244754;10000095;2026-10-01 14:15;2026-09-11 03:00:48
124244754;10000095;2026-10-01 14:30;2026-09-11 03:00:48
124244754;10000095;2026-10-01 17:00;2026-09-11 03:00:48
124244754;10000095;2026-10-01 17:15;2026-09-11 03:00:48
124244754;10000095;2026-10-02 07:30;2026-09-11 03:00:48
124244754;10000095;2026-10-02 08:15;2026-09-11 03:00:48
124244754;10000095;2026-10-02 09:00;2026-09-11 03:00:48
124244754;10000095;2026-10-02 09:15;2026-09-11 03:00:48
124244754;10000095;2026-10-02 09:30;2026-09-11 03:00:48
124244754;10000095;2026-10-02 09:45;2026-09-11 03:00:48
124244754;10000095;2026-10-02 10:30;2026-09-11 03:00:48
124244754;10000095;2026-10-02 10:45;2026-09-11 03:00:48
124244754;10000095;2026-10-02 12:00;2026-09-11 03:00:48
124244754;10000095;2026-10-02 12:15;2026-09-11 03:00:48
124244754;10000095;2026-10-02 12:30;2026-09-11 03:00:48
124244754;10000095;2026-10-02 12:45;2026-09-11 03:00:48
124244754;10000095;2026-10-05 13:30;2026-09-11 03:00:48
124244754;10000095;2026-10-05 13:45;2026-09-11 03:00:48
124244754;10000095;2026-10-05 14:00;2026-09-11 03:00:48
124244754;10000095;2026-10-05 14:15;2026-09-11 03:00:48
124244754;10000095;2026-10-05 14:30;2026-09-11 03:00:48
124244754;10000095;2026-10-05 16:00;2026-09-11 03:00:48
124244754;10000095;2026-10-05 16:30;2026-09-11 03:00:48
124244754;10000095;2026-10-05 17:00;2026-09-11 03:00:48
124244754;10000095;2026-10-05 17:15;2026-09-11 03:00:48
124244754;10000095;2026-10-05 15:15;2026-09-11 03:00:48
124244754;10000095;2026-10-06 08:00;2026-09-11 03:00:48
124244754;10000095;2026-10-06 08:15;2026-09-11 03:00:48
124244754;10000095;2026-10-06 08:30;2026-09-11 03:00:48
124244754;10000095;2026-10-06 09:00;2026-09-11 03:00:48
124244754;10000095;2026-10-06 09:15;2026-09-11 03:00:48
124244754;10000095;2026-10-06 09:30;2026-09-11 03:00:48
124244754;10000095;2026-10-06 09:45;2026-09-11 03:00:48
124244754;10000095;2026-10-06 10:30;2026-09-11 03:00:48
124244754;10000095;2026-10-06 10:45;2026-09-11 03:00:48
124244754;10000095;2026-10-06 12:00;2026-09-11 03:00:48
124244754;10000095;2026-10-06 12:15;2026-09-11 03:00:48
124244754;10000095;2026-10-06 12:30;2026-09-11 03:00:48
124244754;10000095;2026-10-06 12:45;2026-09-11 03:00:48
124244754;10000095;2026-10-07 13:30;2026-09-11 03:00:48
124244754;10000095;2026-10-07 13:45;2026-09-11 03:00:48
124244754;10000095;2026-10-07 14:00;2026-09-11 03:00:48
124244754;10000095;2026-10-07 14:15;2026-09-11 03:00:48
124244754;10000095;2026-10-07 14:30;2026-09-11 03:00:48
124244754;10000095;2026-10-07 16:15;2026-09-11 03:00:48
124244754;10000095;2026-10-07 16:45;2026-09-11 03:00:48
124244754;10000095;2026-10-07 17:00;2026-09-11 03:00:48
124244754;10000095;2026-10-07 17:15;2026-09-11 03:00:48
124244754;10000095;2026-10-07 17:30;2026-09-11 03:00:48
124244754;10000095;2026-10-07 17:45;2026-09-11 03:00:48
124244754;10000095;2026-10-07 18:00;2026-09-11 03:00:48
124244754;10000095;2026-10-07 18:15;2026-09-11 03:00:48
124244754;10000095;2026-10-07 18:45;2026-09-11 03:00:48
124244754;10000095;2026-10-07 15:15;2026-09-11 03:00:48
124244754;10000095;2026-10-08 07:30;2026-09-11 03:00:48
124244754;10000095;2026-10-08 07:45;2026-09-11 03:00:48
124244754;10000095;2026-10-08 08:00;2026-09-11 03:00:48
124244754;10000095;2026-10-08 08:15;2026-09-11 03:00:48
124244754;10000095;2026-10-08 08:30;2026-09-11 03:00:48
124244754;10000095;2026-10-08 09:00;2026-09-11 03:00:48
124244754;10000095;2026-10-08 09:15;2026-09-11 03:00:48
124244754;10000095;2026-10-08 09:30;2026-09-11 03:00:48
124244754;10000095;2026-10-08 09:45;2026-09-11 03:00:48
124244754;10000095;2026-10-08 10:30;2026-09-11 03:00:48
124244754;10000095;2026-10-08 10:45;2026-09-11 03:00:48
124244754;10000095;2026-10-08 12:00;2026-09-11 03:00:48
124244754;10000095;2026-10-08 12:15;2026-09-11 03:00:48
124244754;10000095;2026-10-08 12:30;2026-09-11 03:00:48
124244754;10000095;2026-10-08 12:45;2026-09-11 03:00:48
124244754;10000095;2026-10-09 13:30;2026-09-11 03:00:48
124244754;10000095;2026-10-09 13:45;2026-09-11 03:00:48
124244754;10000095;2026-10-09 14:00;2026-09-11 03:00:48
124244754;10000095;2026-10-09 14:15;2026-09-11 03:00:48
124244754;10000095;2026-10-09 14:30;2026-09-11 03:00:48
124244754;10000095;2026-10-09 15:00;2026-09-11 03:00:48
124244754;10000095;2026-10-09 16:00;2026-09-11 03:00:48
124244754;10000095;2026-10-09 16:15;2026-09-11 03:00:48
124244754;10000095;2026-10-09 16:45;2026-09-11 03:00:48
124244754;10000095;2026-10-09 17:00;2026-09-11 03:00:48
124244754;10000095;2026-10-09 17:15;2026-09-11 03:00:48
124244754;10000095;2026-10-09 18:15;2026-09-11 03:00:48
124244754;10000095;2026-10-09 18:30;2026-09-11 03:00:48
124244754;10000095;2026-10-09 18:45;2026-09-11 03:00:48
124244754;10000095;2026-10-09 15:15;2026-09-11 03:00:48
124244754;10000095;2026-10-06 07:45;2026-09-11 03:00:48
124244754;10000095;2026-10-09 16:30;2026-09-11 03:00:48
124244754;10000115;2026-09-28 13:45;2026-09-11 03:00:48
124244754;10000115;2026-09-28 14:00;2026-09-11 03:00:48
124244754;10000115;2026-09-28 14:15;2026-09-11 03:00:48
124244754;10000115;2026-09-28 14:30;2026-09-11 03:00:48
124244754;10000115;2026-09-28 14:45;2026-09-11 03:00:48
124244754;10000115;2026-09-28 15:00;2026-09-11 03:00:48
124244754;10000115;2026-09-28 15:15;2026-09-11 03:00:48
124244754;10000115;2026-09-28 16:00;2026-09-11 03:00:48
124244754;10000115;2026-09-28 16:15;2026-09-11 03:00:48
124244754;10000115;2026-09-28 16:30;2026-09-11 03:00:48
124244754;10000115;2026-09-28 16:45;2026-09-11 03:00:48
124244754;10000115;2026-09-28 17:00;2026-09-11 03:00:48
124244754;10000115;2026-09-28 17:15;2026-09-11 03:00:48
124244754;10000115;2026-09-28 17:30;2026-09-11 03:00:48
124244754;10000115;2026-09-28 17:45;2026-09-11 03:00:48
124244754;10000115;2026-09-28 18:15;2026-09-11 03:00:48
124244754;10000115;2026-09-28 18:30;2026-09-11 03:00:48
124244754;10000115;2026-09-28 18:45;2026-09-11 03:00:48
124244754;10000115;2026-09-28 19:00;2026-09-11 03:00:48
124244754;10000115;2026-09-29 07:15;2026-09-11 03:00:48
124244754;10000115;2026-09-29 07:45;2026-09-11 03:00:48
124244754;10000115;2026-09-29 08:00;2026-09-11 03:00:48
124244754;10000115;2026-09-29 08:15;2026-09-11 03:00:48
124244754;10000115;2026-09-29 08:30;2026-09-11 03:00:48
124244754;10000115;2026-09-29 08:45;2026-09-11 03:00:48
124244754;10000115;2026-09-29 09:00;2026-09-11 03:00:48
124244754;10000115;2026-09-29 09:15;2026-09-11 03:00:48
124244754;10000115;2026-09-29 09:30;2026-09-11 03:00:48
124244754;10000115;2026-09-29 09:45;2026-09-11 03:00:48
124244754;10000115;2026-09-29 10:30;2026-09-11 03:00:48
124244754;10000115;2026-09-29 10:45;2026-09-11 03:00:48
124244754;10000115;2026-09-29 11:15;2026-09-11 03:00:48
124244754;10000115;2026-09-29 11:30;2026-09-11 03:00:48
124244754;10000115;2026-09-29 11:45;2026-09-11 03:00:48
124244754;10000115;2026-09-29 12:00;2026-09-11 03:00:48
124244754;10000115;2026-09-29 12:15;2026-09-11 03:00:48
124244754;10000115;2026-09-29 12:30;2026-09-11 03:00:48
124244754;10000115;2026-09-30 13:45;2026-09-11 03:00:48
124244754;10000115;2026-09-30 14:00;2026-09-11 03:00:48
124244754;10000115;2026-09-30 14:15;2026-09-11 03:00:48
124244754;10000115;2026-09-30 14:30;2026-09-11 03:00:48
124244754;10000115;2026-09-30 14:45;2026-09-11 03:00:48
124244754;10000115;2026-09-30 15:00;2026-09-11 03:00:48
124244754;10000115;2026-09-30 15:15;2026-09-11 03:00:48
124244754;10000115;2026-09-30 16:00;2026-09-11 03:00:48
124244754;10000115;2026-09-30 16:15;2026-09-11 03:00:48
124244754;10000115;2026-09-30 16:30;2026-09-11 03:00:48
124244754;10000115;2026-09-30 16:45;2026-09-11 03:00:48
124244754;10000115;2026-09-30 17:00;2026-09-11 03:00:48
124244754;10000115;2026-09-30 17:15;2026-09-11 03:00:48
124244754;10000115;2026-09-30 17:30;2026-09-11 03:00:48
124244754;10000115;2026-09-30 17:45;2026-09-11 03:00:48
124244754;10000115;2026-09-30 18:00;2026-09-11 03:00:48
124244754;10000115;2026-09-30 18:15;2026-09-11 03:00:48
124244754;10000115;2026-09-30 18:30;2026-09-11 03:00:48
124244754;10000115;2026-09-30 18:45;2026-09-11 03:00:48
124244754;10000115;2026-09-30 19:00;2026-09-11 03:00:48
124244754;10000115;2026-10-01 07:15;2026-09-11 03:00:48
124244754;10000115;2026-10-01 07:30;2026-09-11 03:00:48
124244754;10000115;2026-10-01 07:45;2026-09-11 03:00:48
124244754;10000115;2026-10-01 08:00;2026-09-11 03:00:48
124244754;10000115;2026-10-01 08:15;2026-09-11 03:00:48
124244754;10000115;2026-10-01 08:30;2026-09-11 03:00:48
124244754;10000115;2026-10-01 08:45;2026-09-11 03:00:48
124244754;10000115;2026-10-01 09:00;2026-09-11 03:00:48
124244754;10000115;2026-10-01 09:15;2026-09-11 03:00:48
124244754;10000115;2026-10-01 09:30;2026-09-11 03:00:48
124244754;10000115;2026-10-01 09:45;2026-09-11 03:00:48
124244754;10000115;2026-10-01 10:30;2026-09-11 03:00:48
124244754;10000115;2026-10-01 10:45;2026-09-11 03:00:48
124244754;10000115;2026-10-01 11:00;2026-09-11 03:00:48
124244754;10000115;2026-10-01 11:15;2026-09-11 03:00:48
124244754;10000115;2026-10-01 11:30;2026-09-11 03:00:48
124244754;10000115;2026-10-01 11:45;2026-09-11 03:00:48
124244754;10000115;2026-10-01 12:00;2026-09-11 03:00:48
124244754;10000115;2026-10-01 12:15;2026-09-11 03:00:48
124244754;10000115;2026-10-01 12:30;2026-09-11 03:00:48
124244754;10000115;2026-10-02 13:45;2026-09-11 03:00:48
124244754;10000115;2026-10-02 14:00;2026-09-11 03:00:48
124244754;10000115;2026-10-02 14:15;2026-09-11 03:00:48
124244754;10000115;2026-10-02 14:30;2026-09-11 03:00:48
124244754;10000115;2026-10-02 14:45;2026-09-11 03:00:48
124244754;10000115;2026-10-02 15:00;2026-09-11 03:00:48
124244754;10000115;2026-10-02 15:15;2026-09-11 03:00:48
124244754;10000115;2026-10-02 16:00;2026-09-11 03:00:48
124244754;10000115;2026-10-02 16:15;2026-09-11 03:00:48
124244754;10000115;2026-10-02 16:30;2026-09-11 03:00:48
124244754;10000115;2026-10-02 16:45;2026-09-11 03:00:48
124244754;10000115;2026-10-02 17:00;2026-09-11 03:00:48
124244754;10000115;2026-10-02 17:15;2026-09-11 03:00:48
124244754;10000115;2026-10-02 17:30;2026-09-11 03:00:48
124244754;10000115;2026-10-02 17:45;2026-09-11 03:00:48
124244754;10000115;2026-10-02 18:00;2026-09-11 03:00:48
124244754;10000115;2026-10-02 18:15;2026-09-11 03:00:48
124244754;10000115;2026-10-02 18:30;2026-09-11 03:00:48
124244754;10000115;2026-10-02 18:45;2026-09-11 03:00:48
124244754;10000115;2026-10-02 19:00;2026-09-11 03:00:48
124244754;10000115;2026-09-21 07:15;2026-09-11 03:00:48
124244754;10000115;2026-09-21 07:30;2026-09-11 03:00:48
124244754;10000115;2026-09-21 07:45;2026-09-11 03:00:48
124244754;10000115;2026-09-21 08:00;2026-09-11 03:00:48
124244754;10000115;2026-09-21 08:15;2026-09-11 03:00:48
124244754;10000115;2026-09-21 08:30;2026-09-11 03:00:48
124244754;10000115;2026-09-21 08:45;2026-09-11 03:00:48
124244754;10000115;2026-09-21 09:00;2026-09-11 03:00:48
124244754;10000115;2026-09-21 09:15;2026-09-11 03:00:48
124244754;10000115;2026-09-21 09:30;2026-09-11 03:00:48
124244754;10000115;2026-09-21 09:45;2026-09-11 03:00:48
124244754;10000115;2026-09-21 10:30;2026-09-11 03:00:48
124244754;10000115;2026-09-21 10:45;2026-09-11 03:00:48
124244754;10000115;2026-09-21 11:15;2026-09-11 03:00:48
124244754;10000115;2026-09-21 11:30;2026-09-11 03:00:48
124244754;10000115;2026-09-21 11:45;2026-09-11 03:00:48
124244754;10000115;2026-09-21 12:15;2026-09-11 03:00:48
124244754;10000115;2026-09-21 12:30;2026-09-11 03:00:48
124244754;10000115;2026-09-22 13:30;2026-09-11 03:00:48
124244754;10000115;2026-09-22 13:45;2026-09-11 03:00:48
124244754;10000115;2026-09-22 14:00;2026-09-11 03:00:48
124244754;10000115;2026-09-22 14:15;2026-09-11 03:00:48
124244754;10000115;2026-09-22 14:30;2026-09-11 03:00:48
124244754;10000115;2026-09-22 14:45;2026-09-11 03:00:48
124244754;10000115;2026-09-22 15:00;2026-09-11 03:00:48
124244754;10000115;2026-09-22 15:15;2026-09-11 03:00:48
124244754;10000115;2026-09-22 16:30;2026-09-11 03:00:48
124244754;10000115;2026-09-22 16:45;2026-09-11 03:00:48
124244754;10000115;2026-09-22 17:15;2026-09-11 03:00:48
124244754;10000115;2026-09-22 17:30;2026-09-11 03:00:48
124244754;10000115;2026-09-23 07:15;2026-09-11 03:00:48
124244754;10000115;2026-09-23 07:30;2026-09-11 03:00:48
124244754;10000115;2026-09-23 07:45;2026-09-11 03:00:48
124244754;10000115;2026-09-23 08:00;2026-09-11 03:00:48
124244754;10000115;2026-09-23 08:15;2026-09-11 03:00:48
124244754;10000115;2026-09-23 08:30;2026-09-11 03:00:48
124244754;10000115;2026-09-23 08:45;2026-09-11 03:00:48
124244754;10000115;2026-09-23 09:00;2026-09-11 03:00:48
124244754;10000115;2026-09-23 09:15;2026-09-11 03:00:48
124244754;10000115;2026-09-23 09:30;2026-09-11 03:00:48
124244754;10000115;2026-09-23 09:45;2026-09-11 03:00:48
124244754;10000115;2026-09-23 10:30;2026-09-11 03:00:48
124244754;10000115;2026-09-23 10:45;2026-09-11 03:00:48
124244754;10000115;2026-09-23 11:15;2026-09-11 03:00:48
124244754;10000115;2026-09-23 11:30;2026-09-11 03:00:48
124244754;10000115;2026-09-23 11:45;2026-09-11 03:00:48
124244754;10000115;2026-09-23 12:00;2026-09-11 03:00:48
124244754;10000115;2026-09-23 12:15;2026-09-11 03:00:48
124244754;10000115;2026-09-23 12:30;2026-09-11 03:00:48
124244754;10000115;2026-09-24 13:45;2026-09-11 03:00:48
124244754;10000115;2026-09-24 14:00;2026-09-11 03:00:48
124244754;10000115;2026-09-24 14:15;2026-09-11 03:00:48
124244754;10000115;2026-09-24 14:30;2026-09-11 03:00:48
124244754;10000115;2026-09-24 14:45;2026-09-11 03:00:48
124244754;10000115;2026-09-24 15:00;2026-09-11 03:00:48
124244754;10000115;2026-09-24 15:15;2026-09-11 03:00:48
124244754;10000115;2026-09-24 16:00;2026-09-11 03:00:48
124244754;10000115;2026-09-24 16:15;2026-09-11 03:00:48
124244754;10000115;2026-09-24 16:30;2026-09-11 03:00:48
124244754;10000115;2026-09-24 16:45;2026-09-11 03:00:48
124244754;10000115;2026-09-24 17:15;2026-09-11 03:00:48
124244754;10000115;2026-09-24 17:30;2026-09-11 03:00:48
124244754;10000115;2026-09-24 17:45;2026-09-11 03:00:48
124244754;10000115;2026-09-24 18:00;2026-09-11 03:00:48
124244754;10000115;2026-09-24 18:30;2026-09-11 03:00:48
124244754;10000115;2026-09-24 18:45;2026-09-11 03:00:48
124244754;10000115;2026-09-25 07:15;2026-09-11 03:00:48
124244754;10000115;2026-09-25 07:30;2026-09-11 03:00:48
124244754;10000115;2026-09-25 07:45;2026-09-11 03:00:48
124244754;10000115;2026-09-25 08:00;2026-09-11 03:00:48
124244754;10000115;2026-09-25 08:15;2026-09-11 03:00:48
124244754;10000115;2026-09-25 08:30;2026-09-11 03:00:48
124244754;10000115;2026-09-25 08:45;2026-09-11 03:00:48
124244754;10000115;2026-09-25 09:00;2026-09-11 03:00:48
124244754;10000115;2026-09-25 09:15;2026-09-11 03:00:48
124244754;10000115;2026-09-25 09:30;2026-09-11 03:00:48
124244754;10000115;2026-09-25 09:45;2026-09-11 03:00:48
124244754;10000115;2026-09-25 10:30;2026-09-11 03:00:48
124244754;10000115;2026-09-25 10:45;2026-09-11 03:00:48
124244754;10000115;2026-09-25 11:00;2026-09-11 03:00:48
124244754;10000115;2026-09-25 11:15;2026-09-11 03:00:48
124244754;10000115;2026-09-25 11:30;2026-09-11 03:00:48
124244754;10000115;2026-09-25 11:45;2026-09-11 03:00:48
124244754;10000115;2026-09-25 12:00;2026-09-11 03:00:48
124244754;10000115;2026-09-25 12:15;2026-09-11 03:00:48
124244754;10000115;2026-09-25 12:30;2026-09-11 03:00:48
124244754;10000115;2026-09-14 13:45;2026-09-11 03:00:48
124244754;10000115;2026-09-14 14:00;2026-09-11 03:00:48
124244754;10000115;2026-09-14 14:15;2026-09-11 03:00:48
124244754;10000115;2026-09-14 14:30;2026-09-11 03:00:48
124244754;10000115;2026-09-14 14:45;2026-09-11 03:00:48
124244754;10000115;2026-09-14 15:00;2026-09-11 03:00:48
124244754;10000115;2026-09-14 17:15;2026-09-11 03:00:48
124244754;10000115;2026-09-15 07:15;2026-09-11 03:00:48
124244754;10000115;2026-09-15 07:30;2026-09-11 03:00:48
124244754;10000115;2026-09-15 07:45;2026-09-11 03:00:48
124244754;10000115;2026-09-15 08:00;2026-09-11 03:00:48
124244754;10000115;2026-09-15 08:15;2026-09-11 03:00:48
124244754;10000115;2026-09-15 09:00;2026-09-11 03:00:48
124244754;10000115;2026-09-15 09:15;2026-09-11 03:00:48
124244754;10000115;2026-09-15 09:30;2026-09-11 03:00:48
124244754;10000115;2026-09-15 09:45;2026-09-11 03:00:48
124244754;10000115;2026-09-15 10:30;2026-09-11 03:00:48
124244754;10000115;2026-09-15 10:45;2026-09-11 03:00:48
124244754;10000115;2026-09-15 11:15;2026-09-11 03:00:48
124244754;10000115;2026-09-15 11:45;2026-09-11 03:00:48
124244754;10000115;2026-09-15 12:00;2026-09-11 03:00:48
124244754;10000115;2026-09-15 12:15;2026-09-11 03:00:48
124244754;10000115;2026-09-15 12:30;2026-09-11 03:00:48
124244754;10000115;2026-09-16 13:45;2026-09-11 03:00:48
124244754;10000115;2026-09-16 14:00;2026-09-11 03:00:48
124244754;10000115;2026-09-16 14:15;2026-09-11 03:00:48
124244754;10000115;2026-09-16 14:30;2026-09-11 03:00:48
124244754;10000115;2026-09-16 14:45;2026-09-11 03:00:48
124244754;10000115;2026-09-16 15:00;2026-09-11 03:00:48
124244754;10000115;2026-09-16 15:15;2026-09-11 03:00:48
124244754;10000115;2026-09-16 16:15;2026-09-11 03:00:48
124244754;10000115;2026-09-16 16:30;2026-09-11 03:00:48
124244754;10000115;2026-09-16 16:45;2026-09-11 03:00:48
124244754;10000115;2026-09-16 17:00;2026-09-11 03:00:48
124244754;10000115;2026-09-16 17:15;2026-09-11 03:00:48
124244754;10000115;2026-09-16 17:45;2026-09-11 03:00:48
124244754;10000115;2026-09-16 18:00;2026-09-11 03:00:48
124244754;10000115;2026-09-16 18:45;2026-09-11 03:00:48
124244754;10000115;2026-09-16 19:00;2026-09-11 03:00:48
124244754;10000115;2026-09-17 07:15;2026-09-11 03:00:48
124244754;10000115;2026-09-17 07:30;2026-09-11 03:00:48
124244754;10000115;2026-09-17 07:45;2026-09-11 03:00:48
124244754;10000115;2026-09-17 08:15;2026-09-11 03:00:48
124244754;10000115;2026-09-17 08:45;2026-09-11 03:00:48
124244754;10000115;2026-09-17 09:00;2026-09-11 03:00:48
124244754;10000115;2026-09-17 09:15;2026-09-11 03:00:48
124244754;10000115;2026-09-17 09:30;2026-09-11 03:00:48
124244754;10000115;2026-09-17 09:45;2026-09-11 03:00:48
124244754;10000115;2026-09-17 10:30;2026-09-11 03:00:48
124244754;10000115;2026-09-17 10:45;2026-09-11 03:00:48
124244754;10000115;2026-09-17 11:30;2026-09-11 03:00:48
124244754;10000115;2026-09-17 11:45;2026-09-11 03:00:48
124244754;10000115;2026-09-17 12:00;2026-09-11 03:00:48
124244754;10000115;2026-09-17 12:30;2026-09-11 03:00:48
124244754;10000115;2026-09-18 13:45;2026-09-11 03:00:48
124244754;10000115;2026-09-18 14:00;2026-09-11 03:00:48
124244754;10000115;2026-09-18 14:15;2026-09-11 03:00:48
124244754;10000115;2026-09-18 14:30;2026-09-11 03:00:48
124244754;10000115;2026-09-18 14:45;2026-09-11 03:00:48
124244754;10000115;2026-09-18 15:00;2026-09-11 03:00:48
124244754;10000115;2026-09-18 16:00;2026-09-11 03:00:48
124244754;10000115;2026-09-18 16:15;2026-09-11 03:00:48
124244754;10000115;2026-09-18 16:30;2026-09-11 03:00:48
124244754;10000115;2026-09-18 17:00;2026-09-11 03:00:48
124244754;10000115;2026-09-18 17:15;2026-09-11 03:00:48
124244754;10000115;2026-09-18 17:45;2026-09-11 03:00:48
124244754;10000115;2026-09-18 18:15;2026-09-11 03:00:48
124244754;10000115;2026-09-18 18:30;2026-09-11 03:00:48
124244754;10000115;2026-09-18 18:45;2026-09-11 03:00:48
124244754;10000115;2026-09-11 08:15;2026-09-11 03:00:48
124244754;10000115;2026-09-11 09:00;2026-09-11 03:00:48
124244754;10000115;2026-09-11 09:15;2026-09-11 03:00:48
124244754;10000115;2026-09-11 09:30;2026-09-11 03:00:48
124244754;10000115;2026-09-11 09:45;2026-09-11 03:00:48
124244754;10000115;2026-09-11 10:30;2026-09-11 03:00:48
124244754;10000115;2026-09-11 11:45;2026-09-11 03:00:48
124244754;10000115;2026-10-05 07:15;2026-09-11 03:00:48
124244754;10000115;2026-10-05 07:30;2026-09-11 03:00:48
124244754;10000115;2026-10-05 07:45;2026-09-11 03:00:48
124244754;10000115;2026-10-05 08:00;2026-09-11 03:00:48
124244754;10000115;2026-10-05 08:15;2026-09-11 03:00:48
124244754;10000115;2026-10-05 08:30;2026-09-11 03:00:48
124244754;10000115;2026-10-05 08:45;2026-09-11 03:00:48
124244754;10000115;2026-10-05 09:00;2026-09-11 03:00:48
124244754;10000115;2026-10-05 09:15;2026-09-11 03:00:48
124244754;10000115;2026-10-05 09:30;2026-09-11 03:00:48
124244754;10000115;2026-10-05 09:45;2026-09-11 03:00:48
124244754;10000115;2026-10-05 10:30;2026-09-11 03:00:48
124244754;10000115;2026-10-05 10:45;2026-09-11 03:00:48
124244754;10000115;2026-10-05 11:00;2026-09-11 03:00:48
124244754;10000115;2026-10-05 11:15;2026-09-11 03:00:48
124244754;10000115;2026-10-05 11:30;2026-09-11 03:00:48
124244754;10000115;2026-10-05 11:45;2026-09-11 03:00:48
124244754;10000115;2026-10-05 12:00;2026-09-11 03:00:48
124244754;10000115;2026-10-05 12:15;2026-09-11 03:00:48
124244754;10000115;2026-10-05 12:30;2026-09-11 03:00:48
124244754;10000115;2026-10-06 13:45;2026-09-11 03:00:48
124244754;10000115;2026-10-06 14:00;2026-09-11 03:00:48
124244754;10000115;2026-10-06 14:15;2026-09-11 03:00:48
124244754;10000115;2026-10-06 14:30;2026-09-11 03:00:48
124244754;10000115;2026-10-06 14:45;2026-09-11 03:00:48
124244754;10000115;2026-10-06 15:00;2026-09-11 03:00:48
124244754;10000115;2026-10-06 15:15;2026-09-11 03:00:48
124244754;10000115;2026-10-06 16:00;2026-09-11 03:00:48
124244754;10000115;2026-10-06 16:15;2026-09-11 03:00:48
124244754;10000115;2026-10-06 16:30;2026-09-11 03:00:48
124244754;10000115;2026-10-06 16:45;2026-09-11 03:00:48
124244754;10000115;2026-10-06 17:00;2026-09-11 03:00:48
124244754;10000115;2026-10-06 17:15;2026-09-11 03:00:48
124244754;10000115;2026-10-06 17:30;2026-09-11 03:00:48
124244754;10000115;2026-10-06 17:45;2026-09-11 03:00:48
124244754;10000115;2026-10-06 18:00;2026-09-11 03:00:48
124244754;10000115;2026-10-06 18:30;2026-09-11 03:00:48
124244754;10000115;2026-10-06 18:45;2026-09-11 03:00:48
124244754;10000115;2026-10-06 19:00;2026-09-11 03:00:48
124244754;10000115;2026-10-07 07:15;2026-09-11 03:00:48
124244754;10000115;2026-10-07 07:30;2026-09-11 03:00:48
124244754;10000115;2026-10-07 07:45;2026-09-11 03:00:48
124244754;10000115;2026-10-07 08:00;2026-09-11 03:00:48
124244754;10000115;2026-10-07 08:15;2026-09-11 03:00:48
124244754;10000115;2026-10-07 08:30;2026-09-11 03:00:48
124244754;10000115;2026-10-07 08:45;2026-09-11 03:00:48
124244754;10000115;2026-10-07 09:00;2026-09-11 03:00:48
124244754;10000115;2026-10-07 09:15;2026-09-11 03:00:48
124244754;10000115;2026-10-07 09:30;2026-09-11 03:00:48
124244754;10000115;2026-10-07 09:45;2026-09-11 03:00:48
124244754;10000115;2026-10-07 10:30;2026-09-11 03:00:48
124244754;10000115;2026-10-07 10:45;2026-09-11 03:00:48
124244754;10000115;2026-10-07 11:00;2026-09-11 03:00:48
124244754;10000115;2026-10-07 11:15;2026-09-11 03:00:48
124244754;10000115;2026-10-07 11:30;2026-09-11 03:00:48
124244754;10000115;2026-10-07 11:45;2026-09-11 03:00:48
124244754;10000115;2026-10-07 12:00;2026-09-11 03:00:48
124244754;10000115;2026-10-07 12:15;2026-09-11 03:00:48
124244754;10000115;2026-10-07 12:30;2026-09-11 03:00:48
124244754;10000115;2026-10-08 13:45;2026-09-11 03:00:48
124244754;10000115;2026-10-08 14:00;2026-09-11 03:00:48
124244754;10000115;2026-10-08 14:15;2026-09-11 03:00:48
124244754;10000115;2026-10-08 14:30;2026-09-11 03:00:48
124244754;10000115;2026-10-08 14:45;2026-09-11 03:00:48
124244754;10000115;2026-10-08 15:00;2026-09-11 03:00:48
124244754;10000115;2026-10-08 16:15;2026-09-11 03:00:48
124244754;10000115;2026-10-08 16:30;2026-09-11 03:00:48
124244754;10000115;2026-10-08 16:45;2026-09-11 03:00:48
124244754;10000115;2026-10-08 17:00;2026-09-11 03:00:48
124244754;10000115;2026-10-08 17:15;2026-09-11 03:00:48
124244754;10000115;2026-10-08 17:30;2026-09-11 03:00:48
124244754;10000115;2026-10-08 17:45;2026-09-11 03:00:48
124244754;10000115;2026-10-08 18:00;2026-09-11 03:00:48
124244754;10000115;2026-10-08 18:15;2026-09-11 03:00:48
124244754;10000115;2026-10-08 18:30;2026-09-11 03:00:48
124244754;10000115;2026-10-08 18:45;2026-09-11 03:00:48
124244754;10000115;2026-10-09 07:15;2026-09-11 03:00:48
124244754;10000115;2026-10-09 07:30;2026-09-11 03:00:48
124244754;10000115;2026-10-09 07:45;2026-09-11 03:00:48
124244754;10000115;2026-10-09 08:00;2026-09-11 03:00:48
124244754;10000115;2026-10-09 08:30;2026-09-11 03:00:48
124244754;10000115;2026-10-09 08:45;2026-09-11 03:00:48
124244754;10000115;2026-10-09 09:00;2026-09-11 03:00:48
124244754;10000115;2026-10-09 09:15;2026-09-11 03:00:48
124244754;10000115;2026-10-09 09:30;2026-09-11 03:00:48
124244754;10000115;2026-10-09 09:45;2026-09-11 03:00:48
124244754;10000115;2026-10-09 10:30;2026-09-11 03:00:48
124244754;10000115;2026-10-09 10:45;2026-09-11 03:00:48
124244754;10000115;2026-10-09 11:00;2026-09-11 03:00:48
124244754;10000115;2026-10-09 11:15;2026-09-11 03:00:48
124244754;10000115;2026-10-09 11:30;2026-09-11 03:00:48
124244754;10000115;2026-10-09 11:45;2026-09-11 03:00:48
124244754;10000115;2026-10-09 12:00;2026-09-11 03:00:48
124244754;10000115;2026-10-09 12:15;2026-09-11 03:00:48
124244754;10000115;2026-10-09 12:30;2026-09-11 03:00:48
124244754;10000115;2026-09-22 12:00;2026-09-11 03:00:48
124244754;10000115;2026-09-22 12:15;2026-09-11 03:00:48
124244754;10000115;2026-09-22 12:30;2026-09-11 03:00:48
124244754;10000115;2026-09-22 12:45;2026-09-11 03:00:48
124244754;10000115;2026-09-22 13:00;2026-09-11 03:00:48
124244754;10000115;2026-09-22 13:15;2026-09-11 03:00:48
124244754;10000115;2026-09-18 16:45;2026-09-11 03:00:48
124244754;10000115;2026-09-11 08:00;2026-09-11 03:00:48
124244754;10183257;2026-09-11 13:45;2026-09-11 03:00:48
124244754;10183257;2026-09-11 14:00;2026-09-11 03:00:48
124244754;10183257;2026-09-11 14:15;2026-09-11 03:00:48
124244754;10183257;2026-09-11 14:30;2026-09-11 03:00:48
124244754;10183257;2026-09-11 14:45;2026-09-11 03:00:48
124244754;10183257;2026-09-14 08:45;2026-09-11 03:00:48
124244754;10183257;2026-09-14 09:00;2026-09-11 03:00:48
124244754;10183257;2026-09-14 09:15;2026-09-11 03:00:48
124244754;10183257;2026-09-14 09:30;2026-09-11 03:00:48
124244754;10183257;2026-09-14 09:45;2026-09-11 03:00:48
124244754;10183257;2026-09-16 08:45;2026-09-11 03:00:48
124244754;10183257;2026-09-16 09:00;2026-09-11 03:00:48
124244754;10183257;2026-09-16 09:15;2026-09-11 03:00:48
124244754;10183257;2026-09-16 09:30;2026-09-11 03:00:48
124244754;10183257;2026-09-16 09:45;2026-09-11 03:00:48
124244754;10183257;2026-09-18 08:45;2026-09-11 03:00:48
124244754;10183257;2026-09-18 09:00;2026-09-11 03:00:48
124244754;10183257;2026-09-18 09:15;2026-09-11 03:00:48
124244754;10183257;2026-09-18 09:30;2026-09-11 03:00:48
124244754;10183257;2026-09-18 09:45;2026-09-11 03:00:48
124244754;10183257;2026-09-15 13:45;2026-09-11 03:00:48
124244754;10183257;2026-09-15 14:00;2026-09-11 03:00:48
124244754;10183257;2026-09-15 14:15;2026-09-11 03:00:48
124244754;10183257;2026-09-15 14:30;2026-09-11 03:00:48
124244754;10183257;2026-09-15 14:45;2026-09-11 03:00:48
124244754;10183257;2026-09-17 13:45;2026-09-11 03:00:48
124244754;10183257;2026-09-17 14:00;2026-09-11 03:00:48
124244754;10183257;2026-09-17 14:15;2026-09-11 03:00:48
124244754;10183257;2026-09-17 14:30;2026-09-11 03:00:48
124244754;10183257;2026-09-17 14:45;2026-09-11 03:00:48
124244754;10183257;2026-09-21 13:45;2026-09-11 03:00:48
124244754;10183257;2026-09-21 14:00;2026-09-11 03:00:48
124244754;10183257;2026-09-21 14:15;2026-09-11 03:00:48
124244754;10183257;2026-09-21 14:30;2026-09-11 03:00:48
124244754;10183257;2026-09-21 14:45;2026-09-11 03:00:48
124244754;10183257;2026-09-23 13:45;2026-09-11 03:00:48
124244754;10183257;2026-09-23 14:00;2026-09-11 03:00:48
124244754;10183257;2026-09-23 14:15;2026-09-11 03:00:48
124244754;10183257;2026-09-23 14:30;2026-09-11 03:00:48
124244754;10183257;2026-09-23 14:45;2026-09-11 03:00:48
124244754;10183257;2026-09-22 08:45;2026-09-11 03:00:48
124244754;10183257;2026-09-22 09:00;2026-09-11 03:00:48
124244754;10183257;2026-09-22 09:15;2026-09-11 03:00:48
124244754;10183257;2026-09-22 09:30;2026-09-11 03:00:48
124244754;10183257;2026-09-22 09:45;2026-09-11 03:00:48
124244754;10183257;2026-09-28 08:45;2026-09-11 03:00:48
124244754;10183257;2026-09-28 09:00;2026-09-11 03:00:48
124244754;10183257;2026-09-28 09:15;2026-09-11 03:00:48
124244754;10183257;2026-09-28 09:30;2026-09-11 03:00:48
124244754;10183257;2026-09-28 09:45;2026-09-11 03:00:48
124244754;10183257;2026-09-29 13:45;2026-09-11 03:00:48
124244754;10183257;2026-09-29 14:00;2026-09-11 03:00:48
124244754;10183257;2026-09-29 14:15;2026-09-11 03:00:48
124244754;10183257;2026-09-29 14:30;2026-09-11 03:00:48
124244754;10183257;2026-09-29 14:45;2026-09-11 03:00:48
124244754;10183257;2026-09-29 17:45;2026-09-11 03:00:48
124244754;10183257;2026-10-06 07:30;2026-09-11 03:00:48
124244754;10183257;2026-10-06 07:45;2026-09-11 03:00:48
124244754;10183257;2026-10-06 08:00;2026-09-11 03:00:48
124244754;10183257;2026-10-06 08:15;2026-09-11 03:00:48
124244754;10183257;2026-10-06 08:30;2026-09-11 03:00:48
124244754;10183257;2026-10-06 08:45;2026-09-11 03:00:48
124244754;10183257;2026-10-06 09:00;2026-09-11 03:00:48
124244754;10183257;2026-10-06 11:15;2026-09-11 03:00:48
124244754;10183257;2026-10-06 11:30;2026-09-11 03:00:48
124244754;10183257;2026-10-06 09:15;2026-09-11 03:00:48
124244754;10183257;2026-10-06 09:30;2026-09-11 03:00:48
124244754;10183257;2026-10-06 09:45;2026-09-11 03:00:48
124244754;10183257;2026-10-08 07:30;2026-09-11 03:00:48
124244754;10183257;2026-10-08 07:45;2026-09-11 03:00:48
124244754;10183257;2026-10-08 08:00;2026-09-11 03:00:48
124244754;10183257;2026-10-08 08:15;2026-09-11 03:00:48
124244754;10183257;2026-10-08 08:30;2026-09-11 03:00:48
124244754;10183257;2026-10-08 08:45;2026-09-11 03:00:48
124244754;10183257;2026-10-08 09:00;2026-09-11 03:00:48
124244754;10183257;2026-10-08 10:30;2026-09-11 03:00:48
124244754;10183257;2026-10-08 10:45;2026-09-11 03:00:48
124244754;10183257;2026-10-08 11:00;2026-09-11 03:00:48
124244754;10183257;2026-10-08 11:15;2026-09-11 03:00:48
124244754;10183257;2026-10-08 11:30;2026-09-11 03:00:48
124244754;10183257;2026-10-08 11:45;2026-09-11 03:00:48
124244754;10183257;2026-10-08 12:00;2026-09-11 03:00:48
124244754;10183257;2026-10-08 12:15;2026-09-11 03:00:48
124244754;10183257;2026-10-08 12:30;2026-09-11 03:00:48
124244754;10183257;2026-10-08 09:15;2026-09-11 03:00:48
124244754;10183257;2026-10-08 09:30;2026-09-11 03:00:48
124244754;10183257;2026-10-08 09:45;2026-09-11 03:00:48
124244754;10183257;2026-10-07 13:45;2026-09-11 03:00:48
124244754;10183257;2026-10-07 14:00;2026-09-11 03:00:48
124244754;10183257;2026-10-07 14:15;2026-09-11 03:00:48
124244754;10183257;2026-10-07 14:30;2026-09-11 03:00:48
124244754;10183257;2026-10-07 14:45;2026-09-11 03:00:48
124244754;10183257;2026-10-07 15:15;2026-09-11 03:00:48
124244754;10183257;2026-10-07 15:30;2026-09-11 03:00:48
124244754;10183257;2026-10-07 15:45;2026-09-11 03:00:48
124244754;10183257;2026-10-07 16:00;2026-09-11 03:00:48
124244754;10183257;2026-10-07 16:15;2026-09-11 03:00:48
124244754;10183257;2026-10-07 17:00;2026-09-11 03:00:48
124244754;10183257;2026-10-07 17:15;2026-09-11 03:00:48
124244754;10183257;2026-10-07 17:30;2026-09-11 03:00:48
124244754;10183257;2026-10-05 13:30;2026-09-11 03:00:48
124244754;10183257;2026-10-05 13:45;2026-09-11 03:00:48
124244754;10183257;2026-10-05 14:00;2026-09-11 03:00:48
124244754;10183257;2026-10-05 14:15;2026-09-11 03:00:48
124244754;10183257;2026-10-05 14:30;2026-09-11 03:00:48
124244754;10183257;2026-10-05 14:45;2026-09-11 03:00:48
124244754;10183257;2026-10-05 15:00;2026-09-11 03:00:48
124244754;10183257;2026-10-05 15:15;2026-09-11 03:00:48
124244754;10183257;2026-10-05 15:30;2026-09-11 03:00:48
124244754;10183257;2026-10-05 15:45;2026-09-11 03:00:48
124244754;10183257;2026-10-05 16:00;2026-09-11 03:00:48
124244754;10183257;2026-10-05 16:15;2026-09-11 03:00:48
124244754;10183257;2026-10-09 13:30;2026-09-11 03:00:48
124244754;10183257;2026-10-09 13:45;2026-09-11 03:00:48
124244754;10183257;2026-10-09 14:00;2026-09-11 03:00:48
124244754;10183257;2026-10-09 14:15;2026-09-11 03:00:48
124244754;10183257;2026-10-09 14:30;2026-09-11 03:00:48
124244754;10183257;2026-10-09 14:45;2026-09-11 03:00:48
124244754;10183257;2026-10-09 15:00;2026-09-11 03:00:48
124244754;10183257;2026-10-09 15:15;2026-09-11 03:00:48
124244754;10183257;2026-10-09 15:30;2026-09-11 03:00:48
124244754;10183257;2026-10-09 15:45;2026-09-11 03:00:48
124244754;10183257;2026-10-09 16:00;2026-09-11 03:00:48
124244754;10183257;2026-10-09 16:15;2026-09-11 03:00:48
124244754;10183257;2026-10-09 17:00;2026-09-11 03:00:48
124244754;10183257;2026-10-09 17:15;2026-09-11 03:00:48
124244754;10183257;2026-10-09 17:30;2026-09-11 03:00:48
124244754;10183257;2026-10-09 17:45;2026-09-11 03:00:48
124244754;10183257;2026-09-30 07:45;2026-09-11 03:00:48
124244754;10183257;2026-09-30 08:00;2026-09-11 03:00:48
124244754;10183257;2026-09-30 08:15;2026-09-11 03:00:48
124244754;10183257;2026-09-30 08:30;2026-09-11 03:00:48
124244754;10183257;2026-09-30 08:45;2026-09-11 03:00:48
124244754;10183257;2026-09-30 09:00;2026-09-11 03:00:48
124244754;10183257;2026-09-30 10:30;2026-09-11 03:00:48
124244754;10183257;2026-09-30 10:45;2026-09-11 03:00:48
124244754;10183257;2026-09-30 11:15;2026-09-11 03:00:48
124244754;10183257;2026-09-30 11:30;2026-09-11 03:00:48
124244754;10183257;2026-09-30 11:45;2026-09-11 03:00:48
124244754;10183257;2026-09-30 12:00;2026-09-11 03:00:48
124244754;10183257;2026-09-30 12:30;2026-09-11 03:00:48
124244754;10183257;2026-09-30 12:45;2026-09-11 03:00:48
124244754;10183257;2026-09-30 09:15;2026-09-11 03:00:48
124244754;10183257;2026-09-30 09:30;2026-09-11 03:00:48
124244754;10183257;2026-09-30 09:45;2026-09-11 03:00:48
124244754;10183257;2026-10-01 13:30;2026-09-11 03:00:48
124244754;10183257;2026-10-01 13:45;2026-09-11 03:00:48
124244754;10183257;2026-10-01 14:00;2026-09-11 03:00:48
124244754;10183257;2026-10-01 14:15;2026-09-11 03:00:48
124244754;10183257;2026-10-01 14:30;2026-09-11 03:00:48
124244754;10183257;2026-10-01 14:45;2026-09-11 03:00:48
124244754;10183257;2026-10-01 15:00;2026-09-11 03:00:48
124244754;10183257;2026-10-01 15:15;2026-09-11 03:00:48
124244754;10183257;2026-10-01 15:30;2026-09-11 03:00:48
124244754;10183257;2026-10-01 15:45;2026-09-11 03:00:48
124244754;10183257;2026-10-01 16:00;2026-09-11 03:00:48
124244754;10183257;2026-10-01 17:00;2026-09-11 03:00:48
124244754;10183257;2026-10-01 17:45;2026-09-11 03:00:48
124244754;10183257;2026-10-02 07:30;2026-09-11 03:00:48
124244754;10183257;2026-10-02 07:45;2026-09-11 03:00:48
124244754;10183257;2026-10-02 08:00;2026-09-11 03:00:48
124244754;10183257;2026-10-02 08:15;2026-09-11 03:00:48
124244754;10183257;2026-10-02 08:30;2026-09-11 03:00:48
124244754;10183257;2026-10-02 08:45;2026-09-11 03:00:48
124244754;10183257;2026-10-02 09:00;2026-09-11 03:00:48
124244754;10183257;2026-10-02 10:30;2026-09-11 03:00:48
124244754;10183257;2026-10-02 10:45;2026-09-11 03:00:48
124244754;10183257;2026-10-02 11:15;2026-09-11 03:00:48
124244754;10183257;2026-10-02 11:30;2026-09-11 03:00:48
124244754;10183257;2026-10-02 11:45;2026-09-11 03:00:48
124244754;10183257;2026-10-02 12:00;2026-09-11 03:00:48
124244754;10183257;2026-10-02 12:15;2026-09-11 03:00:48
124244754;10183257;2026-10-02 12:30;2026-09-11 03:00:48
124244754;10183257;2026-10-02 12:45;2026-09-11 03:00:48
124244754;10183257;2026-10-02 09:15;2026-09-11 03:00:48
124244754;10183257;2026-10-02 09:30;2026-09-11 03:00:48
124244754;10183257;2026-10-02 09:45;2026-09-11 03:00:48
124244754;10183257;2026-09-24 08:45;2026-09-11 03:00:48
124244754;10183257;2026-09-24 09:00;2026-09-11 03:00:48
124244754;10183257;2026-09-24 09:15;2026-09-11 03:00:48
124244754;10183257;2026-09-24 09:30;2026-09-11 03:00:48
124244754;10183257;2026-09-24 09:45;2026-09-11 03:00:48
124244754;10183257;2026-09-29 17:15;2026-09-11 03:00:48
124244754;10103001;2026-09-11 08:45;2026-09-11 03:00:48
124244754;10103001;2026-09-11 09:00;2026-09-11 03:00:48
124244754;10103001;2026-09-11 09:15;2026-09-11 03:00:48
124244754;10103001;2026-09-11 09:30;2026-09-11 03:00:48
124244754;10103001;2026-09-11 09:45;2026-09-11 03:00:48
124244754;10103001;2026-09-11 10:00;2026-09-11 03:00:48
124244754;10103001;2026-09-14 13:30;2026-09-11 03:00:48
124244754;10103001;2026-09-14 13:45;2026-09-11 03:00:48
124244754;10103001;2026-09-14 14:00;2026-09-11 03:00:48
124244754;10103001;2026-09-14 14:15;2026-09-11 03:00:48
124244754;10103001;2026-09-14 14:30;2026-09-11 03:00:48
124244754;10103001;2026-09-14 14:45;2026-09-11 03:00:48
124244754;10103001;2026-09-15 08:45;2026-09-11 03:00:48
124244754;10103001;2026-09-15 09:00;2026-09-11 03:00:48
124244754;10103001;2026-09-15 09:30;2026-09-11 03:00:48
124244754;10103001;2026-09-15 09:45;2026-09-11 03:00:48
124244754;10103001;2026-09-15 10:00;2026-09-11 03:00:48
124244754;10103001;2026-09-15 12:45;2026-09-11 03:00:48
124244754;10103001;2026-09-16 13:30;2026-09-11 03:00:48
124244754;10103001;2026-09-16 13:45;2026-09-11 03:00:48
124244754;10103001;2026-09-16 14:00;2026-09-11 03:00:48
124244754;10103001;2026-09-16 14:15;2026-09-11 03:00:48
124244754;10103001;2026-09-16 14:30;2026-09-11 03:00:48
124244754;10103001;2026-09-16 14:45;2026-09-11 03:00:48
124244754;10103001;2026-09-16 17:00;2026-09-11 03:00:48
124244754;10103001;2026-09-16 17:15;2026-09-11 03:00:48
124244754;10103001;2026-09-16 17:45;2026-09-11 03:00:48
124244754;10103001;2026-09-16 18:00;2026-09-11 03:00:48
124244754;10103001;2026-09-16 18:15;2026-09-11 03:00:48
124244754;10103001;2026-09-17 07:45;2026-09-11 03:00:48
124244754;10103001;2026-09-17 08:00;2026-09-11 03:00:48
124244754;10103001;2026-09-17 08:15;2026-09-11 03:00:48
124244754;10103001;2026-09-17 08:45;2026-09-11 03:00:48
124244754;10103001;2026-09-17 09:00;2026-09-11 03:00:48
124244754;10103001;2026-09-17 09:15;2026-09-11 03:00:48
124244754;10103001;2026-09-17 09:30;2026-09-11 03:00:48
124244754;10103001;2026-09-17 09:45;2026-09-11 03:00:48
124244754;10103001;2026-09-17 10:00;2026-09-11 03:00:48
124244754;10103001;2026-09-17 11:00;2026-09-11 03:00:48
124244754;10103001;2026-09-17 11:15;2026-09-11 03:00:48
124244754;10103001;2026-09-17 11:30;2026-09-11 03:00:48
124244754;10103001;2026-09-17 11:45;2026-09-11 03:00:48
124244754;10103001;2026-09-17 12:00;2026-09-11 03:00:48
124244754;10103001;2026-09-17 12:15;2026-09-11 03:00:48
124244754;10103001;2026-09-17 12:30;2026-09-11 03:00:48
124244754;10103001;2026-09-17 12:45;2026-09-11 03:00:48
124244754;10103001;2026-09-18 13:30;2026-09-11 03:00:48
124244754;10103001;2026-09-18 13:45;2026-09-11 03:00:48
124244754;10103001;2026-09-18 14:00;2026-09-11 03:00:48
124244754;10103001;2026-09-18 14:15;2026-09-11 03:00:48
124244754;10103001;2026-09-18 14:30;2026-09-11 03:00:48
124244754;10103001;2026-09-18 14:45;2026-09-11 03:00:48
124244754;10103001;2026-09-18 15:15;2026-09-11 03:00:48
124244754;10103001;2026-09-18 15:45;2026-09-11 03:00:48
124244754;10103001;2026-09-18 16:30;2026-09-11 03:00:48
124244754;10103001;2026-09-18 16:45;2026-09-11 03:00:48
124244754;10103001;2026-09-18 17:15;2026-09-11 03:00:48
124244754;10103001;2026-09-18 17:30;2026-09-11 03:00:48
124244754;10103001;2026-09-18 17:45;2026-09-11 03:00:48
124244754;10103001;2026-09-18 18:00;2026-09-11 03:00:48
124244754;10103001;2026-09-18 18:15;2026-09-11 03:00:48
124244754;10103001;2026-09-21 07:30;2026-09-11 03:00:48
124244754;10103001;2026-09-21 07:45;2026-09-11 03:00:48
124244754;10103001;2026-09-21 08:00;2026-09-11 03:00:48
124244754;10103001;2026-09-21 08:15;2026-09-11 03:00:48
124244754;10103001;2026-09-21 08:30;2026-09-11 03:00:48
124244754;10103001;2026-09-21 08:45;2026-09-11 03:00:48
124244754;10103001;2026-09-21 09:00;2026-09-11 03:00:48
124244754;10103001;2026-09-21 09:15;2026-09-11 03:00:48
124244754;10103001;2026-09-21 09:30;2026-09-11 03:00:48
124244754;10103001;2026-09-21 09:45;2026-09-11 03:00:48
124244754;10103001;2026-09-21 10:00;2026-09-11 03:00:48
124244754;10103001;2026-09-21 11:15;2026-09-11 03:00:48
124244754;10103001;2026-09-21 11:30;2026-09-11 03:00:48
124244754;10103001;2026-09-22 13:30;2026-09-11 03:00:48
124244754;10103001;2026-09-22 13:45;2026-09-11 03:00:48
124244754;10103001;2026-09-22 14:00;2026-09-11 03:00:48
124244754;10103001;2026-09-22 14:15;2026-09-11 03:00:48
124244754;10103001;2026-09-22 14:30;2026-09-11 03:00:48
124244754;10103001;2026-09-22 14:45;2026-09-11 03:00:48
124244754;10103001;2026-09-22 15:00;2026-09-11 03:00:48
124244754;10103001;2026-09-22 15:15;2026-09-11 03:00:48
124244754;10103001;2026-09-22 15:30;2026-09-11 03:00:48
124244754;10103001;2026-09-22 15:45;2026-09-11 03:00:48
124244754;10103001;2026-09-22 16:30;2026-09-11 03:00:48
124244754;10103001;2026-09-22 16:45;2026-09-11 03:00:48
124244754;10103001;2026-09-22 17:00;2026-09-11 03:00:48
124244754;10103001;2026-09-22 17:15;2026-09-11 03:00:48
124244754;10103001;2026-09-22 18:00;2026-09-11 03:00:48
124244754;10103001;2026-09-22 18:15;2026-09-11 03:00:48
124244754;10103001;2026-09-22 18:30;2026-09-11 03:00:48
124244754;10103001;2026-09-23 07:30;2026-09-11 03:00:48
124244754;10103001;2026-09-23 07:45;2026-09-11 03:00:48
124244754;10103001;2026-09-23 08:00;2026-09-11 03:00:48
124244754;10103001;2026-09-23 08:15;2026-09-11 03:00:48
124244754;10103001;2026-09-23 08:30;2026-09-11 03:00:48
124244754;10103001;2026-09-23 08:45;2026-09-11 03:00:48
124244754;10103001;2026-09-23 09:00;2026-09-11 03:00:48
124244754;10103001;2026-09-23 09:15;2026-09-11 03:00:48
124244754;10103001;2026-09-23 09:30;2026-09-11 03:00:48
124244754;10103001;2026-09-23 09:45;2026-09-11 03:00:48
124244754;10103001;2026-09-23 10:00;2026-09-11 03:00:48
124244754;10103001;2026-09-23 10:15;2026-09-11 03:00:48
124244754;10103001;2026-09-23 11:00;2026-09-11 03:00:48
124244754;10103001;2026-09-23 11:15;2026-09-11 03:00:48
124244754;10103001;2026-09-23 11:30;2026-09-11 03:00:48
124244754;10103001;2026-09-23 11:45;2026-09-11 03:00:48
124244754;10103001;2026-09-23 12:00;2026-09-11 03:00:48
124244754;10103001;2026-09-23 12:15;2026-09-11 03:00:48
124244754;10103001;2026-09-23 12:30;2026-09-11 03:00:48
124244754;10103001;2026-09-24 13:30;2026-09-11 03:00:48
124244754;10103001;2026-09-24 13:45;2026-09-11 03:00:48
124244754;10103001;2026-09-24 14:00;2026-09-11 03:00:48
124244754;10103001;2026-09-24 14:15;2026-09-11 03:00:48
124244754;10103001;2026-09-24 14:30;2026-09-11 03:00:48
124244754;10103001;2026-09-24 14:45;2026-09-11 03:00:48
124244754;10103001;2026-09-24 15:15;2026-09-11 03:00:48
124244754;10103001;2026-09-24 15:30;2026-09-11 03:00:48
124244754;10103001;2026-09-24 15:45;2026-09-11 03:00:48
124244754;10103001;2026-09-24 16:30;2026-09-11 03:00:48
124244754;10103001;2026-09-24 16:45;2026-09-11 03:00:48
124244754;10103001;2026-09-24 17:00;2026-09-11 03:00:48
124244754;10103001;2026-09-24 17:15;2026-09-11 03:00:48
124244754;10103001;2026-09-24 17:30;2026-09-11 03:00:48
124244754;10103001;2026-09-24 17:45;2026-09-11 03:00:48
124244754;10103001;2026-09-25 07:30;2026-09-11 03:00:48
124244754;10103001;2026-09-25 07:45;2026-09-11 03:00:48
124244754;10103001;2026-09-25 08:00;2026-09-11 03:00:48
124244754;10103001;2026-09-25 08:15;2026-09-11 03:00:48
124244754;10103001;2026-09-25 08:30;2026-09-11 03:00:48
124244754;10103001;2026-09-25 08:45;2026-09-11 03:00:48
124244754;10103001;2026-09-25 09:00;2026-09-11 03:00:48
124244754;10103001;2026-09-25 09:15;2026-09-11 03:00:48
124244754;10103001;2026-09-25 09:30;2026-09-11 03:00:48
124244754;10103001;2026-09-25 09:45;2026-09-11 03:00:48
124244754;10103001;2026-09-25 10:00;2026-09-11 03:00:48
124244754;10103001;2026-09-25 10:15;2026-09-11 03:00:48
124244754;10103001;2026-09-25 11:00;2026-09-11 03:00:48
124244754;10103001;2026-09-25 11:15;2026-09-11 03:00:48
124244754;10103001;2026-09-25 11:30;2026-09-11 03:00:48
124244754;10103001;2026-09-25 11:45;2026-09-11 03:00:48
124244754;10103001;2026-09-25 12:00;2026-09-11 03:00:48
124244754;10103001;2026-09-25 12:15;2026-09-11 03:00:48
124244754;10103001;2026-09-25 12:30;2026-09-11 03:00:48
124244754;10103001;2026-09-25 12:45;2026-09-11 03:00:48
124244754;10103001;2026-09-28 13:30;2026-09-11 03:00:48
124244754;10103001;2026-09-28 13:45;2026-09-11 03:00:48
124244754;10103001;2026-09-28 14:00;2026-09-11 03:00:48
124244754;10103001;2026-09-28 14:15;2026-09-11 03:00:48
124244754;10103001;2026-09-28 14:30;2026-09-11 03:00:48
124244754;10103001;2026-09-28 14:45;2026-09-11 03:00:48
124244754;10103001;2026-09-28 15:15;2026-09-11 03:00:48
124244754;10103001;2026-09-28 15:30;2026-09-11 03:00:48
124244754;10103001;2026-09-28 15:45;2026-09-11 03:00:48
124244754;10103001;2026-09-28 16:30;2026-09-11 03:00:48
124244754;10103001;2026-09-28 16:45;2026-09-11 03:00:48
124244754;10103001;2026-09-28 17:00;2026-09-11 03:00:48
124244754;10103001;2026-09-28 17:15;2026-09-11 03:00:48
124244754;10103001;2026-09-28 17:30;2026-09-11 03:00:48
124244754;10103001;2026-09-28 17:45;2026-09-11 03:00:48
124244754;10103001;2026-09-28 18:15;2026-09-11 03:00:48
124244754;10103001;2026-09-28 18:30;2026-09-11 03:00:48
124244754;10103001;2026-09-28 18:45;2026-09-11 03:00:48
124244754;10103001;2026-09-29 07:30;2026-09-11 03:00:48
124244754;10103001;2026-09-29 07:45;2026-09-11 03:00:48
124244754;10103001;2026-09-29 08:00;2026-09-11 03:00:48
124244754;10103001;2026-09-29 08:15;2026-09-11 03:00:48
124244754;10103001;2026-09-29 08:30;2026-09-11 03:00:48
124244754;10103001;2026-09-29 08:45;2026-09-11 03:00:48
124244754;10103001;2026-09-29 09:00;2026-09-11 03:00:48
124244754;10103001;2026-09-29 09:15;2026-09-11 03:00:48
124244754;10103001;2026-09-29 09:30;2026-09-11 03:00:48
124244754;10103001;2026-09-29 09:45;2026-09-11 03:00:48
124244754;10103001;2026-09-29 10:00;2026-09-11 03:00:48
124244754;10103001;2026-09-29 11:00;2026-09-11 03:00:48
124244754;10103001;2026-09-29 11:15;2026-09-11 03:00:48
124244754;10103001;2026-09-29 11:30;2026-09-11 03:00:48
124244754;10103001;2026-09-29 11:45;2026-09-11 03:00:48
124244754;10103001;2026-09-29 12:00;2026-09-11 03:00:48
124244754;10103001;2026-09-29 12:15;2026-09-11 03:00:48
124244754;10103001;2026-09-29 12:30;2026-09-11 03:00:48
124244754;10103001;2026-09-29 12:45;2026-09-11 03:00:48
124244754;10103001;2026-09-30 13:30;2026-09-11 03:00:48
124244754;10103001;2026-09-30 13:45;2026-09-11 03:00:48
124244754;10103001;2026-09-30 14:00;2026-09-11 03:00:48
124244754;10103001;2026-09-30 14:15;2026-09-11 03:00:48
124244754;10103001;2026-09-30 14:30;2026-09-11 03:00:48
124244754;10103001;2026-09-30 14:45;2026-09-11 03:00:48
124244754;10103001;2026-09-30 15:15;2026-09-11 03:00:48
124244754;10103001;2026-09-30 15:30;2026-09-11 03:00:48
124244754;10103001;2026-09-30 15:45;2026-09-11 03:00:48
124244754;10103001;2026-09-30 16:30;2026-09-11 03:00:48
124244754;10103001;2026-09-30 16:45;2026-09-11 03:00:48
124244754;10103001;2026-09-30 17:00;2026-09-11 03:00:48
124244754;10103001;2026-09-30 17:15;2026-09-11 03:00:48
124244754;10103001;2026-09-30 17:30;2026-09-11 03:00:48
124244754;10103001;2026-09-30 17:45;2026-09-11 03:00:48
124244754;10103001;2026-09-30 18:15;2026-09-11 03:00:48
124244754;10103001;2026-09-30 18:45;2026-09-11 03:00:48
124244754;10103001;2026-10-01 07:30;2026-09-11 03:00:48
124244754;10103001;2026-10-01 07:45;2026-09-11 03:00:48
124244754;10103001;2026-10-01 08:00;2026-09-11 03:00:48
124244754;10103001;2026-10-01 08:30;2026-09-11 03:00:48
124244754;10103001;2026-10-01 08:45;2026-09-11 03:00:48
124244754;10103001;2026-10-01 09:00;2026-09-11 03:00:48
124244754;10103001;2026-10-01 09:15;2026-09-11 03:00:48
124244754;10103001;2026-10-01 09:30;2026-09-11 03:00:48
124244754;10103001;2026-10-01 09:45;2026-09-11 03:00:48
124244754;10103001;2026-10-01 10:00;2026-09-11 03:00:48
124244754;10103001;2026-10-01 10:15;2026-09-11 03:00:48
124244754;10103001;2026-10-01 11:00;2026-09-11 03:00:48
124244754;10103001;2026-10-01 11:15;2026-09-11 03:00:48
124244754;10103001;2026-10-01 11:30;2026-09-11 03:00:48
124244754;10103001;2026-10-01 11:45;2026-09-11 03:00:48
124244754;10103001;2026-10-01 12:00;2026-09-11 03:00:48
124244754;10103001;2026-10-01 12:15;2026-09-11 03:00:48
124244754;10103001;2026-10-01 12:30;2026-09-11 03:00:48
124244754;10103001;2026-10-01 12:45;2026-09-11 03:00:48
124244754;10103001;2026-10-02 13:30;2026-09-11 03:00:48
124244754;10103001;2026-10-02 13:45;2026-09-11 03:00:48
124244754;10103001;2026-10-02 14:00;2026-09-11 03:00:48
124244754;10103001;2026-10-02 14:15;2026-09-11 03:00:48
124244754;10103001;2026-10-02 14:30;2026-09-11 03:00:48
124244754;10103001;2026-10-02 14:45;2026-09-11 03:00:48
124244754;10103001;2026-10-02 15:45;2026-09-11 03:00:48
124244754;10103001;2026-10-02 16:30;2026-09-11 03:00:48
124244754;10103001;2026-10-02 16:45;2026-09-11 03:00:48
124244754;10103001;2026-10-02 17:00;2026-09-11 03:00:48
124244754;10103001;2026-10-02 17:15;2026-09-11 03:00:48
124244754;10103001;2026-10-02 17:30;2026-09-11 03:00:48
124244754;10103001;2026-10-02 17:45;2026-09-11 03:00:48
124244754;10103001;2026-10-02 18:00;2026-09-11 03:00:48
124244754;10103001;2026-10-02 18:15;2026-09-11 03:00:48
124244754;10103001;2026-10-02 18:45;2026-09-11 03:00:48
124244754;10103001;2026-10-05 07:30;2026-09-11 03:00:48
124244754;10103001;2026-10-05 07:45;2026-09-11 03:00:48
124244754;10103001;2026-10-05 08:00;2026-09-11 03:00:48
124244754;10103001;2026-10-05 08:15;2026-09-11 03:00:48
124244754;10103001;2026-10-05 08:30;2026-09-11 03:00:48
124244754;10103001;2026-10-05 08:45;2026-09-11 03:00:48
124244754;10103001;2026-10-05 09:00;2026-09-11 03:00:48
124244754;10103001;2026-10-05 09:15;2026-09-11 03:00:48
124244754;10103001;2026-10-05 09:30;2026-09-11 03:00:48
124244754;10103001;2026-10-05 09:45;2026-09-11 03:00:48
124244754;10103001;2026-10-05 10:00;2026-09-11 03:00:48
124244754;10103001;2026-10-05 10:15;2026-09-11 03:00:48
124244754;10103001;2026-10-05 11:00;2026-09-11 03:00:48
124244754;10103001;2026-10-05 11:15;2026-09-11 03:00:48
124244754;10103001;2026-10-05 11:30;2026-09-11 03:00:48
124244754;10103001;2026-10-05 11:45;2026-09-11 03:00:48
124244754;10103001;2026-10-05 12:00;2026-09-11 03:00:48
124244754;10103001;2026-10-05 12:15;2026-09-11 03:00:48
124244754;10103001;2026-10-05 12:30;2026-09-11 03:00:48
124244754;10103001;2026-10-05 12:45;2026-09-11 03:00:48
124244754;10103001;2026-10-06 13:30;2026-09-11 03:00:48
124244754;10103001;2026-10-06 13:45;2026-09-11 03:00:48
124244754;10103001;2026-10-06 14:00;2026-09-11 03:00:48
124244754;10103001;2026-10-06 14:15;2026-09-11 03:00:48
124244754;10103001;2026-10-06 14:30;2026-09-11 03:00:48
124244754;10103001;2026-10-06 14:45;2026-09-11 03:00:48
124244754;10103001;2026-10-06 15:30;2026-09-11 03:00:48
124244754;10103001;2026-10-06 16:30;2026-09-11 03:00:48
124244754;10103001;2026-10-06 16:45;2026-09-11 03:00:48
124244754;10103001;2026-10-06 17:00;2026-09-11 03:00:48
124244754;10103001;2026-10-06 17:15;2026-09-11 03:00:48
124244754;10103001;2026-10-06 17:30;2026-09-11 03:00:48
124244754;10103001;2026-10-06 17:45;2026-09-11 03:00:48
124244754;10103001;2026-10-06 18:45;2026-09-11 03:00:48
124244754;10103001;2026-10-07 07:30;2026-09-11 03:00:48
124244754;10103001;2026-10-07 07:45;2026-09-11 03:00:48
124244754;10103001;2026-10-07 08:00;2026-09-11 03:00:48
124244754;10103001;2026-10-07 08:15;2026-09-11 03:00:48
124244754;10103001;2026-10-07 08:45;2026-09-11 03:00:48
124244754;10103001;2026-10-07 09:00;2026-09-11 03:00:48
124244754;10103001;2026-10-07 09:15;2026-09-11 03:00:48
124244754;10103001;2026-10-07 09:30;2026-09-11 03:00:48
124244754;10103001;2026-10-07 09:45;2026-09-11 03:00:48
124244754;10103001;2026-10-07 10:00;2026-09-11 03:00:48
124244754;10103001;2026-10-07 10:15;2026-09-11 03:00:48
124244754;10103001;2026-10-07 11:00;2026-09-11 03:00:48
124244754;10103001;2026-10-07 11:15;2026-09-11 03:00:48
124244754;10103001;2026-10-07 11:30;2026-09-11 03:00:48
124244754;10103001;2026-10-07 11:45;2026-09-11 03:00:48
124244754;10103001;2026-10-07 12:00;2026-09-11 03:00:48
124244754;10103001;2026-10-07 12:15;2026-09-11 03:00:48
124244754;10103001;2026-10-07 12:30;2026-09-11 03:00:48
124244754;10103001;2026-10-07 12:45;2026-09-11 03:00:48
124244754;10103001;2026-10-08 13:30;2026-09-11 03:00:48
124244754;10103001;2026-10-08 13:45;2026-09-11 03:00:48
124244754;10103001;2026-10-08 14:00;2026-09-11 03:00:48
124244754;10103001;2026-10-08 14:15;2026-09-11 03:00:48
124244754;10103001;2026-10-08 14:30;2026-09-11 03:00:48
124244754;10103001;2026-10-08 14:45;2026-09-11 03:00:48
124244754;10103001;2026-10-08 15:00;2026-09-11 03:00:48
124244754;10103001;2026-10-08 15:15;2026-09-11 03:00:48
124244754;10103001;2026-10-08 15:30;2026-09-11 03:00:48
124244754;10103001;2026-10-08 15:45;2026-09-11 03:00:48
124244754;10103001;2026-10-08 16:30;2026-09-11 03:00:48
124244754;10103001;2026-10-08 16:45;2026-09-11 03:00:48
124244754;10103001;2026-10-08 17:00;2026-09-11 03:00:48
124244754;10103001;2026-10-08 17:15;2026-09-11 03:00:48
124244754;10103001;2026-10-08 17:30;2026-09-11 03:00:48
124244754;10103001;2026-10-08 17:45;2026-09-11 03:00:48
124244754;10103001;2026-10-08 18:00;2026-09-11 03:00:48
124244754;10103001;2026-10-08 18:15;2026-09-11 03:00:48
124244754;10103001;2026-10-08 18:30;2026-09-11 03:00:48
124244754;10103001;2026-10-09 07:30;2026-09-11 03:00:48
124244754;10103001;2026-10-09 07:45;2026-09-11 03:00:48
124244754;10103001;2026-10-09 08:00;2026-09-11 03:00:48
124244754;10103001;2026-10-09 08:15;2026-09-11 03:00:48
124244754;10103001;2026-10-09 08:30;2026-09-11 03:00:48
124244754;10103001;2026-10-09 08:45;2026-09-11 03:00:48
124244754;10103001;2026-10-09 09:00;2026-09-11 03:00:48
124244754;10103001;2026-10-09 09:15;2026-09-11 03:00:48
124244754;10103001;2026-10-09 09:30;2026-09-11 03:00:48
124244754;10103001;2026-10-09 09:45;2026-09-11 03:00:48
124244754;10103001;2026-10-09 10:00;2026-09-11 03:00:48
124244754;10103001;2026-10-09 11:00;2026-09-11 03:00:48
124244754;10103001;2026-10-09 11:15;2026-09-11 03:00:48
124244754;10103001;2026-10-09 11:30;2026-09-11 03:00:48
124244754;10103001;2026-10-09 11:45;2026-09-11 03:00:48
124244754;10103001;2026-10-09 12:15;2026-09-11 03:00:48
124244754;10103001;2026-10-09 12:30;2026-09-11 03:00:48
124244754;10103001;2026-10-09 12:45;2026-09-11 03:00:48
124244754;10103001;2026-09-24 15:00;2026-09-11 03:00:48
124244754;10103001;2026-09-17 07:30;2026-09-11 03:00:48
124244754;10103001;2026-09-17 10:15;2026-09-11 03:00:48
124244754;10000740;2026-09-11 13:30;2026-09-11 03:00:48
124244754;10000740;2026-09-11 13:45;2026-09-11 03:00:48
124244754;10000740;2026-09-11 14:00;2026-09-11 03:00:48
124244754;10000740;2026-09-11 14:15;2026-09-11 03:00:48
124244754;10000740;2026-09-11 14:30;2026-09-11 03:00:48
124244754;10000740;2026-09-11 14:45;2026-09-11 03:00:48
124244754;10000740;2026-09-14 09:00;2026-09-11 03:00:48
124244754;10000740;2026-09-14 09:15;2026-09-11 03:00:48
124244754;10000740;2026-09-14 09:30;2026-09-11 03:00:48
124244754;10000740;2026-09-14 09:45;2026-09-11 03:00:48
124244754;10000740;2026-09-14 10:00;2026-09-11 03:00:48
124244754;10000740;2026-09-14 10:15;2026-09-11 03:00:48
124244754;10000740;2026-09-15 13:30;2026-09-11 03:00:48
124244754;10000740;2026-09-15 13:45;2026-09-11 03:00:48
124244754;10000740;2026-09-15 14:00;2026-09-11 03:00:48
124244754;10000740;2026-09-15 14:15;2026-09-11 03:00:48
124244754;10000740;2026-09-15 14:30;2026-09-11 03:00:48
124244754;10000740;2026-09-15 14:45;2026-09-11 03:00:48
124244754;10000740;2026-09-16 09:00;2026-09-11 03:00:48
124244754;10000740;2026-09-16 09:15;2026-09-11 03:00:48
124244754;10000740;2026-09-16 09:30;2026-09-11 03:00:48
124244754;10000740;2026-09-16 09:45;2026-09-11 03:00:48
124244754;10000740;2026-09-16 10:00;2026-09-11 03:00:48
124244754;10000740;2026-09-16 10:15;2026-09-11 03:00:48
124244754;10000740;2026-09-17 13:30;2026-09-11 03:00:48
124244754;10000740;2026-09-17 13:45;2026-09-11 03:00:48
124244754;10000740;2026-09-17 14:00;2026-09-11 03:00:48
124244754;10000740;2026-09-17 14:15;2026-09-11 03:00:48
124244754;10000740;2026-09-17 14:30;2026-09-11 03:00:48
124244754;10000740;2026-09-18 09:00;2026-09-11 03:00:48
124244754;10000740;2026-09-18 09:15;2026-09-11 03:00:48
124244754;10000740;2026-09-18 09:30;2026-09-11 03:00:48
124244754;10000740;2026-09-18 09:45;2026-09-11 03:00:48
124244754;10000740;2026-09-18 10:00;2026-09-11 03:00:48
124244754;10000740;2026-09-18 10:15;2026-09-11 03:00:48
124244754;10000740;2026-09-21 13:30;2026-09-11 03:00:48
124244754;10000740;2026-09-21 13:45;2026-09-11 03:00:48
124244754;10000740;2026-09-21 14:00;2026-09-11 03:00:48
124244754;10000740;2026-09-21 14:15;2026-09-11 03:00:48
124244754;10000740;2026-09-21 14:30;2026-09-11 03:00:48
124244754;10000740;2026-09-21 14:45;2026-09-11 03:00:48
124244754;10000740;2026-09-22 09:00;2026-09-11 03:00:48
124244754;10000740;2026-09-22 09:15;2026-09-11 03:00:48
124244754;10000740;2026-09-22 09:30;2026-09-11 03:00:48
124244754;10000740;2026-09-22 09:45;2026-09-11 03:00:48
124244754;10000740;2026-09-22 10:00;2026-09-11 03:00:48
124244754;10000740;2026-09-22 10:15;2026-09-11 03:00:48
124244754;10000740;2026-09-23 13:30;2026-09-11 03:00:48
124244754;10000740;2026-09-23 13:45;2026-09-11 03:00:48
124244754;10000740;2026-09-23 14:00;2026-09-11 03:00:48
124244754;10000740;2026-09-23 14:15;2026-09-11 03:00:48
124244754;10000740;2026-09-23 14:30;2026-09-11 03:00:48
124244754;10000740;2026-09-23 14:45;2026-09-11 03:00:48
124244754;10000740;2026-09-24 09:00;2026-09-11 03:00:48
124244754;10000740;2026-09-24 09:15;2026-09-11 03:00:48
124244754;10000740;2026-09-24 09:30;2026-09-11 03:00:48
124244754;10000740;2026-09-24 09:45;2026-09-11 03:00:48
124244754;10000740;2026-09-24 10:00;2026-09-11 03:00:48
124244754;10000740;2026-09-24 10:15;2026-09-11 03:00:48
124244754;10000740;2026-09-28 09:00;2026-09-11 03:00:48
124244754;10000740;2026-09-28 09:15;2026-09-11 03:00:48
124244754;10000740;2026-09-28 09:30;2026-09-11 03:00:48
124244754;10000740;2026-09-28 09:45;2026-09-11 03:00:48
124244754;10000740;2026-09-28 10:00;2026-09-11 03:00:48
124244754;10000740;2026-09-28 10:15;2026-09-11 03:00:48
124244754;10000740;2026-09-29 13:30;2026-09-11 03:00:48
124244754;10000740;2026-09-29 13:45;2026-09-11 03:00:48
124244754;10000740;2026-09-29 14:00;2026-09-11 03:00:48
124244754;10000740;2026-09-29 14:15;2026-09-11 03:00:48
124244754;10000740;2026-09-29 14:30;2026-09-11 03:00:48
124244754;10000740;2026-09-29 14:45;2026-09-11 03:00:48
124244754;10000740;2026-09-30 09:00;2026-09-11 03:00:48
124244754;10000740;2026-09-30 09:15;2026-09-11 03:00:48
124244754;10000740;2026-09-30 09:30;2026-09-11 03:00:48
124244754;10000740;2026-09-30 09:45;2026-09-11 03:00:48
124244754;10000740;2026-09-30 10:00;2026-09-11 03:00:48
124244754;10000740;2026-09-30 10:15;2026-09-11 03:00:48
124244754;10000740;2026-09-30 11:15;2026-09-11 03:00:48
124244754;10000740;2026-09-30 11:30;2026-09-11 03:00:48
124244754;10000740;2026-09-30 11:45;2026-09-11 03:00:48
124244754;10000740;2026-09-30 12:15;2026-09-11 03:00:48
124244754;10000740;2026-09-30 12:30;2026-09-11 03:00:48
124244754;10000740;2026-10-01 13:30;2026-09-11 03:00:48
124244754;10000740;2026-10-01 13:45;2026-09-11 03:00:48
124244754;10000740;2026-10-01 14:00;2026-09-11 03:00:48
124244754;10000740;2026-10-01 14:15;2026-09-11 03:00:48
124244754;10000740;2026-10-01 14:30;2026-09-11 03:00:48
124244754;10000740;2026-10-01 14:45;2026-09-11 03:00:48
124244754;10000740;2026-10-05 13:30;2026-09-11 03:00:48
124244754;10000740;2026-10-05 13:45;2026-09-11 03:00:48
124244754;10000740;2026-10-05 14:00;2026-09-11 03:00:48
124244754;10000740;2026-10-05 14:15;2026-09-11 03:00:48
124244754;10000740;2026-10-05 14:30;2026-09-11 03:00:48
124244754;10000740;2026-10-05 14:45;2026-09-11 03:00:48
124244754;10000740;2026-10-05 15:00;2026-09-11 03:00:48
124244754;10000740;2026-10-05 15:15;2026-09-11 03:00:48
124244754;10000740;2026-10-05 17:30;2026-09-11 03:00:48
124244754;10000740;2026-10-05 17:45;2026-09-11 03:00:48
124244754;10000740;2026-10-05 18:30;2026-09-11 03:00:48
124244754;10000740;2026-10-05 18:45;2026-09-11 03:00:48
124244754;10000740;2026-10-06 07:30;2026-09-11 03:00:48
124244754;10000740;2026-10-06 07:45;2026-09-11 03:00:48
124244754;10000740;2026-10-06 08:00;2026-09-11 03:00:48
124244754;10000740;2026-10-06 08:15;2026-09-11 03:00:48
124244754;10000740;2026-10-06 08:45;2026-09-11 03:00:48
124244754;10000740;2026-10-06 09:00;2026-09-11 03:00:48
124244754;10000740;2026-10-06 09:15;2026-09-11 03:00:48
124244754;10000740;2026-10-06 09:30;2026-09-11 03:00:48
124244754;10000740;2026-10-06 09:45;2026-09-11 03:00:48
124244754;10000740;2026-10-06 10:00;2026-09-11 03:00:48
124244754;10000740;2026-10-06 10:15;2026-09-11 03:00:48
124244754;10000740;2026-10-06 12:45;2026-09-11 03:00:48
124244754;10000740;2026-10-07 13:30;2026-09-11 03:00:48
124244754;10000740;2026-10-07 13:45;2026-09-11 03:00:48
124244754;10000740;2026-10-07 14:00;2026-09-11 03:00:48
124244754;10000740;2026-10-07 14:15;2026-09-11 03:00:48
124244754;10000740;2026-10-07 14:30;2026-09-11 03:00:48
124244754;10000740;2026-10-07 14:45;2026-09-11 03:00:48
124244754;10000740;2026-10-07 15:00;2026-09-11 03:00:48
124244754;10000740;2026-10-07 15:15;2026-09-11 03:00:48
124244754;10000740;2026-10-07 15:30;2026-09-11 03:00:48
124244754;10000740;2026-10-07 15:45;2026-09-11 03:00:48
124244754;10000740;2026-10-07 17:15;2026-09-11 03:00:48
124244754;10000740;2026-10-07 17:30;2026-09-11 03:00:48
124244754;10000740;2026-10-07 17:45;2026-09-11 03:00:48
124244754;10000740;2026-10-07 18:00;2026-09-11 03:00:48
124244754;10000740;2026-10-07 18:15;2026-09-11 03:00:48
124244754;10000740;2026-10-07 18:30;2026-09-11 03:00:48
124244754;10000740;2026-10-07 18:45;2026-09-11 03:00:48
124244754;10000740;2026-10-07 16:30;2026-09-11 03:00:48
124244754;10000740;2026-10-07 16:45;2026-09-11 03:00:48
124244754;10000740;2026-10-08 07:30;2026-09-11 03:00:48
124244754;10000740;2026-10-08 07:45;2026-09-11 03:00:48
124244754;10000740;2026-10-08 08:00;2026-09-11 03:00:48
124244754;10000740;2026-10-08 08:15;2026-09-11 03:00:48
124244754;10000740;2026-10-08 08:30;2026-09-11 03:00:48
124244754;10000740;2026-10-08 08:45;2026-09-11 03:00:48
124244754;10000740;2026-10-08 09:00;2026-09-11 03:00:48
124244754;10000740;2026-10-08 09:15;2026-09-11 03:00:48
124244754;10000740;2026-10-08 09:30;2026-09-11 03:00:48
124244754;10000740;2026-10-08 09:45;2026-09-11 03:00:48
124244754;10000740;2026-10-08 10:00;2026-09-11 03:00:48
124244754;10000740;2026-10-08 10:15;2026-09-11 03:00:48
124244754;10000740;2026-10-08 11:00;2026-09-11 03:00:48
124244754;10000740;2026-10-08 11:15;2026-09-11 03:00:48
124244754;10000740;2026-10-08 11:30;2026-09-11 03:00:48
124244754;10000740;2026-10-08 11:45;2026-09-11 03:00:48
124244754;10000740;2026-10-08 12:00;2026-09-11 03:00:48
124244754;10000740;2026-10-08 12:15;2026-09-11 03:00:48
124244754;10000740;2026-10-08 12:30;2026-09-11 03:00:48
124244754;10000740;2026-10-08 12:45;2026-09-11 03:00:48
124244754;10000740;2026-10-09 13:30;2026-09-11 03:00:48
124244754;10000740;2026-10-09 13:45;2026-09-11 03:00:48
124244754;10000740;2026-10-09 14:00;2026-09-11 03:00:48
124244754;10000740;2026-10-09 14:15;2026-09-11 03:00:48
124244754;10000740;2026-10-09 14:30;2026-09-11 03:00:48
124244754;10000740;2026-10-09 14:45;2026-09-11 03:00:48
124244754;10000740;2026-10-09 15:00;2026-09-11 03:00:48
124244754;10000740;2026-10-09 15:15;2026-09-11 03:00:48
124244754;10000740;2026-10-09 15:30;2026-09-11 03:00:48
124244754;10000740;2026-10-09 15:45;2026-09-11 03:00:48
124244754;10000740;2026-10-09 17:15;2026-09-11 03:00:48
124244754;10000740;2026-10-09 17:30;2026-09-11 03:00:48
124244754;10000740;2026-10-09 17:45;2026-09-11 03:00:48
124244754;10000740;2026-10-09 18:00;2026-09-11 03:00:48
124244754;10000740;2026-10-09 18:15;2026-09-11 03:00:48
124244754;10000740;2026-10-09 18:30;2026-09-11 03:00:48
124244754;10000740;2026-10-09 16:30;2026-09-11 03:00:48
124244754;10000740;2026-10-09 16:45;2026-09-11 03:00:48
124244754;10000740;2026-10-05 18:15;2026-09-11 03:00:48
124244754;10000101;2026-09-28 07:30;2026-09-11 03:00:48
124244754;10000101;2026-09-28 07:45;2026-09-11 03:00:48
124244754;10000101;2026-09-28 08:00;2026-09-11 03:00:48
124244754;10000101;2026-09-28 08:15;2026-09-11 03:00:48
124244754;10000101;2026-09-28 08:30;2026-09-11 03:00:48
124244754;10000101;2026-09-28 08:45;2026-09-11 03:00:48
124244754;10000101;2026-09-28 09:00;2026-09-11 03:00:48
124244754;10000101;2026-09-28 09:15;2026-09-11 03:00:48
124244754;10000101;2026-09-28 09:30;2026-09-11 03:00:48
124244754;10000101;2026-09-28 09:45;2026-09-11 03:00:48
124244754;10000101;2026-09-28 10:00;2026-09-11 03:00:48
124244754;10000101;2026-09-28 10:15;2026-09-11 03:00:48
124244754;10000101;2026-09-28 11:00;2026-09-11 03:00:48
124244754;10000101;2026-09-28 11:15;2026-09-11 03:00:48
124244754;10000101;2026-09-28 11:30;2026-09-11 03:00:48
124244754;10000101;2026-09-28 11:45;2026-09-11 03:00:48
124244754;10000101;2026-09-28 12:00;2026-09-11 03:00:48
124244754;10000101;2026-09-28 12:15;2026-09-11 03:00:48
124244754;10000101;2026-09-28 12:30;2026-09-11 03:00:48
124244754;10000101;2026-09-28 12:45;2026-09-11 03:00:48
124244754;10000101;2026-09-30 07:30;2026-09-11 03:00:48
124244754;10000101;2026-09-30 07:45;2026-09-11 03:00:48
124244754;10000101;2026-09-30 08:00;2026-09-11 03:00:48
124244754;10000101;2026-09-30 08:15;2026-09-11 03:00:48
124244754;10000101;2026-09-30 08:30;2026-09-11 03:00:48
124244754;10000101;2026-09-30 08:45;2026-09-11 03:00:48
124244754;10000101;2026-09-30 09:00;2026-09-11 03:00:48
124244754;10000101;2026-09-30 09:15;2026-09-11 03:00:48
124244754;10000101;2026-09-30 09:30;2026-09-11 03:00:48
124244754;10000101;2026-09-30 10:00;2026-09-11 03:00:48
124244754;10000101;2026-09-30 10:15;2026-09-11 03:00:48
124244754;10000101;2026-09-30 11:00;2026-09-11 03:00:48
124244754;10000101;2026-09-30 11:30;2026-09-11 03:00:48
124244754;10000101;2026-09-30 11:45;2026-09-11 03:00:48
124244754;10000101;2026-09-30 12:00;2026-09-11 03:00:48
124244754;10000101;2026-09-30 12:15;2026-09-11 03:00:48
124244754;10000101;2026-09-30 12:30;2026-09-11 03:00:48
124244754;10000101;2026-09-30 12:45;2026-09-11 03:00:48
124244754;10000101;2026-10-01 13:30;2026-09-11 03:00:48
124244754;10000101;2026-10-01 13:45;2026-09-11 03:00:48
124244754;10000101;2026-10-01 14:00;2026-09-11 03:00:48
124244754;10000101;2026-10-01 14:15;2026-09-11 03:00:48
124244754;10000101;2026-10-01 14:30;2026-09-11 03:00:48
124244754;10000101;2026-10-01 15:00;2026-09-11 03:00:48
124244754;10000101;2026-10-01 15:15;2026-09-11 03:00:48
124244754;10000101;2026-10-01 15:30;2026-09-11 03:00:48
124244754;10000101;2026-10-01 15:45;2026-09-11 03:00:48
124244754;10000101;2026-10-01 16:45;2026-09-11 03:00:48
124244754;10000101;2026-10-01 17:00;2026-09-11 03:00:48
124244754;10000101;2026-10-01 17:30;2026-09-11 03:00:48
124244754;10000101;2026-10-01 18:00;2026-09-11 03:00:48
124244754;10000101;2026-10-01 18:15;2026-09-11 03:00:48
124244754;10000101;2026-10-01 18:30;2026-09-11 03:00:48
124244754;10000101;2026-10-01 18:45;2026-09-11 03:00:48
124244754;10000101;2026-10-02 07:30;2026-09-11 03:00:48
124244754;10000101;2026-10-02 07:45;2026-09-11 03:00:48
124244754;10000101;2026-10-02 08:00;2026-09-11 03:00:48
124244754;10000101;2026-10-02 08:15;2026-09-11 03:00:48
124244754;10000101;2026-10-02 08:30;2026-09-11 03:00:48
124244754;10000101;2026-10-02 08:45;2026-09-11 03:00:48
124244754;10000101;2026-10-02 09:00;2026-09-11 03:00:48
124244754;10000101;2026-10-02 09:15;2026-09-11 03:00:48
124244754;10000101;2026-10-02 09:30;2026-09-11 03:00:48
124244754;10000101;2026-10-02 10:15;2026-09-11 03:00:48
124244754;10000101;2026-10-02 11:15;2026-09-11 03:00:48
124244754;10000101;2026-10-02 11:30;2026-09-11 03:00:48
124244754;10000101;2026-10-02 11:45;2026-09-11 03:00:48
124244754;10000101;2026-10-02 12:00;2026-09-11 03:00:48
124244754;10000101;2026-10-02 12:15;2026-09-11 03:00:48
124244754;10000101;2026-10-02 12:30;2026-09-11 03:00:48
124244754;10000101;2026-10-02 12:45;2026-09-11 03:00:48
124244754;10000101;2026-09-21 13:30;2026-09-11 03:00:48
124244754;10000101;2026-09-21 13:45;2026-09-11 03:00:48
124244754;10000101;2026-09-21 14:00;2026-09-11 03:00:48
124244754;10000101;2026-09-21 14:15;2026-09-11 03:00:48
124244754;10000101;2026-09-21 14:30;2026-09-11 03:00:48
124244754;10000101;2026-09-21 14:45;2026-09-11 03:00:48
124244754;10000101;2026-09-21 15:00;2026-09-11 03:00:48
124244754;10000101;2026-09-21 15:15;2026-09-11 03:00:48
124244754;10000101;2026-09-21 15:45;2026-09-11 03:00:48
124244754;10000101;2026-09-21 16:30;2026-09-11 03:00:48
124244754;10000101;2026-09-21 16:45;2026-09-11 03:00:48
124244754;10000101;2026-09-21 17:00;2026-09-11 03:00:48
124244754;10000101;2026-09-21 17:15;2026-09-11 03:00:48
124244754;10000101;2026-09-21 18:00;2026-09-11 03:00:48
124244754;10000101;2026-09-21 18:15;2026-09-11 03:00:48
124244754;10000101;2026-09-22 07:30;2026-09-11 03:00:48
124244754;10000101;2026-09-22 07:45;2026-09-11 03:00:48
124244754;10000101;2026-09-22 08:00;2026-09-11 03:00:48
124244754;10000101;2026-09-22 08:15;2026-09-11 03:00:48
124244754;10000101;2026-09-22 08:30;2026-09-11 03:00:48
124244754;10000101;2026-09-22 08:45;2026-09-11 03:00:48
124244754;10000101;2026-09-22 09:00;2026-09-11 03:00:48
124244754;10000101;2026-09-22 09:15;2026-09-11 03:00:48
124244754;10000101;2026-09-22 09:30;2026-09-11 03:00:48
124244754;10000101;2026-09-22 09:45;2026-09-11 03:00:48
124244754;10000101;2026-09-22 10:00;2026-09-11 03:00:48
124244754;10000101;2026-09-22 10:15;2026-09-11 03:00:48
124244754;10000101;2026-09-22 11:00;2026-09-11 03:00:48
124244754;10000101;2026-09-22 11:15;2026-09-11 03:00:48
124244754;10000101;2026-09-22 11:30;2026-09-11 03:00:48
124244754;10000101;2026-09-22 11:45;2026-09-11 03:00:48
124244754;10000101;2026-09-22 12:00;2026-09-11 03:00:48
124244754;10000101;2026-09-22 12:15;2026-09-11 03:00:48
124244754;10000101;2026-09-22 12:30;2026-09-11 03:00:48
124244754;10000101;2026-09-22 12:45;2026-09-11 03:00:48
124244754;10000101;2026-09-24 07:30;2026-09-11 03:00:48
124244754;10000101;2026-09-24 07:45;2026-09-11 03:00:48
124244754;10000101;2026-09-24 08:00;2026-09-11 03:00:48
124244754;10000101;2026-09-24 08:15;2026-09-11 03:00:48
124244754;10000101;2026-09-24 08:30;2026-09-11 03:00:48
124244754;10000101;2026-09-24 08:45;2026-09-11 03:00:48
124244754;10000101;2026-09-24 09:00;2026-09-11 03:00:48
124244754;10000101;2026-09-24 09:15;2026-09-11 03:00:48
124244754;10000101;2026-09-24 09:30;2026-09-11 03:00:48
124244754;10000101;2026-09-24 09:45;2026-09-11 03:00:48
124244754;10000101;2026-09-24 10:00;2026-09-11 03:00:48
124244754;10000101;2026-09-24 10:15;2026-09-11 03:00:48
124244754;10000101;2026-09-24 11:00;2026-09-11 03:00:48
124244754;10000101;2026-09-24 11:15;2026-09-11 03:00:48
124244754;10000101;2026-09-24 11:30;2026-09-11 03:00:48
124244754;10000101;2026-09-24 11:45;2026-09-11 03:00:48
124244754;10000101;2026-09-24 12:00;2026-09-11 03:00:48
124244754;10000101;2026-09-24 12:15;2026-09-11 03:00:48
124244754;10000101;2026-09-24 12:30;2026-09-11 03:00:48
124244754;10000101;2026-09-24 12:45;2026-09-11 03:00:48
124244754;10000101;2026-09-25 13:30;2026-09-11 03:00:48
124244754;10000101;2026-09-25 13:45;2026-09-11 03:00:48
124244754;10000101;2026-09-25 14:00;2026-09-11 03:00:48
124244754;10000101;2026-09-25 14:15;2026-09-11 03:00:48
124244754;10000101;2026-09-25 14:30;2026-09-11 03:00:48
124244754;10000101;2026-09-25 14:45;2026-09-11 03:00:48
124244754;10000101;2026-09-25 15:00;2026-09-11 03:00:48
124244754;10000101;2026-09-25 15:30;2026-09-11 03:00:48
124244754;10000101;2026-09-25 15:45;2026-09-11 03:00:48
124244754;10000101;2026-09-25 16:45;2026-09-11 03:00:48
124244754;10000101;2026-09-25 17:00;2026-09-11 03:00:48
124244754;10000101;2026-09-25 17:15;2026-09-11 03:00:48
124244754;10000101;2026-09-25 18:00;2026-09-11 03:00:48
124244754;10000101;2026-09-25 18:15;2026-09-11 03:00:48
124244754;10000101;2026-09-15 13:30;2026-09-11 03:00:48
124244754;10000101;2026-09-15 13:45;2026-09-11 03:00:48
124244754;10000101;2026-09-15 14:00;2026-09-11 03:00:48
124244754;10000101;2026-09-15 14:15;2026-09-11 03:00:48
124244754;10000101;2026-09-15 14:30;2026-09-11 03:00:48
124244754;10000101;2026-09-15 18:00;2026-09-11 03:00:48
124244754;10000101;2026-09-15 18:15;2026-09-11 03:00:48
124244754;10000101;2026-09-16 08:30;2026-09-11 03:00:48
124244754;10000101;2026-09-16 08:45;2026-09-11 03:00:48
124244754;10000101;2026-09-16 09:00;2026-09-11 03:00:48
124244754;10000101;2026-09-16 09:15;2026-09-11 03:00:48
124244754;10000101;2026-09-16 09:30;2026-09-11 03:00:48
124244754;10000101;2026-09-16 11:30;2026-09-11 03:00:48
124244754;10000101;2026-09-16 11:45;2026-09-11 03:00:48
124244754;10000101;2026-09-16 12:15;2026-09-11 03:00:48
124244754;10000101;2026-09-16 12:45;2026-09-11 03:00:48
124244754;10000101;2026-09-17 13:30;2026-09-11 03:00:48
124244754;10000101;2026-09-17 13:45;2026-09-11 03:00:48
124244754;10000101;2026-09-17 14:00;2026-09-11 03:00:48
124244754;10000101;2026-09-17 14:15;2026-09-11 03:00:48
124244754;10000101;2026-09-17 14:30;2026-09-11 03:00:48
124244754;10000101;2026-09-17 18:00;2026-09-11 03:00:48
124244754;10000101;2026-09-17 18:15;2026-09-11 03:00:48
124244754;10000101;2026-09-18 08:00;2026-09-11 03:00:48
124244754;10000101;2026-09-18 08:15;2026-09-11 03:00:48
124244754;10000101;2026-09-18 08:30;2026-09-11 03:00:48
124244754;10000101;2026-09-18 08:45;2026-09-11 03:00:48
124244754;10000101;2026-09-18 09:00;2026-09-11 03:00:48
124244754;10000101;2026-09-18 09:15;2026-09-11 03:00:48
124244754;10000101;2026-09-18 09:30;2026-09-11 03:00:48
124244754;10000101;2026-09-18 10:00;2026-09-11 03:00:48
124244754;10000101;2026-09-18 10:15;2026-09-11 03:00:48
124244754;10000101;2026-09-18 11:00;2026-09-11 03:00:48
124244754;10000101;2026-09-18 11:30;2026-09-11 03:00:48
124244754;10000101;2026-09-18 11:45;2026-09-11 03:00:48
124244754;10000101;2026-09-18 12:30;2026-09-11 03:00:48
124244754;10000101;2026-09-18 12:45;2026-09-11 03:00:48
124244754;10000101;2026-09-11 13:30;2026-09-11 03:00:48
124244754;10000101;2026-09-11 13:45;2026-09-11 03:00:48
124244754;10000101;2026-09-11 14:00;2026-09-11 03:00:48
124244754;10000101;2026-09-11 14:15;2026-09-11 03:00:48
124244754;10000101;2026-09-11 14:30;2026-09-11 03:00:48
124244754;10000101;2026-09-11 18:00;2026-09-11 03:00:48
124244754;10000101;2026-09-11 18:15;2026-09-11 03:00:48
124244754;10000101;2026-10-05 13:30;2026-09-11 03:00:48
124244754;10000101;2026-10-05 13:45;2026-09-11 03:00:48
124244754;10000101;2026-10-05 14:00;2026-09-11 03:00:48
124244754;10000101;2026-10-05 14:15;2026-09-11 03:00:48
124244754;10000101;2026-10-05 14:30;2026-09-11 03:00:48
124244754;10000101;2026-10-05 14:45;2026-09-11 03:00:48
124244754;10000101;2026-10-05 15:00;2026-09-11 03:00:48
124244754;10000101;2026-10-05 15:15;2026-09-11 03:00:48
124244754;10000101;2026-10-05 15:30;2026-09-11 03:00:48
124244754;10000101;2026-10-05 15:45;2026-09-11 03:00:48
124244754;10000101;2026-10-05 16:30;2026-09-11 03:00:48
124244754;10000101;2026-10-05 16:45;2026-09-11 03:00:48
124244754;10000101;2026-10-05 17:00;2026-09-11 03:00:48
124244754;10000101;2026-10-05 17:15;2026-09-11 03:00:48
124244754;10000101;2026-10-05 17:30;2026-09-11 03:00:48
124244754;10000101;2026-10-05 17:45;2026-09-11 03:00:48
124244754;10000101;2026-10-05 18:00;2026-09-11 03:00:48
124244754;10000101;2026-10-05 18:15;2026-09-11 03:00:48
124244754;10000101;2026-10-05 18:30;2026-09-11 03:00:48
124244754;10000101;2026-10-05 18:45;2026-09-11 03:00:48
124244754;10000101;2026-10-06 07:30;2026-09-11 03:00:48
124244754;10000101;2026-10-06 07:45;2026-09-11 03:00:48
124244754;10000101;2026-10-06 08:00;2026-09-11 03:00:48
124244754;10000101;2026-10-06 08:15;2026-09-11 03:00:48
124244754;10000101;2026-10-06 08:30;2026-09-11 03:00:48
124244754;10000101;2026-10-06 08:45;2026-09-11 03:00:48
124244754;10000101;2026-10-06 09:00;2026-09-11 03:00:48
124244754;10000101;2026-10-06 09:15;2026-09-11 03:00:48
124244754;10000101;2026-10-06 09:30;2026-09-11 03:00:48
124244754;10000101;2026-10-06 10:00;2026-09-11 03:00:48
124244754;10000101;2026-10-06 10:15;2026-09-11 03:00:48
124244754;10000101;2026-10-06 11:00;2026-09-11 03:00:48
124244754;10000101;2026-10-06 11:15;2026-09-11 03:00:48
124244754;10000101;2026-10-06 11:30;2026-09-11 03:00:48
124244754;10000101;2026-10-06 11:45;2026-09-11 03:00:48
124244754;10000101;2026-10-06 12:15;2026-09-11 03:00:48
124244754;10000101;2026-10-06 12:30;2026-09-11 03:00:48
124244754;10000101;2026-10-06 12:45;2026-09-11 03:00:48
124244754;10000101;2026-10-07 13:30;2026-09-11 03:00:48
124244754;10000101;2026-10-07 13:45;2026-09-11 03:00:48
124244754;10000101;2026-10-07 14:00;2026-09-11 03:00:48
124244754;10000101;2026-10-07 14:15;2026-09-11 03:00:48
124244754;10000101;2026-10-07 14:30;2026-09-11 03:00:48
124244754;10000101;2026-10-07 14:45;2026-09-11 03:00:48
124244754;10000101;2026-10-07 15:00;2026-09-11 03:00:48
124244754;10000101;2026-10-07 15:15;2026-09-11 03:00:48
124244754;10000101;2026-10-07 15:30;2026-09-11 03:00:48
124244754;10000101;2026-10-07 15:45;2026-09-11 03:00:48
124244754;10000101;2026-10-07 16:30;2026-09-11 03:00:48
124244754;10000101;2026-10-07 16:45;2026-09-11 03:00:48
124244754;10000101;2026-10-07 17:00;2026-09-11 03:00:48
124244754;10000101;2026-10-07 17:15;2026-09-11 03:00:48
124244754;10000101;2026-10-07 17:30;2026-09-11 03:00:48
124244754;10000101;2026-10-07 17:45;2026-09-11 03:00:48
124244754;10000101;2026-10-07 18:00;2026-09-11 03:00:48
124244754;10000101;2026-10-07 18:15;2026-09-11 03:00:48
124244754;10000101;2026-10-07 18:30;2026-09-11 03:00:48
124244754;10000101;2026-10-07 18:45;2026-09-11 03:00:48
124244754;10000101;2026-10-08 07:30;2026-09-11 03:00:48
124244754;10000101;2026-10-08 07:45;2026-09-11 03:00:48
124244754;10000101;2026-10-08 08:00;2026-09-11 03:00:48
124244754;10000101;2026-10-08 08:15;2026-09-11 03:00:48
124244754;10000101;2026-10-08 08:30;2026-09-11 03:00:48
124244754;10000101;2026-10-08 08:45;2026-09-11 03:00:48
124244754;10000101;2026-10-08 09:00;2026-09-11 03:00:48
124244754;10000101;2026-10-08 09:15;2026-09-11 03:00:48
124244754;10000101;2026-10-08 09:30;2026-09-11 03:00:48
124244754;10000101;2026-10-08 10:00;2026-09-11 03:00:48
124244754;10000101;2026-10-08 10:15;2026-09-11 03:00:48
124244754;10000101;2026-10-08 11:00;2026-09-11 03:00:48
124244754;10000101;2026-10-08 11:15;2026-09-11 03:00:48
124244754;10000101;2026-10-08 11:30;2026-09-11 03:00:48
124244754;10000101;2026-10-08 11:45;2026-09-11 03:00:48
124244754;10000101;2026-10-08 12:00;2026-09-11 03:00:48
124244754;10000101;2026-10-08 12:15;2026-09-11 03:00:48
124244754;10000101;2026-10-08 12:30;2026-09-11 03:00:48
124244754;10000101;2026-10-08 12:45;2026-09-11 03:00:48
124244754;10000101;2026-10-09 13:30;2026-09-11 03:00:48
124244754;10000101;2026-10-09 13:45;2026-09-11 03:00:48
124244754;10000101;2026-10-09 14:00;2026-09-11 03:00:48
124244754;10000101;2026-10-09 14:15;2026-09-11 03:00:48
124244754;10000101;2026-10-09 14:30;2026-09-11 03:00:48
124244754;10000101;2026-10-09 14:45;2026-09-11 03:00:48
124244754;10000101;2026-10-09 15:00;2026-09-11 03:00:48
124244754;10000101;2026-10-09 15:15;2026-09-11 03:00:48
124244754;10000101;2026-10-09 15:30;2026-09-11 03:00:48
124244754;10000101;2026-10-09 15:45;2026-09-11 03:00:48
124244754;10000101;2026-10-09 16:30;2026-09-11 03:00:48
124244754;10000101;2026-10-09 16:45;2026-09-11 03:00:48
124244754;10000101;2026-10-09 17:00;2026-09-11 03:00:48
124244754;10000101;2026-10-09 17:15;2026-09-11 03:00:48
124244754;10000101;2026-10-09 17:30;2026-09-11 03:00:48
124244754;10000101;2026-10-09 17:45;2026-09-11 03:00:48
124244754;10000101;2026-10-09 18:00;2026-09-11 03:00:48
124244754;10000101;2026-10-09 18:15;2026-09-11 03:00:48
124244754;10000101;2026-10-09 18:30;2026-09-11 03:00:48
124244754;10000101;2026-10-09 18:45;2026-09-11 03:00:48
124244754;10000101;2026-09-30 09:45;2026-09-11 03:00:48
124244754;10000101;2026-09-14 13:30;2026-09-11 03:00:48
124244754;10000101;2026-09-14 13:45;2026-09-11 03:00:48
124244754;10000101;2026-09-14 14:00;2026-09-11 03:00:48
124244754;10000101;2026-09-14 14:15;2026-09-11 03:00:48
124244754;10000101;2026-09-14 14:30;2026-09-11 03:00:48
124244754;10000101;2026-09-14 18:00;2026-09-11 03:00:48
124244754;10000101;2026-09-14 18:15;2026-09-11 03:00:48
124244754;10000101;2026-09-29 07:30;2026-09-11 03:00:48
124244754;10000101;2026-09-29 07:45;2026-09-11 03:00:48
124244754;10000101;2026-09-29 08:00;2026-09-11 03:00:48
124244754;10000101;2026-09-29 08:15;2026-09-11 03:00:48
124244754;10000101;2026-09-29 08:30;2026-09-11 03:00:48
124244754;10000101;2026-09-29 08:45;2026-09-11 03:00:48
124244754;10000101;2026-09-29 09:00;2026-09-11 03:00:48
124244754;10000101;2026-09-29 09:15;2026-09-11 03:00:48
124244754;10000101;2026-09-29 09:30;2026-09-11 03:00:48
124244754;10000101;2026-09-29 09:45;2026-09-11 03:00:48
124244754;10000101;2026-09-29 10:00;2026-09-11 03:00:48
124244754;10000101;2026-09-29 10:15;2026-09-11 03:00:48
124244754;10000101;2026-09-29 11:00;2026-09-11 03:00:48
124244754;10000101;2026-09-29 11:15;2026-09-11 03:00:48
124244754;10000101;2026-09-29 11:30;2026-09-11 03:00:48
124244754;10000101;2026-09-29 11:45;2026-09-11 03:00:48
124244754;10000101;2026-09-29 12:00;2026-09-11 03:00:48
124244754;10000101;2026-09-29 12:15;2026-09-11 03:00:48
124244754;10000101;2026-09-29 12:30;2026-09-11 03:00:48
124244754;10000101;2026-09-29 12:45;2026-09-11 03:00:48
124244754;10000101;2026-09-23 07:30;2026-09-11 03:00:48
124244754;10000101;2026-09-23 07:45;2026-09-11 03:00:48
124244754;10000101;2026-09-23 08:00;2026-09-11 03:00:48
124244754;10000101;2026-09-23 08:15;2026-09-11 03:00:48
124244754;10000101;2026-09-23 08:30;2026-09-11 03:00:48
124244754;10000101;2026-09-23 08:45;2026-09-11 03:00:48
124244754;10000101;2026-09-23 09:00;2026-09-11 03:00:48
124244754;10000101;2026-09-23 09:15;2026-09-11 03:00:48
124244754;10000101;2026-09-23 09:30;2026-09-11 03:00:48
124244754;10000101;2026-09-23 09:45;2026-09-11 03:00:48
124244754;10000101;2026-09-23 10:00;2026-09-11 03:00:48
124244754;10000101;2026-09-23 10:15;2026-09-11 03:00:48
124244754;10000101;2026-09-23 11:00;2026-09-11 03:00:48
124244754;10000101;2026-09-23 11:15;2026-09-11 03:00:48
124244754;10000101;2026-09-23 11:30;2026-09-11 03:00:48
124244754;10000101;2026-09-23 11:45;2026-09-11 03:00:48
124244754;10000101;2026-09-23 12:00;2026-09-11 03:00:48
124244754;10000101;2026-09-23 12:15;2026-09-11 03:00:48
124244754;10000101;2026-09-23 12:30;2026-09-11 03:00:48
124244754;10000101;2026-09-23 12:45;2026-09-11 03:00:48
124244754;10023400;2026-09-14 14:00;2026-09-11 03:00:48
124244754;10023400;2026-09-14 14:15;2026-09-11 03:00:48
124244754;10023400;2026-09-14 14:30;2026-09-11 03:00:48
124244754;10023400;2026-09-14 14:45;2026-09-11 03:00:48
124244754;10023400;2026-09-14 15:00;2026-09-11 03:00:48
124244754;10023400;2026-09-14 15:15;2026-09-11 03:00:48
124244754;10023400;2026-09-15 09:15;2026-09-11 03:00:48
124244754;10023400;2026-09-15 09:30;2026-09-11 03:00:48
124244754;10023400;2026-09-15 09:45;2026-09-11 03:00:48
124244754;10023400;2026-09-15 10:00;2026-09-11 03:00:48
124244754;10023400;2026-09-15 10:15;2026-09-11 03:00:48
124244754;10023400;2026-09-15 11:00;2026-09-11 03:00:48
124244754;10023400;2026-09-16 13:45;2026-09-11 03:00:48
124244754;10023400;2026-09-16 14:00;2026-09-11 03:00:48
124244754;10023400;2026-09-16 14:15;2026-09-11 03:00:48
124244754;10023400;2026-09-16 14:30;2026-09-11 03:00:48
124244754;10023400;2026-09-16 14:45;2026-09-11 03:00:48
124244754;10023400;2026-09-16 15:00;2026-09-11 03:00:48
124244754;10023400;2026-09-16 15:15;2026-09-11 03:00:48
124244754;10023400;2026-09-17 09:15;2026-09-11 03:00:48
124244754;10023400;2026-09-17 09:30;2026-09-11 03:00:48
124244754;10023400;2026-09-17 09:45;2026-09-11 03:00:48
124244754;10023400;2026-09-17 10:00;2026-09-11 03:00:48
124244754;10023400;2026-09-17 10:15;2026-09-11 03:00:48
124244754;10023400;2026-09-17 11:00;2026-09-11 03:00:48
124244754;10023400;2026-09-18 13:45;2026-09-11 03:00:48
124244754;10023400;2026-09-18 14:00;2026-09-11 03:00:48
124244754;10023400;2026-09-18 14:15;2026-09-11 03:00:48
124244754;10023400;2026-09-18 14:30;2026-09-11 03:00:48
124244754;10023400;2026-09-18 14:45;2026-09-11 03:00:48
124244754;10023400;2026-09-18 15:00;2026-09-11 03:00:48
124244754;10023400;2026-09-18 15:15;2026-09-11 03:00:48
124244754;10023400;2026-09-21 09:00;2026-09-11 03:00:48
124244754;10023400;2026-09-21 09:15;2026-09-11 03:00:48
124244754;10023400;2026-09-21 09:30;2026-09-11 03:00:48
124244754;10023400;2026-09-21 09:45;2026-09-11 03:00:48
124244754;10023400;2026-09-21 10:00;2026-09-11 03:00:48
124244754;10023400;2026-09-21 10:15;2026-09-11 03:00:48
124244754;10023400;2026-09-21 11:00;2026-09-11 03:00:48
124244754;10023400;2026-09-21 11:15;2026-09-11 03:00:48
124244754;10023400;2026-09-23 09:00;2026-09-11 03:00:48
124244754;10023400;2026-09-23 09:15;2026-09-11 03:00:48
124244754;10023400;2026-09-23 09:30;2026-09-11 03:00:48
124244754;10023400;2026-09-23 09:45;2026-09-11 03:00:48
124244754;10023400;2026-09-23 10:00;2026-09-11 03:00:48
124244754;10023400;2026-09-23 10:15;2026-09-11 03:00:48
124244754;10023400;2026-09-23 11:00;2026-09-11 03:00:48
124244754;10023400;2026-09-23 12:15;2026-09-11 03:00:48
124244754;10023400;2026-09-24 13:45;2026-09-11 03:00:48
124244754;10023400;2026-09-24 14:00;2026-09-11 03:00:48
124244754;10023400;2026-09-24 14:15;2026-09-11 03:00:48
124244754;10023400;2026-09-24 14:30;2026-09-11 03:00:48
124244754;10023400;2026-09-24 14:45;2026-09-11 03:00:48
124244754;10023400;2026-09-24 15:00;2026-09-11 03:00:48
124244754;10023400;2026-09-24 16:45;2026-09-11 03:00:48
124244754;10023400;2026-09-25 07:15;2026-09-11 03:00:48
124244754;10023400;2026-09-25 07:30;2026-09-11 03:00:48
124244754;10023400;2026-09-25 07:45;2026-09-11 03:00:48
124244754;10023400;2026-09-25 08:15;2026-09-11 03:00:48
124244754;10023400;2026-09-25 08:30;2026-09-11 03:00:48
124244754;10023400;2026-09-25 08:45;2026-09-11 03:00:48
124244754;10023400;2026-09-25 09:15;2026-09-11 03:00:48
124244754;10023400;2026-09-25 09:30;2026-09-11 03:00:48
124244754;10023400;2026-09-25 09:45;2026-09-11 03:00:48
124244754;10023400;2026-09-25 10:00;2026-09-11 03:00:48
124244754;10023400;2026-09-25 10:15;2026-09-11 03:00:48
124244754;10023400;2026-09-25 11:00;2026-09-11 03:00:48
124244754;10023400;2026-09-25 11:15;2026-09-11 03:00:48
124244754;10023400;2026-09-25 11:45;2026-09-11 03:00:48
124244754;10023400;2026-09-25 12:00;2026-09-11 03:00:48
124244754;10023400;2026-09-25 12:15;2026-09-11 03:00:48
124244754;10023400;2026-09-25 12:30;2026-09-11 03:00:48
124244754;10023400;2026-09-28 13:45;2026-09-11 03:00:48
124244754;10023400;2026-09-28 14:00;2026-09-11 03:00:48
124244754;10023400;2026-09-28 14:15;2026-09-11 03:00:48
124244754;10023400;2026-09-28 14:30;2026-09-11 03:00:48
124244754;10023400;2026-09-28 14:45;2026-09-11 03:00:48
124244754;10023400;2026-09-28 15:00;2026-09-11 03:00:48
124244754;10023400;2026-09-28 15:15;2026-09-11 03:00:48
124244754;10023400;2026-09-28 15:30;2026-09-11 03:00:48
124244754;10023400;2026-09-28 15:45;2026-09-11 03:00:48
124244754;10023400;2026-09-28 17:00;2026-09-11 03:00:48
124244754;10023400;2026-09-28 17:15;2026-09-11 03:00:48
124244754;10023400;2026-09-28 17:30;2026-09-11 03:00:48
124244754;10023400;2026-09-28 17:45;2026-09-11 03:00:48
124244754;10023400;2026-09-28 18:00;2026-09-11 03:00:48
124244754;10023400;2026-09-28 18:15;2026-09-11 03:00:48
124244754;10023400;2026-09-29 07:15;2026-09-11 03:00:48
124244754;10023400;2026-09-29 07:30;2026-09-11 03:00:48
124244754;10023400;2026-09-29 08:00;2026-09-11 03:00:48
124244754;10023400;2026-09-29 08:15;2026-09-11 03:00:48
124244754;10023400;2026-09-29 08:30;2026-09-11 03:00:48
124244754;10023400;2026-09-29 08:45;2026-09-11 03:00:48
124244754;10023400;2026-09-29 09:00;2026-09-11 03:00:48
124244754;10023400;2026-09-29 09:15;2026-09-11 03:00:48
124244754;10023400;2026-09-29 09:30;2026-09-11 03:00:48
124244754;10023400;2026-09-29 09:45;2026-09-11 03:00:48
124244754;10023400;2026-09-29 10:00;2026-09-11 03:00:48
124244754;10023400;2026-09-29 10:15;2026-09-11 03:00:48
124244754;10023400;2026-09-29 11:00;2026-09-11 03:00:48
124244754;10023400;2026-09-29 11:15;2026-09-11 03:00:48
124244754;10023400;2026-09-29 11:30;2026-09-11 03:00:48
124244754;10023400;2026-09-29 11:45;2026-09-11 03:00:48
124244754;10023400;2026-09-29 12:00;2026-09-11 03:00:48
124244754;10023400;2026-09-29 12:15;2026-09-11 03:00:48
124244754;10023400;2026-09-29 12:30;2026-09-11 03:00:48
124244754;10023400;2026-09-30 13:45;2026-09-11 03:00:48
124244754;10023400;2026-09-30 14:00;2026-09-11 03:00:48
124244754;10023400;2026-09-30 14:15;2026-09-11 03:00:48
124244754;10023400;2026-09-30 14:30;2026-09-11 03:00:48
124244754;10023400;2026-09-30 14:45;2026-09-11 03:00:48
124244754;10023400;2026-09-30 15:00;2026-09-11 03:00:48
124244754;10023400;2026-09-30 15:15;2026-09-11 03:00:48
124244754;10023400;2026-09-30 15:30;2026-09-11 03:00:48
124244754;10023400;2026-09-30 17:15;2026-09-11 03:00:48
124244754;10023400;2026-09-30 17:30;2026-09-11 03:00:48
124244754;10023400;2026-09-30 17:45;2026-09-11 03:00:48
124244754;10023400;2026-09-30 18:00;2026-09-11 03:00:48
124244754;10023400;2026-09-30 18:15;2026-09-11 03:00:48
124244754;10023400;2026-09-30 18:30;2026-09-11 03:00:48
124244754;10023400;2026-10-01 07:15;2026-09-11 03:00:48
124244754;10023400;2026-10-01 07:30;2026-09-11 03:00:48
124244754;10023400;2026-10-01 07:45;2026-09-11 03:00:48
124244754;10023400;2026-10-01 08:00;2026-09-11 03:00:48
124244754;10023400;2026-10-01 08:15;2026-09-11 03:00:48
124244754;10023400;2026-10-01 08:45;2026-09-11 03:00:48
124244754;10023400;2026-10-01 09:00;2026-09-11 03:00:48
124244754;10023400;2026-10-01 09:15;2026-09-11 03:00:48
124244754;10023400;2026-10-01 09:30;2026-09-11 03:00:48
124244754;10023400;2026-10-01 09:45;2026-09-11 03:00:48
124244754;10023400;2026-10-01 10:00;2026-09-11 03:00:48
124244754;10023400;2026-10-01 10:15;2026-09-11 03:00:48
124244754;10023400;2026-10-01 11:00;2026-09-11 03:00:48
124244754;10023400;2026-10-01 11:15;2026-09-11 03:00:48
124244754;10023400;2026-10-01 11:30;2026-09-11 03:00:48
124244754;10023400;2026-10-01 11:45;2026-09-11 03:00:48
124244754;10023400;2026-10-01 12:00;2026-09-11 03:00:48
124244754;10023400;2026-10-01 12:15;2026-09-11 03:00:48
124244754;10023400;2026-10-02 13:45;2026-09-11 03:00:48
124244754;10023400;2026-10-02 14:00;2026-09-11 03:00:48
124244754;10023400;2026-10-02 14:15;2026-09-11 03:00:48
124244754;10023400;2026-10-02 14:30;2026-09-11 03:00:48
124244754;10023400;2026-10-02 14:45;2026-09-11 03:00:48
124244754;10023400;2026-10-02 15:00;2026-09-11 03:00:48
124244754;10023400;2026-10-02 15:15;2026-09-11 03:00:48
124244754;10023400;2026-10-02 15:30;2026-09-11 03:00:48
124244754;10023400;2026-10-02 16:45;2026-09-11 03:00:48
124244754;10023400;2026-10-02 16:30;2026-09-11 03:00:48
124244754;10023400;2026-10-02 17:00;2026-09-11 03:00:48
124244754;10023400;2026-10-02 17:15;2026-09-11 03:00:48
124244754;10023400;2026-10-02 17:30;2026-09-11 03:00:48
124244754;10023400;2026-10-02 17:45;2026-09-11 03:00:48
124244754;10023400;2026-10-02 18:00;2026-09-11 03:00:48
124244754;10023400;2026-10-02 18:15;2026-09-11 03:00:48
124244754;10023400;2026-10-05 07:15;2026-09-11 03:00:48
124244754;10023400;2026-10-05 07:30;2026-09-11 03:00:48
124244754;10023400;2026-10-05 07:45;2026-09-11 03:00:48
124244754;10023400;2026-10-05 08:30;2026-09-11 03:00:48
124244754;10023400;2026-10-05 08:45;2026-09-11 03:00:48
124244754;10023400;2026-10-05 09:00;2026-09-11 03:00:48
124244754;10023400;2026-10-05 09:15;2026-09-11 03:00:48
124244754;10023400;2026-10-05 09:30;2026-09-11 03:00:48
124244754;10023400;2026-10-05 09:45;2026-09-11 03:00:48
124244754;10023400;2026-10-05 10:00;2026-09-11 03:00:48
124244754;10023400;2026-10-05 10:15;2026-09-11 03:00:48
124244754;10023400;2026-10-05 11:00;2026-09-11 03:00:48
124244754;10023400;2026-10-05 11:15;2026-09-11 03:00:48
124244754;10023400;2026-10-05 11:30;2026-09-11 03:00:48
124244754;10023400;2026-10-05 11:45;2026-09-11 03:00:48
124244754;10023400;2026-10-05 12:00;2026-09-11 03:00:48
124244754;10023400;2026-10-05 12:15;2026-09-11 03:00:48
124244754;10023400;2026-10-05 12:30;2026-09-11 03:00:48
124244754;10023400;2026-10-06 13:45;2026-09-11 03:00:48
124244754;10023400;2026-10-06 14:00;2026-09-11 03:00:48
124244754;10023400;2026-10-06 14:15;2026-09-11 03:00:48
124244754;10023400;2026-10-06 14:30;2026-09-11 03:00:48
124244754;10023400;2026-10-06 14:45;2026-09-11 03:00:48
124244754;10023400;2026-10-06 15:00;2026-09-11 03:00:48
124244754;10023400;2026-10-06 15:30;2026-09-11 03:00:48
124244754;10023400;2026-10-06 15:45;2026-09-11 03:00:48
124244754;10023400;2026-10-06 16:45;2026-09-11 03:00:48
124244754;10023400;2026-10-06 16:30;2026-09-11 03:00:48
124244754;10023400;2026-10-06 17:00;2026-09-11 03:00:48
124244754;10023400;2026-10-06 17:15;2026-09-11 03:00:48
124244754;10023400;2026-10-06 17:30;2026-09-11 03:00:48
124244754;10023400;2026-10-06 17:45;2026-09-11 03:00:48
124244754;10023400;2026-10-06 18:00;2026-09-11 03:00:48
124244754;10023400;2026-10-06 18:15;2026-09-11 03:00:48
124244754;10023400;2026-10-06 18:30;2026-09-11 03:00:48
124244754;10023400;2026-10-06 18:45;2026-09-11 03:00:48
124244754;10023400;2026-10-06 19:00;2026-09-11 03:00:48
124244754;10023400;2026-10-07 07:15;2026-09-11 03:00:48
124244754;10023400;2026-10-07 07:30;2026-09-11 03:00:48
124244754;10023400;2026-10-07 07:45;2026-09-11 03:00:48
124244754;10023400;2026-10-07 08:00;2026-09-11 03:00:48
124244754;10023400;2026-10-07 08:15;2026-09-11 03:00:48
124244754;10023400;2026-10-07 08:30;2026-09-11 03:00:48
124244754;10023400;2026-10-07 08:45;2026-09-11 03:00:48
124244754;10023400;2026-10-07 09:00;2026-09-11 03:00:48
124244754;10023400;2026-10-07 09:15;2026-09-11 03:00:48
124244754;10023400;2026-10-07 09:30;2026-09-11 03:00:48
124244754;10023400;2026-10-07 09:45;2026-09-11 03:00:48
124244754;10023400;2026-10-07 10:00;2026-09-11 03:00:48
124244754;10023400;2026-10-07 10:15;2026-09-11 03:00:48
124244754;10023400;2026-10-07 11:00;2026-09-11 03:00:48
124244754;10023400;2026-10-07 11:15;2026-09-11 03:00:48
124244754;10023400;2026-10-07 11:30;2026-09-11 03:00:48
124244754;10023400;2026-10-07 11:45;2026-09-11 03:00:48
124244754;10023400;2026-10-07 12:00;2026-09-11 03:00:48
124244754;10023400;2026-10-07 12:15;2026-09-11 03:00:48
124244754;10023400;2026-10-07 12:30;2026-09-11 03:00:48
124244754;10023400;2026-10-08 13:45;2026-09-11 03:00:48
124244754;10023400;2026-10-08 14:00;2026-09-11 03:00:48
124244754;10023400;2026-10-08 14:15;2026-09-11 03:00:48
124244754;10023400;2026-10-08 14:30;2026-09-11 03:00:48
124244754;10023400;2026-10-08 14:45;2026-09-11 03:00:48
124244754;10023400;2026-10-08 15:00;2026-09-11 03:00:48
124244754;10023400;2026-10-08 15:15;2026-09-11 03:00:48
124244754;10023400;2026-10-08 15:30;2026-09-11 03:00:48
124244754;10023400;2026-10-08 15:45;2026-09-11 03:00:48
124244754;10023400;2026-10-08 16:45;2026-09-11 03:00:48
124244754;10023400;2026-10-08 16:30;2026-09-11 03:00:48
124244754;10023400;2026-10-08 17:00;2026-09-11 03:00:48
124244754;10023400;2026-10-08 17:15;2026-09-11 03:00:48
124244754;10023400;2026-10-08 17:30;2026-09-11 03:00:48
124244754;10023400;2026-10-08 17:45;2026-09-11 03:00:48
124244754;10023400;2026-10-08 18:00;2026-09-11 03:00:48
124244754;10023400;2026-10-08 18:15;2026-09-11 03:00:48
124244754;10023400;2026-10-08 18:30;2026-09-11 03:00:48
124244754;10023400;2026-10-08 18:45;2026-09-11 03:00:48
124244754;10023400;2026-10-08 19:00;2026-09-11 03:00:48
124244754;10023400;2026-10-09 07:15;2026-09-11 03:00:48
124244754;10023400;2026-10-09 07:30;2026-09-11 03:00:48
124244754;10023400;2026-10-09 07:45;2026-09-11 03:00:48
124244754;10023400;2026-10-09 08:00;2026-09-11 03:00:48
124244754;10023400;2026-10-09 08:15;2026-09-11 03:00:48
124244754;10023400;2026-10-09 08:30;2026-09-11 03:00:48
124244754;10023400;2026-10-09 08:45;2026-09-11 03:00:48
124244754;10023400;2026-10-09 09:00;2026-09-11 03:00:48
124244754;10023400;2026-10-09 09:15;2026-09-11 03:00:48
124244754;10023400;2026-10-09 09:30;2026-09-11 03:00:48
124244754;10023400;2026-10-09 09:45;2026-09-11 03:00:48
124244754;10023400;2026-10-09 10:00;2026-09-11 03:00:48
124244754;10023400;2026-10-09 10:15;2026-09-11 03:00:48
124244754;10023400;2026-10-09 11:00;2026-09-11 03:00:48
124244754;10023400;2026-10-09 11:15;2026-09-11 03:00:48
124244754;10023400;2026-10-09 11:30;2026-09-11 03:00:48
124244754;10023400;2026-10-09 11:45;2026-09-11 03:00:48
124244754;10023400;2026-10-09 12:00;2026-09-11 03:00:48
124244754;10023400;2026-10-09 12:15;2026-09-11 03:00:48
124244754;10023400;2026-10-09 12:30;2026-09-11 03:00:48
124244754;10023400;2026-09-22 13:45;2026-09-11 03:00:48
124244754;10023400;2026-09-22 14:00;2026-09-11 03:00:48
124244754;10023400;2026-09-22 14:15;2026-09-11 03:00:48
124244754;10023400;2026-09-22 14:30;2026-09-11 03:00:48
124244754;10023400;2026-09-22 14:45;2026-09-11 03:00:48
124244754;10023400;2026-09-22 15:00;2026-09-11 03:00:48
124244754;10023400;2026-09-14 13:45;2026-09-11 03:00:48
124244754;10000836;2026-09-17 14:15;2026-09-11 03:00:48
124244754;10000836;2026-09-17 15:15;2026-09-11 03:00:48
124244754;10000836;2026-09-17 17:15;2026-09-11 03:00:48
124244754;10000836;2026-09-17 17:30;2026-09-11 03:00:48
124244754;10000836;2026-09-17 18:15;2026-09-11 03:00:48
124244754;10000836;2026-09-16 09:45;2026-09-11 03:00:48
124244754;10000836;2026-09-16 10:15;2026-09-11 03:00:48
124244754;10000836;2026-09-16 11:30;2026-09-11 03:00:48
124244754;10000836;2026-09-16 11:45;2026-09-11 03:00:48
124244754;10000836;2026-09-18 09:45;2026-09-11 03:00:48
124244754;10000836;2026-09-18 10:15;2026-09-11 03:00:48
124244754;10000836;2026-09-18 11:30;2026-09-11 03:00:48
124244754;10000836;2026-09-18 11:45;2026-09-11 03:00:48
124244754;10000836;2026-09-18 07:30;2026-09-11 03:00:48
124244754;10000836;2026-09-18 07:45;2026-09-11 03:00:48
124244754;10000836;2026-09-18 08:15;2026-09-11 03:00:48
124244754;10000836;2026-09-18 12:15;2026-09-11 03:00:48
124244754;10000836;2026-09-18 11:15;2026-09-11 03:00:48
124244754;10000836;2026-09-11 15:15;2026-09-11 03:00:48
124244754;10000836;2026-09-11 17:15;2026-09-11 03:00:48
124244754;10000836;2026-09-15 14:15;2026-09-11 03:00:48
124244754;10000836;2026-09-15 15:15;2026-09-11 03:00:48
124244754;10000836;2026-09-15 17:15;2026-09-11 03:00:48
124244754;10000836;2026-09-15 17:30;2026-09-11 03:00:48
124244754;10000836;2026-09-18 09:00;2026-09-11 03:00:48
124244754;10000836;2026-09-11 17:00;2026-09-11 03:00:48
124244754;10004127;2026-09-11 12:30;2026-09-11 03:00:48
124244754;10004127;2026-09-11 12:45;2026-09-11 03:00:48
124244754;10004127;2026-09-14 11:15;2026-09-11 03:00:48
124244754;10004127;2026-09-14 11:30;2026-09-11 03:00:48
124244754;10004127;2026-09-14 11:45;2026-09-11 03:00:48
124244754;10004127;2026-09-14 12:00;2026-09-11 03:00:48
124244754;10004127;2026-09-14 12:15;2026-09-11 03:00:48
124244754;10004127;2026-09-14 12:30;2026-09-11 03:00:48
124244754;10004127;2026-09-14 12:45;2026-09-11 03:00:48
124244754;10004127;2026-09-15 13:30;2026-09-11 03:00:48
124244754;10004127;2026-09-15 13:45;2026-09-11 03:00:48
124244754;10004127;2026-09-15 14:00;2026-09-11 03:00:48
124244754;10004127;2026-09-15 14:15;2026-09-11 03:00:48
124244754;10004127;2026-09-15 14:30;2026-09-11 03:00:48
124244754;10004127;2026-09-15 14:45;2026-09-11 03:00:48
124244754;10004127;2026-09-16 11:45;2026-09-11 03:00:48
124244754;10004127;2026-09-16 12:00;2026-09-11 03:00:48
124244754;10004127;2026-09-16 12:15;2026-09-11 03:00:48
124244754;10004127;2026-09-16 12:30;2026-09-11 03:00:48
124244754;10004127;2026-09-16 12:45;2026-09-11 03:00:48
124244754;10004127;2026-09-17 13:30;2026-09-11 03:00:48
124244754;10004127;2026-09-17 13:45;2026-09-11 03:00:48
124244754;10004127;2026-09-17 14:00;2026-09-11 03:00:48
124244754;10004127;2026-09-17 14:15;2026-09-11 03:00:48
124244754;10004127;2026-09-17 14:30;2026-09-11 03:00:48
124244754;10004127;2026-09-17 14:45;2026-09-11 03:00:48
124244754;10004127;2026-09-18 13:30;2026-09-11 03:00:48
124244754;10004127;2026-09-18 13:45;2026-09-11 03:00:48
124244754;10004127;2026-09-18 14:00;2026-09-11 03:00:48
124244754;10004127;2026-09-18 14:15;2026-09-11 03:00:48
124244754;10004127;2026-09-18 14:30;2026-09-11 03:00:48
124244754;10004127;2026-09-18 14:45;2026-09-11 03:00:48
124244754;10004127;2026-09-21 11:15;2026-09-11 03:00:48
124244754;10004127;2026-09-21 11:30;2026-09-11 03:00:48
124244754;10004127;2026-09-21 11:45;2026-09-11 03:00:48
124244754;10004127;2026-09-21 12:00;2026-09-11 03:00:48
124244754;10004127;2026-09-21 12:15;2026-09-11 03:00:48
124244754;10004127;2026-09-21 12:30;2026-09-11 03:00:48
124244754;10004127;2026-09-21 12:45;2026-09-11 03:00:48
124244754;10004127;2026-09-22 13:30;2026-09-11 03:00:48
124244754;10004127;2026-09-22 13:45;2026-09-11 03:00:48
124244754;10004127;2026-09-22 14:00;2026-09-11 03:00:48
124244754;10004127;2026-09-22 14:15;2026-09-11 03:00:48
124244754;10004127;2026-09-22 14:30;2026-09-11 03:00:48
124244754;10004127;2026-09-22 14:45;2026-09-11 03:00:48
124244754;10004127;2026-09-23 11:45;2026-09-11 03:00:48
124244754;10004127;2026-09-23 12:00;2026-09-11 03:00:48
124244754;10004127;2026-09-23 12:15;2026-09-11 03:00:48
124244754;10004127;2026-09-23 12:30;2026-09-11 03:00:48
124244754;10004127;2026-09-23 12:45;2026-09-11 03:00:48
124244754;10004127;2026-09-25 11:15;2026-09-11 03:00:48
124244754;10004127;2026-09-25 11:45;2026-09-11 03:00:48
124244754;10004127;2026-09-25 12:00;2026-09-11 03:00:48
124244754;10004127;2026-09-25 12:15;2026-09-11 03:00:48
124244754;10004127;2026-09-25 12:30;2026-09-11 03:00:48
124244754;10004127;2026-09-25 12:45;2026-09-11 03:00:48
124244754;10004127;2026-09-29 13:30;2026-09-11 03:00:48
124244754;10004127;2026-09-29 13:45;2026-09-11 03:00:48
124244754;10004127;2026-09-29 14:00;2026-09-11 03:00:48
124244754;10004127;2026-09-29 14:15;2026-09-11 03:00:48
124244754;10004127;2026-09-29 14:30;2026-09-11 03:00:48
124244754;10004127;2026-09-29 14:45;2026-09-11 03:00:48
124244754;10004127;2026-10-01 13:30;2026-09-11 03:00:48
124244754;10004127;2026-10-01 13:45;2026-09-11 03:00:48
124244754;10004127;2026-10-01 14:00;2026-09-11 03:00:48
124244754;10004127;2026-10-01 14:15;2026-09-11 03:00:48
124244754;10004127;2026-10-01 14:30;2026-09-11 03:00:48
124244754;10004127;2026-10-01 14:45;2026-09-11 03:00:48
124244754;10004127;2026-10-01 18:15;2026-09-11 03:00:48
124244754;10004127;2026-10-01 18:45;2026-09-11 03:00:48
124244754;10004127;2026-10-02 13:30;2026-09-11 03:00:48
124244754;10004127;2026-10-02 13:45;2026-09-11 03:00:48
124244754;10004127;2026-10-02 14:00;2026-09-11 03:00:48
124244754;10004127;2026-10-02 14:15;2026-09-11 03:00:48
124244754;10004127;2026-10-02 14:30;2026-09-11 03:00:48
124244754;10004127;2026-10-02 14:45;2026-09-11 03:00:48
124244754;10004127;2026-10-02 15:00;2026-09-11 03:00:48
124244754;10004127;2026-10-02 15:15;2026-09-11 03:00:48
124244754;10004127;2026-10-02 15:30;2026-09-11 03:00:48
124244754;10004127;2026-10-02 15:45;2026-09-11 03:00:48
124244754;10004127;2026-10-02 16:45;2026-09-11 03:00:48
124244754;10004127;2026-10-02 17:00;2026-09-11 03:00:48
124244754;10004127;2026-10-02 17:15;2026-09-11 03:00:48
124244754;10004127;2026-10-02 17:30;2026-09-11 03:00:48
124244754;10004127;2026-10-02 17:45;2026-09-11 03:00:48
124244754;10004127;2026-10-02 18:15;2026-09-11 03:00:48
124244754;10004127;2026-10-02 18:30;2026-09-11 03:00:48
124244754;10004127;2026-10-02 18:45;2026-09-11 03:00:48
124244754;10004127;2026-10-06 13:30;2026-09-11 03:00:48
124244754;10004127;2026-10-06 13:45;2026-09-11 03:00:48
124244754;10004127;2026-10-06 14:00;2026-09-11 03:00:48
124244754;10004127;2026-10-06 14:15;2026-09-11 03:00:48
124244754;10004127;2026-10-06 14:30;2026-09-11 03:00:48
124244754;10004127;2026-10-06 14:45;2026-09-11 03:00:48
124244754;10004127;2026-10-06 15:15;2026-09-11 03:00:48
124244754;10004127;2026-10-06 15:30;2026-09-11 03:00:48
124244754;10004127;2026-10-06 16:30;2026-09-11 03:00:48
124244754;10004127;2026-10-06 16:45;2026-09-11 03:00:48
124244754;10004127;2026-10-06 17:15;2026-09-11 03:00:48
124244754;10004127;2026-10-06 17:30;2026-09-11 03:00:48
124244754;10004127;2026-10-06 17:45;2026-09-11 03:00:48
124244754;10004127;2026-10-06 18:00;2026-09-11 03:00:48
124244754;10004127;2026-10-06 18:15;2026-09-11 03:00:48
124244754;10004127;2026-10-06 18:30;2026-09-11 03:00:48
124244754;10004127;2026-10-06 18:45;2026-09-11 03:00:48
124244754;10004127;2026-09-28 08:45;2026-09-11 03:00:48
124244754;10004127;2026-09-28 09:30;2026-09-11 03:00:48
124244754;10004127;2026-09-28 11:00;2026-09-11 03:00:48
124244754;10004127;2026-09-28 11:15;2026-09-11 03:00:48
124244754;10004127;2026-09-28 11:30;2026-09-11 03:00:48
124244754;10004127;2026-09-28 11:45;2026-09-11 03:00:48
124244754;10004127;2026-09-28 12:00;2026-09-11 03:00:48
124244754;10004127;2026-09-28 12:15;2026-09-11 03:00:48
124244754;10004127;2026-09-28 12:30;2026-09-11 03:00:48
124244754;10004127;2026-09-28 12:45;2026-09-11 03:00:48
124244754;10004127;2026-10-05 08:15;2026-09-11 03:00:48
124244754;10004127;2026-10-05 08:30;2026-09-11 03:00:48
124244754;10004127;2026-10-05 08:45;2026-09-11 03:00:48
124244754;10004127;2026-10-05 09:00;2026-09-11 03:00:48
124244754;10004127;2026-10-05 09:15;2026-09-11 03:00:48
124244754;10004127;2026-10-05 09:30;2026-09-11 03:00:48
124244754;10004127;2026-10-05 09:45;2026-09-11 03:00:48
124244754;10004127;2026-10-05 10:30;2026-09-11 03:00:48
124244754;10004127;2026-10-05 10:45;2026-09-11 03:00:48
124244754;10004127;2026-10-05 11:00;2026-09-11 03:00:48
124244754;10004127;2026-10-05 11:15;2026-09-11 03:00:48
124244754;10004127;2026-10-05 11:30;2026-09-11 03:00:48
124244754;10004127;2026-10-05 11:45;2026-09-11 03:00:48
124244754;10004127;2026-10-05 12:00;2026-09-11 03:00:48
124244754;10004127;2026-10-05 12:15;2026-09-11 03:00:48
124244754;10004127;2026-10-05 12:30;2026-09-11 03:00:48
124244754;10004127;2026-10-05 12:45;2026-09-11 03:00:48
124244754;10004127;2026-10-07 07:45;2026-09-11 03:00:48
124244754;10004127;2026-10-07 08:00;2026-09-11 03:00:48
124244754;10004127;2026-10-07 08:15;2026-09-11 03:00:48
124244754;10004127;2026-10-07 08:30;2026-09-11 03:00:48
124244754;10004127;2026-10-07 08:45;2026-09-11 03:00:48
124244754;10004127;2026-10-07 09:00;2026-09-11 03:00:48
124244754;10004127;2026-10-07 09:15;2026-09-11 03:00:48
124244754;10004127;2026-10-07 09:30;2026-09-11 03:00:48
124244754;10004127;2026-10-07 09:45;2026-09-11 03:00:48
124244754;10004127;2026-10-07 10:30;2026-09-11 03:00:48
124244754;10004127;2026-10-07 10:45;2026-09-11 03:00:48
124244754;10004127;2026-10-07 11:00;2026-09-11 03:00:48
124244754;10004127;2026-10-07 11:15;2026-09-11 03:00:48
124244754;10004127;2026-10-07 11:30;2026-09-11 03:00:48
124244754;10004127;2026-10-07 11:45;2026-09-11 03:00:48
124244754;10004127;2026-10-07 12:00;2026-09-11 03:00:48
124244754;10004127;2026-10-07 12:15;2026-09-11 03:00:48
124244754;10004127;2026-10-07 12:30;2026-09-11 03:00:48
124244754;10004127;2026-10-07 12:45;2026-09-11 03:00:48
124244754;10004127;2026-10-09 08:15;2026-09-11 03:00:48
124244754;10004127;2026-10-09 08:30;2026-09-11 03:00:48
124244754;10004127;2026-10-09 08:45;2026-09-11 03:00:48
124244754;10004127;2026-10-09 09:00;2026-09-11 03:00:48
124244754;10004127;2026-10-09 09:15;2026-09-11 03:00:48
124244754;10004127;2026-10-09 09:30;2026-09-11 03:00:48
124244754;10004127;2026-10-09 09:45;2026-09-11 03:00:48
124244754;10004127;2026-10-09 10:30;2026-09-11 03:00:48
124244754;10004127;2026-10-09 10:45;2026-09-11 03:00:48
124244754;10004127;2026-10-09 11:00;2026-09-11 03:00:48
124244754;10004127;2026-10-09 11:15;2026-09-11 03:00:48
124244754;10004127;2026-10-09 11:30;2026-09-11 03:00:48
124244754;10004127;2026-10-09 11:45;2026-09-11 03:00:48
124244754;10004127;2026-10-09 12:00;2026-09-11 03:00:48
124244754;10004127;2026-10-09 12:15;2026-09-11 03:00:48
124244754;10004127;2026-10-09 12:30;2026-09-11 03:00:48
124244754;10004127;2026-10-09 12:45;2026-09-11 03:00:48
124244754;10004127;2026-10-01 17:45;2026-09-11 03:00:48
124244754;10002004;2026-09-15 14:30;2026-09-11 03:00:48
124244754;10002004;2026-09-15 14:45;2026-09-11 03:00:48
124244754;10002004;2026-09-15 15:00;2026-09-11 03:00:48
124244754;10002004;2026-09-16 14:30;2026-09-11 03:00:48
124244754;10002004;2026-09-16 14:45;2026-09-11 03:00:48
124244754;10002004;2026-09-16 15:00;2026-09-11 03:00:48
124244754;10002004;2026-09-17 11:15;2026-09-11 03:00:48
124244754;10002004;2026-09-17 11:30;2026-09-11 03:00:48
124244754;10002004;2026-09-18 11:00;2026-09-11 03:00:48
124244754;10002004;2026-09-18 11:15;2026-09-11 03:00:48
124244754;10002004;2026-09-18 11:30;2026-09-11 03:00:48
124244754;10002004;2026-09-22 14:30;2026-09-11 03:00:48
124244754;10002004;2026-09-22 14:45;2026-09-11 03:00:48
124244754;10002004;2026-09-22 15:00;2026-09-11 03:00:48
124244754;10002004;2026-09-22 17:00;2026-09-11 03:00:48
124244754;10002004;2026-09-23 14:30;2026-09-11 03:00:48
124244754;10002004;2026-09-23 14:45;2026-09-11 03:00:48
124244754;10002004;2026-09-23 15:00;2026-09-11 03:00:48
124244754;10002004;2026-09-23 17:00;2026-09-11 03:00:48
124244754;10002004;2026-09-24 08:30;2026-09-11 03:00:48
124244754;10002004;2026-09-24 09:00;2026-09-11 03:00:48
124244754;10002004;2026-09-24 09:15;2026-09-11 03:00:48
124244754;10002004;2026-09-24 09:30;2026-09-11 03:00:48
124244754;10002004;2026-09-24 09:45;2026-09-11 03:00:48
124244754;10002004;2026-09-24 10:00;2026-09-11 03:00:48
124244754;10002004;2026-09-24 11:00;2026-09-11 03:00:48
124244754;10002004;2026-09-24 11:15;2026-09-11 03:00:48
124244754;10002004;2026-09-24 11:30;2026-09-11 03:00:48
124244754;10002004;2026-09-24 12:30;2026-09-11 03:00:48
124244754;10002004;2026-09-25 14:45;2026-09-11 03:00:48
124244754;10002004;2026-09-25 15:15;2026-09-11 03:00:48
124244754;10002004;2026-09-25 15:30;2026-09-11 03:00:48
124244754;10002004;2026-09-25 15:45;2026-09-11 03:00:48
124244754;10002004;2026-09-25 18:45;2026-09-11 03:00:48
124244754;10002004;2026-09-29 14:00;2026-09-11 03:00:48
124244754;10002004;2026-09-29 14:30;2026-09-11 03:00:48
124244754;10002004;2026-09-29 14:45;2026-09-11 03:00:48
124244754;10002004;2026-09-29 15:00;2026-09-11 03:00:48
124244754;10002004;2026-09-29 15:15;2026-09-11 03:00:48
124244754;10002004;2026-09-29 15:45;2026-09-11 03:00:48
124244754;10002004;2026-09-29 16:00;2026-09-11 03:00:48
124244754;10002004;2026-09-29 16:15;2026-09-11 03:00:48
124244754;10002004;2026-09-29 17:00;2026-09-11 03:00:48
124244754;10002004;2026-09-29 17:15;2026-09-11 03:00:48
124244754;10002004;2026-09-29 17:30;2026-09-11 03:00:48
124244754;10002004;2026-09-29 17:45;2026-09-11 03:00:48
124244754;10002004;2026-09-29 18:30;2026-09-11 03:00:48
124244754;10002004;2026-09-29 18:45;2026-09-11 03:00:48
124244754;10002004;2026-09-30 14:15;2026-09-11 03:00:48
124244754;10002004;2026-09-30 14:30;2026-09-11 03:00:48
124244754;10002004;2026-09-30 14:45;2026-09-11 03:00:48
124244754;10002004;2026-09-30 15:00;2026-09-11 03:00:48
124244754;10002004;2026-09-30 15:15;2026-09-11 03:00:48
124244754;10002004;2026-09-30 15:30;2026-09-11 03:00:48
124244754;10002004;2026-09-30 15:45;2026-09-11 03:00:48
124244754;10002004;2026-09-30 16:00;2026-09-11 03:00:48
124244754;10002004;2026-09-30 16:15;2026-09-11 03:00:48
124244754;10002004;2026-09-30 17:00;2026-09-11 03:00:48
124244754;10002004;2026-09-30 17:15;2026-09-11 03:00:48
124244754;10002004;2026-09-30 17:30;2026-09-11 03:00:48
124244754;10002004;2026-09-30 17:45;2026-09-11 03:00:48
124244754;10002004;2026-09-14 11:45;2026-09-11 03:00:48
124244754;10002004;2026-09-14 12:00;2026-09-11 03:00:48
124244754;10002004;2026-09-14 12:15;2026-09-11 03:00:48
124244754;10002004;2026-09-14 12:30;2026-09-11 03:00:48
124244754;10002004;2026-09-14 12:45;2026-09-11 03:00:48
124244754;10002004;2026-09-21 11:45;2026-09-11 03:00:48
124244754;10002004;2026-09-21 12:00;2026-09-11 03:00:48
124244754;10002004;2026-09-21 12:15;2026-09-11 03:00:48
124244754;10002004;2026-09-21 12:30;2026-09-11 03:00:48
124244754;10002004;2026-09-21 12:45;2026-09-11 03:00:48
124244754;10002004;2026-09-28 08:00;2026-09-11 03:00:48
124244754;10002004;2026-09-28 08:15;2026-09-11 03:00:48
124244754;10002004;2026-09-28 08:30;2026-09-11 03:00:48
124244754;10002004;2026-09-28 08:45;2026-09-11 03:00:48
124244754;10002004;2026-09-28 09:15;2026-09-11 03:00:48
124244754;10002004;2026-09-28 09:30;2026-09-11 03:00:48
124244754;10002004;2026-09-28 09:45;2026-09-11 03:00:48
124244754;10002004;2026-09-28 10:00;2026-09-11 03:00:48
124244754;10002004;2026-09-28 10:15;2026-09-11 03:00:48
124244754;10002004;2026-09-28 11:15;2026-09-11 03:00:48
124244754;10002004;2026-09-28 11:30;2026-09-11 03:00:48
124244754;10002004;2026-09-28 11:45;2026-09-11 03:00:48
124244754;10002004;2026-09-28 12:00;2026-09-11 03:00:48
124244754;10002004;2026-09-28 12:15;2026-09-11 03:00:48
124244754;10002004;2026-09-28 12:30;2026-09-11 03:00:48
124244754;10002004;2026-09-28 12:45;2026-09-11 03:00:48
124244754;10002004;2026-10-01 08:00;2026-09-11 03:00:48
124244754;10002004;2026-10-01 08:15;2026-09-11 03:00:48
124244754;10002004;2026-10-01 08:30;2026-09-11 03:00:48
124244754;10002004;2026-10-01 08:45;2026-09-11 03:00:48
124244754;10002004;2026-10-01 09:00;2026-09-11 03:00:48
124244754;10002004;2026-10-01 09:15;2026-09-11 03:00:48
124244754;10002004;2026-10-01 09:30;2026-09-11 03:00:48
124244754;10002004;2026-10-01 09:45;2026-09-11 03:00:48
124244754;10002004;2026-10-01 10:00;2026-09-11 03:00:48
124244754;10002004;2026-10-01 10:15;2026-09-11 03:00:48
124244754;10002004;2026-10-01 11:00;2026-09-11 03:00:48
124244754;10002004;2026-10-01 11:15;2026-09-11 03:00:48
124244754;10002004;2026-10-01 11:30;2026-09-11 03:00:48
124244754;10002004;2026-10-01 11:45;2026-09-11 03:00:48
124244754;10002004;2026-10-01 12:00;2026-09-11 03:00:48
124244754;10002004;2026-10-01 12:15;2026-09-11 03:00:48
124244754;10002004;2026-10-01 12:30;2026-09-11 03:00:48
124244754;10002004;2026-10-01 12:45;2026-09-11 03:00:48
124244754;10002004;2026-10-02 08:00;2026-09-11 03:00:48
124244754;10002004;2026-10-02 08:15;2026-09-11 03:00:48
124244754;10002004;2026-10-02 08:30;2026-09-11 03:00:48
124244754;10002004;2026-10-02 09:15;2026-09-11 03:00:48
124244754;10002004;2026-10-02 09:30;2026-09-11 03:00:48
124244754;10002004;2026-10-02 09:45;2026-09-11 03:00:48
124244754;10002004;2026-10-02 10:00;2026-09-11 03:00:48
124244754;10002004;2026-10-02 10:15;2026-09-11 03:00:48
124244754;10002004;2026-10-02 11:00;2026-09-11 03:00:48
124244754;10002004;2026-10-02 11:15;2026-09-11 03:00:48
124244754;10002004;2026-10-02 11:30;2026-09-11 03:00:48
124244754;10002004;2026-10-02 11:45;2026-09-11 03:00:48
124244754;10002004;2026-10-02 12:00;2026-09-11 03:00:48
124244754;10002004;2026-10-02 12:15;2026-09-11 03:00:48
124244754;10002004;2026-10-02 12:30;2026-09-11 03:00:48
124244754;10002004;2026-10-02 12:45;2026-09-11 03:00:48
124244754;10002004;2026-10-05 08:00;2026-09-11 03:00:48
124244754;10002004;2026-10-05 08:15;2026-09-11 03:00:48
124244754;10002004;2026-10-05 08:30;2026-09-11 03:00:48
124244754;10002004;2026-10-05 08:45;2026-09-11 03:00:48
124244754;10002004;2026-10-05 09:00;2026-09-11 03:00:48
124244754;10002004;2026-10-05 09:15;2026-09-11 03:00:48
124244754;10002004;2026-10-05 09:30;2026-09-11 03:00:48
124244754;10002004;2026-10-05 09:45;2026-09-11 03:00:48
124244754;10002004;2026-10-05 10:15;2026-09-11 03:00:48
124244754;10002004;2026-10-05 11:15;2026-09-11 03:00:48
124244754;10002004;2026-10-05 11:30;2026-09-11 03:00:48
124244754;10002004;2026-10-05 11:45;2026-09-11 03:00:48
124244754;10002004;2026-10-05 12:00;2026-09-11 03:00:48
124244754;10002004;2026-10-05 12:15;2026-09-11 03:00:48
124244754;10002004;2026-10-05 12:30;2026-09-11 03:00:48
124244754;10002004;2026-10-05 12:45;2026-09-11 03:00:48
124244754;10002004;2026-10-06 14:00;2026-09-11 03:00:48
124244754;10002004;2026-10-06 14:15;2026-09-11 03:00:48
124244754;10002004;2026-10-06 14:30;2026-09-11 03:00:48
124244754;10002004;2026-10-06 14:45;2026-09-11 03:00:48
124244754;10002004;2026-10-06 15:00;2026-09-11 03:00:48
124244754;10002004;2026-10-06 15:15;2026-09-11 03:00:48
124244754;10002004;2026-10-06 15:30;2026-09-11 03:00:48
124244754;10002004;2026-10-06 15:45;2026-09-11 03:00:48
124244754;10002004;2026-10-06 16:00;2026-09-11 03:00:48
124244754;10002004;2026-10-06 17:00;2026-09-11 03:00:48
124244754;10002004;2026-10-06 17:15;2026-09-11 03:00:48
124244754;10002004;2026-10-06 17:30;2026-09-11 03:00:48
124244754;10002004;2026-10-06 17:45;2026-09-11 03:00:48
124244754;10002004;2026-10-06 18:15;2026-09-11 03:00:48
124244754;10002004;2026-10-06 18:30;2026-09-11 03:00:48
124244754;10002004;2026-10-06 18:45;2026-09-11 03:00:48
124244754;10002004;2026-10-07 14:00;2026-09-11 03:00:48
124244754;10002004;2026-10-07 14:15;2026-09-11 03:00:48
124244754;10002004;2026-10-07 14:30;2026-09-11 03:00:48
124244754;10002004;2026-10-07 14:45;2026-09-11 03:00:48
124244754;10002004;2026-10-07 15:00;2026-09-11 03:00:48
124244754;10002004;2026-10-07 15:15;2026-09-11 03:00:48
124244754;10002004;2026-10-07 15:30;2026-09-11 03:00:48
124244754;10002004;2026-10-07 15:45;2026-09-11 03:00:48
124244754;10002004;2026-10-07 16:00;2026-09-11 03:00:48
124244754;10002004;2026-10-07 16:15;2026-09-11 03:00:48
124244754;10002004;2026-10-07 17:00;2026-09-11 03:00:48
124244754;10002004;2026-10-07 17:15;2026-09-11 03:00:48
124244754;10002004;2026-10-07 17:30;2026-09-11 03:00:48
124244754;10002004;2026-10-07 17:45;2026-09-11 03:00:48
124244754;10002004;2026-10-07 18:00;2026-09-11 03:00:48
124244754;10002004;2026-10-07 18:15;2026-09-11 03:00:48
124244754;10002004;2026-10-07 18:30;2026-09-11 03:00:48
124244754;10002004;2026-10-07 18:45;2026-09-11 03:00:48
124244754;10002004;2026-10-08 08:00;2026-09-11 03:00:48
124244754;10002004;2026-10-08 08:15;2026-09-11 03:00:48
124244754;10002004;2026-10-08 08:30;2026-09-11 03:00:48
124244754;10002004;2026-10-08 08:45;2026-09-11 03:00:48
124244754;10002004;2026-10-08 09:00;2026-09-11 03:00:48
124244754;10002004;2026-10-08 09:15;2026-09-11 03:00:48
124244754;10002004;2026-10-08 09:30;2026-09-11 03:00:48
124244754;10002004;2026-10-08 09:45;2026-09-11 03:00:48
124244754;10002004;2026-10-08 10:15;2026-09-11 03:00:48
124244754;10002004;2026-10-08 11:00;2026-09-11 03:00:48
124244754;10002004;2026-10-08 11:15;2026-09-11 03:00:48
124244754;10002004;2026-10-08 11:30;2026-09-11 03:00:48
124244754;10002004;2026-10-08 11:45;2026-09-11 03:00:48
124244754;10002004;2026-10-08 12:00;2026-09-11 03:00:48
124244754;10002004;2026-10-08 12:15;2026-09-11 03:00:48
124244754;10002004;2026-10-08 12:30;2026-09-11 03:00:48
124244754;10002004;2026-10-08 12:45;2026-09-11 03:00:48
124244754;10002004;2026-10-09 14:00;2026-09-11 03:00:48
124244754;10002004;2026-10-09 14:15;2026-09-11 03:00:48
124244754;10002004;2026-10-09 14:30;2026-09-11 03:00:48
124244754;10002004;2026-10-09 14:45;2026-09-11 03:00:48
124244754;10002004;2026-10-09 15:00;2026-09-11 03:00:48
124244754;10002004;2026-10-09 15:15;2026-09-11 03:00:48
124244754;10002004;2026-10-09 15:30;2026-09-11 03:00:48
124244754;10002004;2026-10-09 15:45;2026-09-11 03:00:48
124244754;10002004;2026-10-09 16:00;2026-09-11 03:00:48
124244754;10002004;2026-10-09 16:15;2026-09-11 03:00:48
124244754;10002004;2026-10-09 17:00;2026-09-11 03:00:48
124244754;10002004;2026-10-09 17:15;2026-09-11 03:00:48
124244754;10002004;2026-10-09 17:30;2026-09-11 03:00:48
124244754;10002004;2026-10-09 17:45;2026-09-11 03:00:48
124244754;10002004;2026-10-09 18:00;2026-09-11 03:00:48
124244754;10002004;2026-10-09 18:15;2026-09-11 03:00:48
124244754;10002004;2026-10-09 18:30;2026-09-11 03:00:48
124244754;10510524;2026-09-18 17:45;2026-09-11 03:00:48
124244754;10510524;2026-09-18 18:00;2026-09-11 03:00:48
124244754;10510524;2026-09-18 17:00;2026-09-11 03:00:48
124244754;10510524;2026-09-18 17:15;2026-09-11 03:00:48
124244754;10510524;2026-09-11 09:15;2026-09-11 03:00:48
124244754;10510524;2026-09-11 12:00;2026-09-11 03:00:48
124244754;10510524;2026-09-11 11:00;2026-09-11 03:00:48
124244754;10510524;2026-09-11 11:15;2026-09-11 03:00:48
124244754;10510524;2026-09-23 08:30;2026-09-11 03:00:48
124244754;10510524;2026-09-23 12:00;2026-09-11 03:00:48
124244754;10510524;2026-09-23 11:00;2026-09-11 03:00:48
124244754;10510524;2026-09-23 11:15;2026-09-11 03:00:48
124244754;10510524;2026-09-14 09:15;2026-09-11 03:00:48
124244754;10510524;2026-09-14 09:30;2026-09-11 03:00:48
124244754;10510524;2026-09-14 10:00;2026-09-11 03:00:48
124244754;10510524;2026-09-14 12:00;2026-09-11 03:00:48
124244754;10510524;2026-09-14 12:30;2026-09-11 03:00:48
124244754;10510524;2026-09-14 13:30;2026-09-11 03:00:48
124244754;10510524;2026-09-14 12:45;2026-09-11 03:00:48
124244754;10510524;2026-09-21 09:15;2026-09-11 03:00:48
124244754;10510524;2026-09-21 09:30;2026-09-11 03:00:48
124244754;10510524;2026-09-21 10:00;2026-09-11 03:00:48
124244754;10510524;2026-09-21 12:00;2026-09-11 03:00:48
124244754;10510524;2026-09-21 12:30;2026-09-11 03:00:48
124244754;10510524;2026-09-21 13:30;2026-09-11 03:00:48
124244754;10510524;2026-09-21 12:45;2026-09-11 03:00:48
124244754;10510524;2026-09-25 09:15;2026-09-11 03:00:48
124244754;10510524;2026-09-25 09:30;2026-09-11 03:00:48
124244754;10510524;2026-09-25 10:00;2026-09-11 03:00:48
124244754;10510524;2026-09-25 12:00;2026-09-11 03:00:48
124244754;10510524;2026-09-25 12:30;2026-09-11 03:00:48
124244754;10510524;2026-09-25 13:30;2026-09-11 03:00:48
124244754;10510524;2026-09-25 12:45;2026-09-11 03:00:48
124244754;10510524;2026-09-25 12:15;2026-09-11 03:00:48
124244754;10510524;2026-09-28 09:15;2026-09-11 03:00:48
124244754;10510524;2026-09-28 09:30;2026-09-11 03:00:48
124244754;10510524;2026-09-28 10:00;2026-09-11 03:00:48
124244754;10510524;2026-09-28 12:00;2026-09-11 03:00:48
124244754;10510524;2026-09-28 12:30;2026-09-11 03:00:48
124244754;10510524;2026-09-28 13:30;2026-09-11 03:00:48
124244754;10510524;2026-09-28 12:45;2026-09-11 03:00:48
124244754;10510524;2026-09-28 12:15;2026-09-11 03:00:48
124244754;10510524;2026-09-15 09:15;2026-09-11 03:00:48
124244754;10510524;2026-09-15 13:30;2026-09-11 03:00:48
124244754;10510524;2026-09-15 12:45;2026-09-11 03:00:48
124244754;10510524;2026-09-15 11:00;2026-09-11 03:00:48
124244754;10510524;2026-09-16 09:15;2026-09-11 03:00:48
124244754;10510524;2026-09-16 13:30;2026-09-11 03:00:48
124244754;10510524;2026-09-16 12:45;2026-09-11 03:00:48
124244754;10510524;2026-09-16 11:00;2026-09-11 03:00:48
124244754;10510524;2026-09-17 09:15;2026-09-11 03:00:48
124244754;10510524;2026-09-17 13:30;2026-09-11 03:00:48
124244754;10510524;2026-09-17 12:45;2026-09-11 03:00:48
124244754;10510524;2026-09-17 11:00;2026-09-11 03:00:48
124244754;10510524;2026-09-22 09:15;2026-09-11 03:00:48
124244754;10510524;2026-09-22 13:30;2026-09-11 03:00:48
124244754;10510524;2026-09-22 12:45;2026-09-11 03:00:48
124244754;10510524;2026-09-22 11:00;2026-09-11 03:00:48
124244754;10510524;2026-09-24 09:15;2026-09-11 03:00:48
124244754;10510524;2026-09-24 10:00;2026-09-11 03:00:48
124244754;10510524;2026-09-24 12:15;2026-09-11 03:00:48
124244754;10510524;2026-09-24 10:30;2026-09-11 03:00:48
124244754;10510524;2026-09-24 11:00;2026-09-11 03:00:48
124244754;10510524;2026-09-29 09:15;2026-09-11 03:00:48
124244754;10510524;2026-09-29 10:00;2026-09-11 03:00:48
124244754;10510524;2026-09-29 13:30;2026-09-11 03:00:48
124244754;10510524;2026-09-29 12:45;2026-09-11 03:00:48
124244754;10510524;2026-09-29 12:15;2026-09-11 03:00:48
124244754;10510524;2026-09-29 11:00;2026-09-11 03:00:48
124244754;10510524;2026-09-30 09:15;2026-09-11 03:00:48
124244754;10510524;2026-09-30 10:00;2026-09-11 03:00:48
124244754;10510524;2026-09-30 12:30;2026-09-11 03:00:48
124244754;10510524;2026-09-30 13:30;2026-09-11 03:00:48
124244754;10510524;2026-09-30 12:45;2026-09-11 03:00:48
124244754;10510524;2026-09-30 12:15;2026-09-11 03:00:48
124244754;10510524;2026-09-30 13:00;2026-09-11 03:00:48
124244754;10510524;2026-09-30 13:15;2026-09-11 03:00:48
124244754;10510524;2026-09-30 13:45;2026-09-11 03:00:48
124244754;10510524;2026-09-30 11:00;2026-09-11 03:00:48
124244754;10510524;2026-09-30 11:15;2026-09-11 03:00:48
124244754;10510524;2026-10-09 08:30;2026-09-11 03:00:48
124244754;10510524;2026-10-09 09:15;2026-09-11 03:00:48
124244754;10510524;2026-10-09 10:00;2026-09-11 03:00:48
124244754;10510524;2026-10-09 12:00;2026-09-11 03:00:48
124244754;10510524;2026-10-09 11:00;2026-09-11 03:00:48
124244754;10510524;2026-10-09 11:15;2026-09-11 03:00:48
124244754;10510524;2026-10-09 09:30;2026-09-11 03:00:48
124244754;10510524;2026-10-09 09:45;2026-09-11 03:00:48
124244754;10510524;2026-10-02 09:15;2026-09-11 03:00:48
124244754;10510524;2026-10-02 09:30;2026-09-11 03:00:48
124244754;10510524;2026-10-02 10:00;2026-09-11 03:00:48
124244754;10510524;2026-10-02 12:00;2026-09-11 03:00:48
124244754;10510524;2026-10-02 12:30;2026-09-11 03:00:48
124244754;10510524;2026-10-02 13:30;2026-09-11 03:00:48
124244754;10510524;2026-10-02 12:45;2026-09-11 03:00:48
124244754;10510524;2026-10-02 09:45;2026-09-11 03:00:48
124244754;10510524;2026-10-02 10:15;2026-09-11 03:00:48
124244754;10510524;2026-10-02 12:15;2026-09-11 03:00:48
124244754;10510524;2026-10-02 13:00;2026-09-11 03:00:48
124244754;10510524;2026-10-02 13:15;2026-09-11 03:00:48
124244754;10510524;2026-10-02 13:45;2026-09-11 03:00:48
124244754;10510524;2026-10-02 10:30;2026-09-11 03:00:48
124244754;10510524;2026-10-02 10:45;2026-09-11 03:00:48
124244754;10510524;2026-10-02 11:00;2026-09-11 03:00:48
124244754;10510524;2026-10-02 11:15;2026-09-11 03:00:48
124244754;10510524;2026-10-05 09:15;2026-09-11 03:00:48
124244754;10510524;2026-10-05 09:30;2026-09-11 03:00:48
124244754;10510524;2026-10-05 10:00;2026-09-11 03:00:48
124244754;10510524;2026-10-05 12:00;2026-09-11 03:00:48
124244754;10510524;2026-10-05 12:30;2026-09-11 03:00:48
124244754;10510524;2026-10-05 13:30;2026-09-11 03:00:48
124244754;10510524;2026-10-05 12:45;2026-09-11 03:00:48
124244754;10510524;2026-10-05 09:00;2026-09-11 03:00:48
124244754;10510524;2026-10-05 09:45;2026-09-11 03:00:48
124244754;10510524;2026-10-05 12:15;2026-09-11 03:00:48
124244754;10510524;2026-10-05 13:00;2026-09-11 03:00:48
124244754;10510524;2026-10-05 13:15;2026-09-11 03:00:48
124244754;10510524;2026-10-05 13:45;2026-09-11 03:00:48
124244754;10510524;2026-10-05 10:30;2026-09-11 03:00:48
124244754;10510524;2026-10-05 10:45;2026-09-11 03:00:48
124244754;10510524;2026-10-05 11:15;2026-09-11 03:00:48
124244754;10510524;2026-10-01 09:15;2026-09-11 03:00:48
124244754;10510524;2026-10-01 10:00;2026-09-11 03:00:48
124244754;10510524;2026-10-01 12:00;2026-09-11 03:00:48
124244754;10510524;2026-10-01 12:30;2026-09-11 03:00:48
124244754;10510524;2026-10-01 13:30;2026-09-11 03:00:48
124244754;10510524;2026-10-01 12:45;2026-09-11 03:00:48
124244754;10510524;2026-10-01 10:15;2026-09-11 03:00:48
124244754;10510524;2026-10-01 12:15;2026-09-11 03:00:48
124244754;10510524;2026-10-01 13:00;2026-09-11 03:00:48
124244754;10510524;2026-10-01 13:15;2026-09-11 03:00:48
124244754;10510524;2026-10-01 13:45;2026-09-11 03:00:48
124244754;10510524;2026-10-01 10:30;2026-09-11 03:00:48
124244754;10510524;2026-10-01 10:45;2026-09-11 03:00:48
124244754;10510524;2026-10-01 11:00;2026-09-11 03:00:48
124244754;10510524;2026-10-01 11:15;2026-09-11 03:00:48
124244754;10510524;2026-10-06 09:15;2026-09-11 03:00:48
124244754;10510524;2026-10-06 09:30;2026-09-11 03:00:48
124244754;10510524;2026-10-06 10:00;2026-09-11 03:00:48
124244754;10510524;2026-10-06 12:00;2026-09-11 03:00:48
124244754;10510524;2026-10-06 12:30;2026-09-11 03:00:48
124244754;10510524;2026-10-06 13:30;2026-09-11 03:00:48
124244754;10510524;2026-10-06 12:45;2026-09-11 03:00:48
124244754;10510524;2026-10-06 09:00;2026-09-11 03:00:48
124244754;10510524;2026-10-06 09:45;2026-09-11 03:00:48
124244754;10510524;2026-10-06 10:15;2026-09-11 03:00:48
124244754;10510524;2026-10-06 12:15;2026-09-11 03:00:48
124244754;10510524;2026-10-06 13:00;2026-09-11 03:00:48
124244754;10510524;2026-10-06 13:15;2026-09-11 03:00:48
124244754;10510524;2026-10-06 13:45;2026-09-11 03:00:48
124244754;10510524;2026-10-06 10:30;2026-09-11 03:00:48
124244754;10510524;2026-10-06 10:45;2026-09-11 03:00:48
124244754;10510524;2026-10-06 11:00;2026-09-11 03:00:48
124244754;10510524;2026-10-06 11:15;2026-09-11 03:00:48
124244754;10510524;2026-10-07 09:15;2026-09-11 03:00:48
124244754;10510524;2026-10-07 09:30;2026-09-11 03:00:48
124244754;10510524;2026-10-07 10:00;2026-09-11 03:00:48
124244754;10510524;2026-10-07 12:00;2026-09-11 03:00:48
124244754;10510524;2026-10-07 12:30;2026-09-11 03:00:48
124244754;10510524;2026-10-07 13:30;2026-09-11 03:00:48
124244754;10510524;2026-10-07 12:45;2026-09-11 03:00:48
124244754;10510524;2026-10-07 09:00;2026-09-11 03:00:48
124244754;10510524;2026-10-07 09:45;2026-09-11 03:00:48
124244754;10510524;2026-10-07 10:15;2026-09-11 03:00:48
124244754;10510524;2026-10-07 12:15;2026-09-11 03:00:48
124244754;10510524;2026-10-07 13:00;2026-09-11 03:00:48
124244754;10510524;2026-10-07 13:15;2026-09-11 03:00:48
124244754;10510524;2026-10-07 13:45;2026-09-11 03:00:48
124244754;10510524;2026-10-07 10:30;2026-09-11 03:00:48
124244754;10510524;2026-10-07 10:45;2026-09-11 03:00:48
124244754;10510524;2026-10-07 11:00;2026-09-11 03:00:48
124244754;10510524;2026-10-07 11:15;2026-09-11 03:00:48
124244754;10510524;2026-10-08 09:15;2026-09-11 03:00:48
124244754;10510524;2026-10-08 09:30;2026-09-11 03:00:48
124244754;10510524;2026-10-08 10:00;2026-09-11 03:00:48
124244754;10510524;2026-10-08 12:00;2026-09-11 03:00:48
124244754;10510524;2026-10-08 13:30;2026-09-11 03:00:48
124244754;10510524;2026-10-08 12:45;2026-09-11 03:00:48
124244754;10510524;2026-10-08 09:00;2026-09-11 03:00:48
124244754;10510524;2026-10-08 09:45;2026-09-11 03:00:48
124244754;10510524;2026-10-08 10:15;2026-09-11 03:00:48
124244754;10510524;2026-10-08 12:15;2026-09-11 03:00:48
124244754;10510524;2026-10-08 13:45;2026-09-11 03:00:48
124244754;10510524;2026-10-08 10:30;2026-09-11 03:00:48
124244754;10510524;2026-10-08 10:45;2026-09-11 03:00:48
124244754;10510524;2026-10-08 11:00;2026-09-11 03:00:48
124244754;10510524;2026-10-08 11:15;2026-09-11 03:00:48
124244754;10510524;2026-10-09 10:45;2026-09-11 03:00:48
124244754;10510524;2026-09-23 10:00;2026-09-11 03:00:48
124244754;10031317;2026-09-11 13:45;2026-09-11 03:00:48
124244754;10031317;2026-09-11 14:00;2026-09-11 03:00:48
124244754;10031317;2026-09-11 14:15;2026-09-11 03:00:48
124244754;10031317;2026-09-11 14:30;2026-09-11 03:00:48
124244754;10031317;2026-09-11 14:45;2026-09-11 03:00:48
124244754;10031317;2026-09-14 08:15;2026-09-11 03:00:48
124244754;10031317;2026-09-14 09:00;2026-09-11 03:00:48
124244754;10031317;2026-09-14 09:15;2026-09-11 03:00:48
124244754;10031317;2026-09-14 09:30;2026-09-11 03:00:48
124244754;10031317;2026-09-14 09:45;2026-09-11 03:00:48
124244754;10031317;2026-09-14 10:30;2026-09-11 03:00:48
124244754;10031317;2026-09-14 10:45;2026-09-11 03:00:48
124244754;10031317;2026-09-14 11:00;2026-09-11 03:00:48
124244754;10031317;2026-09-14 11:15;2026-09-11 03:00:48
124244754;10031317;2026-09-14 11:30;2026-09-11 03:00:48
124244754;10031317;2026-09-14 11:45;2026-09-11 03:00:48
124244754;10031317;2026-09-14 12:00;2026-09-11 03:00:48
124244754;10031317;2026-09-14 12:30;2026-09-11 03:00:48
124244754;10031317;2026-09-15 13:45;2026-09-11 03:00:48
124244754;10031317;2026-09-15 14:00;2026-09-11 03:00:48
124244754;10031317;2026-09-15 14:15;2026-09-11 03:00:48
124244754;10031317;2026-09-15 14:30;2026-09-11 03:00:48
124244754;10031317;2026-09-15 14:45;2026-09-11 03:00:48
124244754;10031317;2026-09-15 15:00;2026-09-11 03:00:48
124244754;10031317;2026-09-16 07:30;2026-09-11 03:00:48
124244754;10031317;2026-09-16 07:45;2026-09-11 03:00:48
124244754;10031317;2026-09-16 08:00;2026-09-11 03:00:48
124244754;10031317;2026-09-16 08:15;2026-09-11 03:00:48
124244754;10031317;2026-09-16 08:45;2026-09-11 03:00:48
124244754;10031317;2026-09-16 09:00;2026-09-11 03:00:48
124244754;10031317;2026-09-16 09:15;2026-09-11 03:00:48
124244754;10031317;2026-09-16 09:30;2026-09-11 03:00:48
124244754;10031317;2026-09-16 09:45;2026-09-11 03:00:48
124244754;10031317;2026-09-16 10:30;2026-09-11 03:00:48
124244754;10031317;2026-09-16 10:45;2026-09-11 03:00:48
124244754;10031317;2026-09-16 11:15;2026-09-11 03:00:48
124244754;10031317;2026-09-16 11:30;2026-09-11 03:00:48
124244754;10031317;2026-09-16 11:45;2026-09-11 03:00:48
124244754;10031317;2026-09-16 12:00;2026-09-11 03:00:48
124244754;10031317;2026-09-16 12:15;2026-09-11 03:00:48
124244754;10031317;2026-09-16 12:30;2026-09-11 03:00:48
124244754;10031317;2026-09-16 12:45;2026-09-11 03:00:48
124244754;10031317;2026-09-17 13:45;2026-09-11 03:00:48
124244754;10031317;2026-09-17 14:00;2026-09-11 03:00:48
124244754;10031317;2026-09-17 14:15;2026-09-11 03:00:48
124244754;10031317;2026-09-17 14:30;2026-09-11 03:00:48
124244754;10031317;2026-09-17 14:45;2026-09-11 03:00:48
124244754;10031317;2026-09-17 15:00;2026-09-11 03:00:48
124244754;10031317;2026-09-17 18:00;2026-09-11 03:00:48
124244754;10031317;2026-09-17 18:15;2026-09-11 03:00:48
124244754;10031317;2026-09-17 19:00;2026-09-11 03:00:48
124244754;10031317;2026-09-18 07:30;2026-09-11 03:00:48
124244754;10031317;2026-09-18 07:45;2026-09-11 03:00:48
124244754;10031317;2026-09-18 08:00;2026-09-11 03:00:48
124244754;10031317;2026-09-18 08:15;2026-09-11 03:00:48
124244754;10031317;2026-09-18 08:30;2026-09-11 03:00:48
124244754;10031317;2026-09-18 09:00;2026-09-11 03:00:48
124244754;10031317;2026-09-18 09:15;2026-09-11 03:00:48
124244754;10031317;2026-09-18 09:30;2026-09-11 03:00:48
124244754;10031317;2026-09-18 09:45;2026-09-11 03:00:48
124244754;10031317;2026-09-18 10:30;2026-09-11 03:00:48
124244754;10031317;2026-09-18 10:45;2026-09-11 03:00:48
124244754;10031317;2026-09-18 11:00;2026-09-11 03:00:48
124244754;10031317;2026-09-18 11:45;2026-09-11 03:00:48
124244754;10031317;2026-09-18 12:00;2026-09-11 03:00:48
124244754;10031317;2026-09-18 12:30;2026-09-11 03:00:48
124244754;10031317;2026-09-21 13:45;2026-09-11 03:00:48
124244754;10031317;2026-09-21 14:00;2026-09-11 03:00:48
124244754;10031317;2026-09-21 14:15;2026-09-11 03:00:48
124244754;10031317;2026-09-21 14:30;2026-09-11 03:00:48
124244754;10031317;2026-09-21 15:00;2026-09-11 03:00:48
124244754;10031317;2026-09-21 15:30;2026-09-11 03:00:48
124244754;10031317;2026-09-21 16:30;2026-09-11 03:00:48
124244754;10031317;2026-09-21 16:45;2026-09-11 03:00:48
124244754;10031317;2026-09-21 17:00;2026-09-11 03:00:48
124244754;10031317;2026-09-21 17:15;2026-09-11 03:00:48
124244754;10031317;2026-09-21 18:30;2026-09-11 03:00:48
124244754;10031317;2026-09-21 18:45;2026-09-11 03:00:48
124244754;10031317;2026-09-22 07:30;2026-09-11 03:00:48
124244754;10031317;2026-09-22 07:45;2026-09-11 03:00:48
124244754;10031317;2026-09-22 08:00;2026-09-11 03:00:48
124244754;10031317;2026-09-22 08:15;2026-09-11 03:00:48
124244754;10031317;2026-09-22 08:30;2026-09-11 03:00:48
124244754;10031317;2026-09-22 09:00;2026-09-11 03:00:48
124244754;10031317;2026-09-22 09:15;2026-09-11 03:00:48
124244754;10031317;2026-09-22 09:30;2026-09-11 03:00:48
124244754;10031317;2026-09-22 09:45;2026-09-11 03:00:48
124244754;10031317;2026-09-22 10:30;2026-09-11 03:00:48
124244754;10031317;2026-09-22 10:45;2026-09-11 03:00:48
124244754;10031317;2026-09-22 11:15;2026-09-11 03:00:48
124244754;10031317;2026-09-22 11:45;2026-09-11 03:00:48
124244754;10031317;2026-09-22 12:15;2026-09-11 03:00:48
124244754;10031317;2026-09-22 12:30;2026-09-11 03:00:48
124244754;10031317;2026-09-22 12:45;2026-09-11 03:00:48
124244754;10031317;2026-09-23 13:45;2026-09-11 03:00:48
124244754;10031317;2026-09-23 14:00;2026-09-11 03:00:48
124244754;10031317;2026-09-23 14:15;2026-09-11 03:00:48
124244754;10031317;2026-09-23 14:30;2026-09-11 03:00:48
124244754;10031317;2026-09-23 14:45;2026-09-11 03:00:48
124244754;10031317;2026-09-23 15:00;2026-09-11 03:00:48
124244754;10031317;2026-09-23 15:15;2026-09-11 03:00:48
124244754;10031317;2026-09-23 15:30;2026-09-11 03:00:48
124244754;10031317;2026-09-23 15:45;2026-09-11 03:00:48
124244754;10031317;2026-09-23 16:30;2026-09-11 03:00:48
124244754;10031317;2026-09-23 17:15;2026-09-11 03:00:48
124244754;10031317;2026-09-23 17:30;2026-09-11 03:00:48
124244754;10031317;2026-09-23 18:15;2026-09-11 03:00:48
124244754;10031317;2026-09-23 18:30;2026-09-11 03:00:48
124244754;10031317;2026-09-23 18:45;2026-09-11 03:00:48
124244754;10031317;2026-09-23 19:00;2026-09-11 03:00:48
124244754;10031317;2026-09-24 07:45;2026-09-11 03:00:48
124244754;10031317;2026-09-24 08:15;2026-09-11 03:00:48
124244754;10031317;2026-09-24 08:30;2026-09-11 03:00:48
124244754;10031317;2026-09-24 08:45;2026-09-11 03:00:48
124244754;10031317;2026-09-24 09:00;2026-09-11 03:00:48
124244754;10031317;2026-09-24 09:15;2026-09-11 03:00:48
124244754;10031317;2026-09-24 09:30;2026-09-11 03:00:48
124244754;10031317;2026-09-24 09:45;2026-09-11 03:00:48
124244754;10031317;2026-09-24 10:30;2026-09-11 03:00:48
124244754;10031317;2026-09-24 10:45;2026-09-11 03:00:48
124244754;10031317;2026-09-24 11:00;2026-09-11 03:00:48
124244754;10031317;2026-09-24 11:15;2026-09-11 03:00:48
124244754;10031317;2026-09-24 11:30;2026-09-11 03:00:48
124244754;10031317;2026-09-24 11:45;2026-09-11 03:00:48
124244754;10031317;2026-09-24 12:00;2026-09-11 03:00:48
124244754;10031317;2026-09-24 12:15;2026-09-11 03:00:48
124244754;10031317;2026-09-25 13:45;2026-09-11 03:00:48
124244754;10031317;2026-09-25 14:00;2026-09-11 03:00:48
124244754;10031317;2026-09-25 14:15;2026-09-11 03:00:48
124244754;10031317;2026-09-25 14:30;2026-09-11 03:00:48
124244754;10031317;2026-09-25 14:45;2026-09-11 03:00:48
124244754;10031317;2026-09-25 15:00;2026-09-11 03:00:48
124244754;10031317;2026-09-25 15:30;2026-09-11 03:00:48
124244754;10031317;2026-09-25 16:30;2026-09-11 03:00:48
124244754;10031317;2026-09-25 16:45;2026-09-11 03:00:48
124244754;10031317;2026-09-25 17:30;2026-09-11 03:00:48
124244754;10031317;2026-09-25 17:45;2026-09-11 03:00:48
124244754;10031317;2026-09-25 18:30;2026-09-11 03:00:48
124244754;10031317;2026-09-25 18:45;2026-09-11 03:00:48
124244754;10031317;2026-09-25 19:00;2026-09-11 03:00:48
124244754;10031317;2026-09-28 07:30;2026-09-11 03:00:48
124244754;10031317;2026-09-28 07:45;2026-09-11 03:00:48
124244754;10031317;2026-09-28 08:00;2026-09-11 03:00:48
124244754;10031317;2026-09-28 08:15;2026-09-11 03:00:48
124244754;10031317;2026-09-28 08:30;2026-09-11 03:00:48
124244754;10031317;2026-09-28 08:45;2026-09-11 03:00:48
124244754;10031317;2026-09-28 09:00;2026-09-11 03:00:48
124244754;10031317;2026-09-28 09:15;2026-09-11 03:00:48
124244754;10031317;2026-09-28 09:30;2026-09-11 03:00:48
124244754;10031317;2026-09-28 09:45;2026-09-11 03:00:48
124244754;10031317;2026-09-28 10:30;2026-09-11 03:00:48
124244754;10031317;2026-09-28 10:45;2026-09-11 03:00:48
124244754;10031317;2026-09-28 11:15;2026-09-11 03:00:48
124244754;10031317;2026-09-28 11:30;2026-09-11 03:00:48
124244754;10031317;2026-09-28 11:45;2026-09-11 03:00:48
124244754;10031317;2026-09-28 12:15;2026-09-11 03:00:48
124244754;10031317;2026-09-28 12:30;2026-09-11 03:00:48
124244754;10031317;2026-09-28 12:45;2026-09-11 03:00:48
124244754;10031317;2026-09-29 13:45;2026-09-11 03:00:48
124244754;10031317;2026-09-29 14:00;2026-09-11 03:00:48
124244754;10031317;2026-09-29 14:15;2026-09-11 03:00:48
124244754;10031317;2026-09-29 14:30;2026-09-11 03:00:48
124244754;10031317;2026-09-29 14:45;2026-09-11 03:00:48
124244754;10031317;2026-09-29 15:00;2026-09-11 03:00:48
124244754;10031317;2026-09-29 15:15;2026-09-11 03:00:48
124244754;10031317;2026-09-29 15:30;2026-09-11 03:00:48
124244754;10031317;2026-09-29 15:45;2026-09-11 03:00:48
124244754;10031317;2026-09-29 16:30;2026-09-11 03:00:48
124244754;10031317;2026-09-29 16:45;2026-09-11 03:00:48
124244754;10031317;2026-09-29 17:15;2026-09-11 03:00:48
124244754;10031317;2026-09-29 17:45;2026-09-11 03:00:48
124244754;10031317;2026-09-29 18:00;2026-09-11 03:00:48
124244754;10031317;2026-09-29 18:15;2026-09-11 03:00:48
124244754;10031317;2026-09-29 18:30;2026-09-11 03:00:48
124244754;10031317;2026-09-29 18:45;2026-09-11 03:00:48
124244754;10031317;2026-09-29 19:00;2026-09-11 03:00:48
124244754;10031317;2026-09-30 07:30;2026-09-11 03:00:48
124244754;10031317;2026-09-30 07:45;2026-09-11 03:00:48
124244754;10031317;2026-09-30 08:00;2026-09-11 03:00:48
124244754;10031317;2026-09-30 08:15;2026-09-11 03:00:48
124244754;10031317;2026-09-30 08:30;2026-09-11 03:00:48
124244754;10031317;2026-09-30 08:45;2026-09-11 03:00:48
124244754;10031317;2026-09-30 09:00;2026-09-11 03:00:48
124244754;10031317;2026-09-30 09:15;2026-09-11 03:00:48
124244754;10031317;2026-09-30 09:30;2026-09-11 03:00:48
124244754;10031317;2026-09-30 09:45;2026-09-11 03:00:48
124244754;10031317;2026-09-30 10:30;2026-09-11 03:00:48
124244754;10031317;2026-09-30 10:45;2026-09-11 03:00:48
124244754;10031317;2026-09-30 11:00;2026-09-11 03:00:48
124244754;10031317;2026-09-30 11:15;2026-09-11 03:00:48
124244754;10031317;2026-09-30 11:30;2026-09-11 03:00:48
124244754;10031317;2026-09-30 11:45;2026-09-11 03:00:48
124244754;10031317;2026-09-30 12:00;2026-09-11 03:00:48
124244754;10031317;2026-09-30 12:15;2026-09-11 03:00:48
124244754;10031317;2026-10-01 13:45;2026-09-11 03:00:48
124244754;10031317;2026-10-01 14:00;2026-09-11 03:00:48
124244754;10031317;2026-10-01 14:15;2026-09-11 03:00:48
124244754;10031317;2026-10-01 14:30;2026-09-11 03:00:48
124244754;10031317;2026-10-01 14:45;2026-09-11 03:00:48
124244754;10031317;2026-10-01 15:00;2026-09-11 03:00:48
124244754;10031317;2026-10-01 15:15;2026-09-11 03:00:48
124244754;10031317;2026-10-01 15:30;2026-09-11 03:00:48
124244754;10031317;2026-10-01 15:45;2026-09-11 03:00:48
124244754;10031317;2026-10-01 16:30;2026-09-11 03:00:48
124244754;10031317;2026-10-01 16:45;2026-09-11 03:00:48
124244754;10031317;2026-10-01 17:15;2026-09-11 03:00:48
124244754;10031317;2026-10-01 17:30;2026-09-11 03:00:48
124244754;10031317;2026-10-01 17:45;2026-09-11 03:00:48
124244754;10031317;2026-10-01 18:00;2026-09-11 03:00:48
124244754;10031317;2026-10-01 18:15;2026-09-11 03:00:48
124244754;10031317;2026-10-01 18:30;2026-09-11 03:00:48
124244754;10031317;2026-10-01 18:45;2026-09-11 03:00:48
124244754;10031317;2026-10-01 19:00;2026-09-11 03:00:48
124244754;10031317;2026-10-02 07:30;2026-09-11 03:00:48
124244754;10031317;2026-10-02 07:45;2026-09-11 03:00:48
124244754;10031317;2026-10-02 08:00;2026-09-11 03:00:48
124244754;10031317;2026-10-02 08:15;2026-09-11 03:00:48
124244754;10031317;2026-10-02 08:30;2026-09-11 03:00:48
124244754;10031317;2026-10-02 08:45;2026-09-11 03:00:48
124244754;10031317;2026-10-02 09:00;2026-09-11 03:00:48
124244754;10031317;2026-10-02 09:15;2026-09-11 03:00:48
124244754;10031317;2026-10-02 09:30;2026-09-11 03:00:48
124244754;10031317;2026-10-02 09:45;2026-09-11 03:00:48
124244754;10031317;2026-10-02 10:30;2026-09-11 03:00:48
124244754;10031317;2026-10-02 10:45;2026-09-11 03:00:48
124244754;10031317;2026-10-02 11:00;2026-09-11 03:00:48
124244754;10031317;2026-10-02 11:15;2026-09-11 03:00:48
124244754;10031317;2026-10-02 11:30;2026-09-11 03:00:48
124244754;10031317;2026-10-02 11:45;2026-09-11 03:00:48
124244754;10031317;2026-10-02 12:00;2026-09-11 03:00:48
124244754;10031317;2026-10-02 12:15;2026-09-11 03:00:48
124244754;10031317;2026-10-02 12:30;2026-09-11 03:00:48
124244754;10031317;2026-10-02 12:45;2026-09-11 03:00:48
124244754;10031317;2026-10-05 13:45;2026-09-11 03:00:48
124244754;10031317;2026-10-05 14:00;2026-09-11 03:00:48
124244754;10031317;2026-10-05 14:15;2026-09-11 03:00:48
124244754;10031317;2026-10-05 14:30;2026-09-11 03:00:48
124244754;10031317;2026-10-05 14:45;2026-09-11 03:00:48
124244754;10031317;2026-10-05 15:00;2026-09-11 03:00:48
124244754;10031317;2026-10-05 15:15;2026-09-11 03:00:48
124244754;10031317;2026-10-05 15:30;2026-09-11 03:00:48
124244754;10031317;2026-10-05 15:45;2026-09-11 03:00:48
124244754;10031317;2026-10-05 16:30;2026-09-11 03:00:48
124244754;10031317;2026-10-05 16:45;2026-09-11 03:00:48
124244754;10031317;2026-10-05 17:00;2026-09-11 03:00:48
124244754;10031317;2026-10-05 17:15;2026-09-11 03:00:48
124244754;10031317;2026-10-05 17:45;2026-09-11 03:00:48
124244754;10031317;2026-10-05 18:00;2026-09-11 03:00:48
124244754;10031317;2026-10-05 18:15;2026-09-11 03:00:48
124244754;10031317;2026-10-05 18:30;2026-09-11 03:00:48
124244754;10031317;2026-10-05 18:45;2026-09-11 03:00:48
124244754;10031317;2026-10-05 19:00;2026-09-11 03:00:48
124244754;10031317;2026-10-06 07:45;2026-09-11 03:00:48
124244754;10031317;2026-10-06 08:00;2026-09-11 03:00:48
124244754;10031317;2026-10-06 08:15;2026-09-11 03:00:48
124244754;10031317;2026-10-06 08:30;2026-09-11 03:00:48
124244754;10031317;2026-10-06 09:00;2026-09-11 03:00:48
124244754;10031317;2026-10-06 09:15;2026-09-11 03:00:48
124244754;10031317;2026-10-06 09:30;2026-09-11 03:00:48
124244754;10031317;2026-10-06 09:45;2026-09-11 03:00:48
124244754;10031317;2026-10-06 10:30;2026-09-11 03:00:48
124244754;10031317;2026-10-06 10:45;2026-09-11 03:00:48
124244754;10031317;2026-10-06 11:00;2026-09-11 03:00:48
124244754;10031317;2026-10-06 11:15;2026-09-11 03:00:48
124244754;10031317;2026-10-06 11:30;2026-09-11 03:00:48
124244754;10031317;2026-10-06 11:45;2026-09-11 03:00:48
124244754;10031317;2026-10-06 12:00;2026-09-11 03:00:48
124244754;10031317;2026-10-06 12:15;2026-09-11 03:00:48
124244754;10031317;2026-10-06 12:30;2026-09-11 03:00:48
124244754;10031317;2026-10-06 12:45;2026-09-11 03:00:48
124244754;10031317;2026-10-07 13:45;2026-09-11 03:00:48
124244754;10031317;2026-10-07 14:00;2026-09-11 03:00:48
124244754;10031317;2026-10-07 14:15;2026-09-11 03:00:48
124244754;10031317;2026-10-07 14:30;2026-09-11 03:00:48
124244754;10031317;2026-10-07 14:45;2026-09-11 03:00:48
124244754;10031317;2026-10-07 15:00;2026-09-11 03:00:48
124244754;10031317;2026-10-07 15:15;2026-09-11 03:00:48
124244754;10031317;2026-10-07 15:30;2026-09-11 03:00:48
124244754;10031317;2026-10-07 15:45;2026-09-11 03:00:48
124244754;10031317;2026-10-07 16:30;2026-09-11 03:00:48
124244754;10031317;2026-10-07 16:45;2026-09-11 03:00:48
124244754;10031317;2026-10-07 17:00;2026-09-11 03:00:48
124244754;10031317;2026-10-07 17:15;2026-09-11 03:00:48
124244754;10031317;2026-10-07 17:45;2026-09-11 03:00:48
124244754;10031317;2026-10-07 18:00;2026-09-11 03:00:48
124244754;10031317;2026-10-07 18:15;2026-09-11 03:00:48
124244754;10031317;2026-10-07 18:45;2026-09-11 03:00:48
124244754;10031317;2026-10-07 19:00;2026-09-11 03:00:48
124244754;10031317;2026-10-08 07:30;2026-09-11 03:00:48
124244754;10031317;2026-10-08 07:45;2026-09-11 03:00:48
124244754;10031317;2026-10-08 08:00;2026-09-11 03:00:48
124244754;10031317;2026-10-08 08:15;2026-09-11 03:00:48
124244754;10031317;2026-10-08 08:30;2026-09-11 03:00:48
124244754;10031317;2026-10-08 09:00;2026-09-11 03:00:48
124244754;10031317;2026-10-08 09:15;2026-09-11 03:00:48
124244754;10031317;2026-10-08 09:30;2026-09-11 03:00:48
124244754;10031317;2026-10-08 09:45;2026-09-11 03:00:48
124244754;10031317;2026-10-08 10:30;2026-09-11 03:00:48
124244754;10031317;2026-10-08 10:45;2026-09-11 03:00:48
124244754;10031317;2026-10-08 11:00;2026-09-11 03:00:48
124244754;10031317;2026-10-08 11:15;2026-09-11 03:00:48
124244754;10031317;2026-10-08 11:30;2026-09-11 03:00:48
124244754;10031317;2026-10-08 11:45;2026-09-11 03:00:48
124244754;10031317;2026-10-08 12:00;2026-09-11 03:00:48
124244754;10031317;2026-10-08 12:15;2026-09-11 03:00:48
124244754;10031317;2026-10-08 12:30;2026-09-11 03:00:48
124244754;10031317;2026-10-08 12:45;2026-09-11 03:00:48
124244754;10031317;2026-10-09 13:45;2026-09-11 03:00:48
124244754;10031317;2026-10-09 14:00;2026-09-11 03:00:48
124244754;10031317;2026-10-09 14:15;2026-09-11 03:00:48
124244754;10031317;2026-10-09 14:30;2026-09-11 03:00:48
124244754;10031317;2026-10-09 14:45;2026-09-11 03:00:48
124244754;10031317;2026-10-09 15:00;2026-09-11 03:00:48
124244754;10031317;2026-10-09 15:15;2026-09-11 03:00:48
124244754;10031317;2026-10-09 15:30;2026-09-11 03:00:48
124244754;10031317;2026-10-09 15:45;2026-09-11 03:00:48
124244754;10031317;2026-10-09 17:00;2026-09-11 03:00:48
124244754;10031317;2026-10-09 17:15;2026-09-11 03:00:48
124244754;10031317;2026-10-09 17:30;2026-09-11 03:00:48
124244754;10031317;2026-10-09 17:45;2026-09-11 03:00:48
124244754;10031317;2026-10-09 18:15;2026-09-11 03:00:48
124244754;10031317;2026-10-09 18:30;2026-09-11 03:00:48
124244754;10031317;2026-10-09 18:45;2026-09-11 03:00:48
124244754;10031317;2026-10-09 19:00;2026-09-11 03:00:48
124244754;10031317;2026-09-21 14:45;2026-09-11 03:00:48
124244754;10031317;2026-10-09 18:00;2026-09-11 03:00:48
124244754;10031317;2026-09-16 11:00;2026-09-11 03:00:48
124244754;10031317;2026-09-21 15:45;2026-09-11 03:00:48
124244754;10031317;2026-09-28 12:00;2026-09-11 03:00:48
